:020000040800F2
:1000000000220020852100088D6900087121000868
:1000100000000000000000000000000000000000E0
:100020000000000000000000000000006122000845
:100030000000000000000000F1210008494600080F
:10004000B1230008B1230008B1230008B123000840
:10005000B1230008B1230008B1230008B123000830
:10006000B1230008B1230008B1230008B123000820
:10007000B1230008B1230008B1230008B123000810
:10008000B1230008B1230008B1230008B123000800
:10009000B1230008B1230008B1230008B1230008F0
:1000A000B1230008B1230008B1230008B1230008E0
:0C00B000B1230008B1230008B1230008B0
:1000BC0002B4714649084900095649008E4402BCF5
:1000CC007047C04602B4714649084900095C4900B2
:1000DC008E4402BC7047C046002934D00123002254
:1000EC0010B488422CD301242407A14204D28142AB
:1000FC0002D209011B01F8E7E400A14204D28142BB
:10010C0002D249005B00F8E7884201D3401A1A4337
:10011C004C08A04202D3001B5C0822438C08A0426E
:10012C0002D3001B9C082243CC08A04202D3001B24
:10013C00DC082243002803D01B0901D00909E3E79E
:10014C00100010BC704701B5002000F05FF802BD34
:10015C000029F8D003B5FFF7C1FF0EBC4243891A42
:10016C001847C046002941D010B404004C40A446A6
:10017C0001230022002900D54942002800D5404225
:10018C0088422CD301242407A14204D2814202D2FA
:10019C0009011B01F8E7E400A14204D2814202D21A
:1001AC0049005B00F8E7884201D3401A1A434C0817
:1001BC00A04202D3001B5C0822438C08A04202D34D
:1001CC00001B9C082243CC08A04202D3001BDC0875
:1001DC002243002803D01B0901D00909E3E71000D2
:1001EC006446002C00D5404210BC704701B500207D
:1001FC0000F00CF802BDC0460029F7D003B5FFF79C
:10020C00B3FF0EBC4243891A1847C0467047C0461C
:10021C001C2101231B04984201D3000C10391B0A2A
:10022C00984201D3000A08391B09984201D30009EE
:10023C00043902A2105C40187047C0460403020245
:10024C0001010101000000000000000041420840D3
:10025C001C2101231B04984201D3000C10391B0AEA
:10026C00984201D3000A08391B09984201D30009AE
:10027C00043902A2105C401A7047C0461B1C1D1D9D
:10028C001E1E1E1E1F1F1F1F1F1F1F1F002B11D1E5
:10029C00002A0FD1002900D1002802D00021C94327
:1002AC00080007B4024802A14018029003BDC046E2
:1002BC005DFFFFFF03B4684601B5029800F053F8E8
:1002CC00019B9E4602B00CBC7047C046D0400B0050
:1002DC00D1409C46203AD340184352426346934047
:1002EC00184370479140030090409C46203A93403D
:1002FC00194352426346D3401943704710B5002945
:10030C0003D1FFF785FF203002E00800FFF780FFE4
:10031C0010BDC0460023C25C0133002AFBD1581E1D
:10032C007047F7B5040C0D0091B20F0061438C4679
:10033C000600019383B2100C5F43444358433B0CBB
:10034C0060441B18994202D9802149026418019912
:10035C0055437143180C04191B04BFB24919D81921
:10036C00091903B0F0BDF0B506000F0015001C0014
:10037C0085B08B4263D801D1824260D8210028001D
:10038C00FFF7BCFF390000903000FFF7B7FF009B70
:10039C0021001B1A1A0028000393FFF7A3FF0090FB
:1003AC000191B94245D801D1B04242D8009B019C81
:1003BC0001200021039AF61AA741FFF793FF0400CE
:1003CC000D00039B002B2BD0019B009ADB075008E0
:1003DC001843019B5908039B9C46B9422CD801D168
:1003EC00B04229D832003B00121A8B4101269218D8
:1003FC005B410027B6185F4101235B429C44634676
:10040C00002BEAD130003900039AFFF75FFF039A03
:10041C00A4197D4106000F00FFF764FF241A8D41DB
:10042C000A9B002B01D01E605F602000290005B0E4
:10043C00F0BD00240025C4E7B6197F41DCE7002499
:10044C000025EDE770B50C4805F012FC002500F016
:10045C00EFF800F0E1FE07F029F900236422FFF722
:10046C0015FF0400431B632BF5D900F049F8250058
:10047C0000F0CEF8EFE7C0461E83000810B5074B1E
:10048C001A78D8795978904202D15879884204D098
:10049C0003485971DA7100F0D3FE10BDB801002089
:1004AC00BD01002010B5034B01211871024805F065
:1004BC000CFF10BDB80100204001002010B501292F
:1004CC0009D10A0082401000034B1A7842400348BD
:1004DC001A7005F0FAFE10BDB80100204001002092
:1004EC0010B50100044B180007F01CF9012103485A
:1004FC0005F0EBFE10BDC046C006002040010020F8
:10050C00002210B53B4C23792271A278012B30D0FC
:10051C00022B37D0A378012B08D90121364805F0DE
:10052C00D4FEA378022B36D0032B42D0E378012BD8
:10053C0008D90121304805F0C8FEE378022B42D0DF
:10054C00032B49D000212D4805F0BFFE00280FD009
:10055C00237A1818031CC0B2F02845D9284B1B78F5
:10056C002848237200F0FEFE0121234805F0ADFE61
:10057C0010BD002A03D0012ACCD1022300E00323B2
:10058C00A370C7E7E278002A03D0012AC2D1E37036
:10059C00C0E70323FBE723781A48E3710123A37117
:1005AC0000F0C2FEA3781848023BA37005F060FB74
:1005BC00BCE700231348A37100F042FEA378134854
:1005CC00023BA370F2E70023A278E370013363705F
:1005DC00002AB7D16371B5E70123E3700023637080
:1005EC00A378002BAED1F5E7DAB2282AB8D22823AB
:1005FC00B6E7C046B801002040010020C00600202C
:10060C0042830008BD010020328300083A830008B1
:10061C0010B500220121044807F071F8002802D01F
:10062C00024800F09FF910BD40010020B8010020E5
:10063C0070B500F01DFA00211B4804F05DFF1B484B
:10064C0000F052F81A4805F013FB1A4805F010FB9D
:10065C00194800F0A7FD194D1949280005F03AFF7B
:10066C00184C1949200005F035FF290000221748C5
:10067C0000F0A4FD01222100154800F09FFD154853
:10068C0000F0FAFC144800F039FC3221134800F059
:10069C004BFB0221124800F089FBFFF7B9FF114810
:1006AC0005F0E6FA70BDC046204E000085830008B8
:1006BC00438300085C830008BD010020BC060020B9
:1006CC00447B0008B8060020607B0008A8060020C8
:1006DC009806002089040008C9040008B104000829
:1006EC00ED0400086C830008F0B585B0039000F0B1
:1006FC00E9F90398FFF70EFE2723050000245B425F
:10070C004343029326001C482D2C00DD2D26192373
:10071C00B60000931422062130585B3305F0F8FD27
:10072C00262C13DC00F08AF90021144804F0E4FEB6
:10073C00029B01345B190293382CE3D10021104841
:10074C0004F0DAFE00F0BEF905B0F0BD11210298FC
:10075C00FFF708FD461CAE4200DD2E000027B74215
:10076C00E0D00621039B7943D85D0023C9B21A005F
:10077C0000F000FA0137F2E7787E0008E40C000084
:10078C00A08601007FB5040005F0B1FD0500234EE5
:10079C00237A32000821684605F08AFA2B003200D1
:1007AC00082102A805F084FA002110230800252254
:1007BC0005F0E1FD012300221900194805F00DFE9A
:1007CC00102325222021002005F0D5FD0123202215
:1007DC001900144805F001FE112325220E210420D6
:1007EC0005F0E2FD112325222E21042005F0DCFD6D
:1007FC00207A05F06EFD0600280005F06AFD040065
:10080C003100684600230E2205F0E7FD00232E225E
:10081C00210002A805F0E1FD7FBDC04689D3000888
:10082C008C83000891830008F0B50678040085B02D
:10083C00002E00D11036214D10232A0008216846C5
:10084C0005F036FA2A003300082102A805F030FA28
:10085C00022312222021302005F08DFD10231422BA
:10086C000A21302005F0A0FD102314222521302070
:10087C0005F09AFD63786D4602AC002B01D0250083
:10088C006C46280006F0BCFF3027092800DC053731
:10089C00200006F0B5FF3026092800DC05363900AB
:1008AC00280000230A2205F098FD002325223100A0
:1008BC00200005F092FD05B0F0BDC04689D30008BC
:1008CC0013B50400102350200A220C2105F06CFDF6
:1008DC00A3790648002B00D00548102300930C2266
:1008EC005021063B05F014FD13BDC04638C7000867
:1008FC0058C7000807B542781023002A07D00648CD
:10090C000093063B2622502105F002FD07BD009303
:10091C0002480A23F6E7C04618C70008F8C60008C4
:10092C00F7B506000024032733783A1B1341012244
:10093C002501134002210A4AEDB201A805F0B8F9CD
:10094C00102308222900702005F02EFD013400230D
:10095C002A00702101A805F040FD042CE4D1F7BD5C
:10096C0089D300081FB50100EFF3108472B6092279
:10097C0001A806F034FF002C02D162B6BFF36F8FD2
:10098C00234B244C1A78002A18D0002201A81A7084
:10099C00FFF7F8FE01A8FFF747FF01A8FFF790FF4C
:1009AC0001A8FFF7A7FF01A8FFF7BAFF00F046F870
:1009BC000922200001A906F012FF1FBD6B469A7A8E
:1009CC00A3799A4202D001A8FFF77AFF6B465A79B5
:1009DC0063789A4205D001A8FFF78CFF01A8FFF7B6
:1009EC00D1FE6B461A7B237A9A4202D001A8FFF7FC
:1009FC00C9FE6B461A7923789A4205D001A8FFF7F5
:100A0C008FFF01A8FFF7BEFE01A8FFF70DFFCDE792
:100A1C00C1010020EA0800207FB500200BAB059334
:100A2C000393054B0122029301900300009001F007
:100A3C0017F807B000BDC04678C7000810B586B0DF
:100A4C0000F03CF880230200DB000393064B00927D
:100A5C0004938023002205480593836811009C6849
:100A6C0003ABA04706B010BD80004000987B000887
:100A7C001FB50F4C200006F03FFC00280CD10D4B8D
:100A8C00019002930090030001220B49FFF7C4FF71
:100A9C001320404204B010BD00F014F8FFF7CEFF55
:100AAC00A3685B68002B01D0200098470020F1E779
:100ABC00987B000878C70008B87D0008004870478C
:100ACC00F3080020802210B500210248D20006F065
:100ADC008FFE10BDF308002043B230B5002B0EDBA7
:100AEC003F290CD80725CC08064BE40129401B19DB
:100AFC00063D8D401C5C002A02D02C431C5430BD9A
:100B0C00AC43FBE7F3080020F0B585B000910293ED
:100B1C0011210023164C01920A005A431519A25CAC
:100B2C00824221D12C000025631C5F5D029B002BAF
:100B3C0001D0FF43FFB20026019B5B19DBB203938C
:100B4C00802232413A40531E9A41009B03999819D6
:100B5C00D2B2C0B20136FFF7BFFF082EF0D101357B
:100B6C00102DE1D105B0F0BD01335F2BD4D1DAE704
:100B7C0078C90008F0B587B0049305230024012739
:100B8C0043430392104A02919B180193019B1E5DF3
:100B9C00049B002B01D0F643F6B20025029B1B19D7
:100BAC00DBB2059332002A41039B059859193A4050
:100BBC00C9B20135FFF790FF072DF3D10134052C95
:100BCC00E4D107B0F0BDC046FDC6000870B506F014
:100BDC006DFD64220023FFF759FB02000B0015008A
:100BEC001E001D4C206861682D1A8E41002E02DCFF
:100BFC0024D1012D22D919482260636005F001FC33
:100C0C000400174805F0FDFB6300034315485BB275
:100C1C000278154992001A43D2B28A5613490370CE
:100C2C00134B0C681B6812190A609A4207DB0023ED
:100C3C000B60104B01201B68002B0BD170BD5B426D
:100C4C009A42FBDC00230B600A4B1B68002BF5D08F
:100C5C00012040429847F1E728020020407F00081D
:100C6C00387F0008F30C0020F7CF0008C4060020E2
:100C7C00C8060020CC06002010B5064B1A78002AB6
:100C8C0007D000221A70044B1B68934201D001203C
:100C9C00984710BDF40C0020D0060020F7B506F0E4
:100CAC0005FD64220023FFF7F1FA02000B00160089
:100CBC001F001649088816490C684D68361BAF4151
:100CCC00002F01D1B04215D812480A604B6005F0D4
:100CDC0098FB00280ED0104C10482378002B0AD01B
:100CEC0006F0F4FC002323700D4B1B68002B01D085
:100CFC0002209847F7BD01232370002200230092A5
:100D0C0001930023074A04F047FFF3E7E8080020AB
:100D1C0068020020307F0008F40C00203002002014
:100D2C00D006002030750000F8B506000F00012435
:100D3C00002823D0144D280006F0DEFA00281FD01E
:100D4C000022124B12491E60124B13481F80134B8A
:100D5C001A7006F0AFFC124E300005F066FB041E54
:100D6C000CD1300005F07DFB041E07D10D490E4B54
:100D7C0028004B6002238B6005F088FB2000F8BD37
:100D8C0001246442FAE7C046B87A0008D006002075
:100D9C00850C0008E808002030020020F40C00202C
:100DAC00307F0008D4060020A90C0008F7B5050018
:100DBC000E00012400280AD0274F380006F09CFAB8
:100DCC00002806D12548012404F052FF644220007B
:100DDC00FEBD234B1800019306F08EFA002801D1BA
:100DEC002048F0E70022204B1D60204B1E60204E57
:100DFC00204B30001A6005F018FB041EE7D11E4D85
:100E0C00280005F012FB041EE1D1300005F0F9FAC0
:100E1C000400280005F0F5FA6400184B0443300078
:100E2C001C7005F01EFB041ED1D1280005F019FB27
:100E3C00041ECCD1124D1349134B01224B606B6035
:100E4C00802338001B028A60AB6005F01FFB290071
:100E5C00019805F01BFBBAE7B87A0008C7CF000869
:100E6C000C7B0008DFCF0008CC060020C806002051
:100E7C00407F0008C4060020387F0008F30C0020D7
:100E8C00E0060020EC060020D90B0008030070B52A
:100E9C000C00DA88197940231A40006822438368D1
:100EAC009C69002C06D0B025044B6D0413402A40DD
:100EBC00A04770BD58204042FBE7C04640000006EA
:100ECC00030073B5183B040018681D790669836824
:100EDC0001A95B68984700280CD101213268019B5D
:100EEC0053400A00AA401A4204D1034B30342078F4
:100EFC001B68984773BDC046F8060020F0B58DB04E
:100F0C00002800D188E0454F00263C00444B186077
:100F1C00206806F0F1F900280CD1424B0122029313
:100F2C004149030003960190009005F0C0FA132587
:100F3C006D4233E0802120008903FFF7A7FFE3888F
:100F4C00206807938023079A5B02134321790B9344
:100F5C0001258D4083689C4603691A6808930A92A0
:100F6C00AA4309920122079B134202D00A9A2A43F0
:100F7C000992089B099A1A6063460B9A1B6898475A
:100F8C00051E0ED02849294B04900396002002938D
:100F9C00012203000190009005F089FA28000DB0A1
:100FAC00F0BD20002249183006F078FA012210001A
:100FBC0023792100984003001E482361E0602068DB
:100FCC0008318368DB69002B00D098470136503418
:100FDC00042E9DD10021E826174804F08DFA002438
:100FEC00F60431003800FFF751FF0F49051E03D0FE
:100FFC00124B04900394C9E73B7903220493104BE2
:10100C0003940293019003000090013405F04FFA11
:10101C005037042CE5D1C1E7162589E700000020E4
:10102C00F806002007D00008A87D000820D0000892
:10103C00CD0E0008A96400081027000040D000085D
:10104C0067D0000810B58278002A00D110320178E0
:10105C00C378002906D01821534359430448FFF79D
:10106C003BF810BDC0210348490050435943F6E7F3
:10107C000070383900879303014B18607047C046E5
:10108C0008070020F7B505F045FA3D4C01902368A0
:10109C00002B60D05A7B002A5DD09B68C31A5AD4AF
:1010AC0003F09CFB374B1B68002B1AD03F21C31A53
:1010BC00DF17FD170D401E002A000023B6185F41F4
:1010CC00314BBA061968B60932438A4200DA1A6003
:1010DC002E4B19688A4200DD1A602D4A13680133C1
:1010EC001360284B2A4F1860F0233A685B009A4231
:1010FC000ED3264D244E236826485B682A68316837
:10110C0005F02FFB244B336001332B6000233B6035
:10111C002368186805F0ECF923689A685968521826
:10112C009A60EFF3108172B62268137B0133DBB245
:10113C001373002902D162B6BFF36F8F23681A7B39
:10114C005F2A08D9154A1268002A04D000211973A5
:10115C00187BC0B29047124C2368002B0ED05A7BE0
:10116C00002A0BD09A6801998A1A07D4186805F0DE
:10117C00BFF923689A68596852189A60F7BDC0463F
:10118C001007002000070020480100204401002027
:10119C00FC06002089D00008FFFFFF7F0807002015
:1011AC000C070020002803D0034B18600020704768
:1011BC0016204042FBE7C0460407002010B5041E71
:1011CC001ED000291CD0002301600373437383607D
:1011DC009A420CD118210C4B0C481B68DB785943F4
:1011EC00FEF77AFF0A4B60601C60002010BD012ADC
:1011FC00FBD1054B1868FFF725FF064B6060F3E742
:10120C0016204042F2E7C0460407002000879303F3
:10121C00100700200C07002013B5074C00222000FB
:10122C00064906F047FA642200232000009201933D
:10123C0004F0B2FC13BDC046700200202D650008FE
:10124C00F0B5040085B0002833D04378DAB20292AE
:10125C00002B2ED1304E314F3368386000935B7BBE
:10126C002F4DDAB203922A680192002B23D0FFF79C
:10127C00E9FE019B029A00901A7305F04BF90400E9
:10128C003868FFF7DFFE2B6824189C60EFF310839F
:10129C0072B62A6800995160002B02D162B6BFF376
:1012AC006F8F3368186805F029F92B68186805F0FA
:1012BC0025F905B0F0BD0123009A5373019A5373BD
:1012CC00C178173359431748FEF706FF02902000E8
:1012DC00FFF7B8FE009A03990190117305F01AF903
:1012EC003B680090D97818230E485943FEF7F4FE5A
:1012FC00009B3468C018A06005F00CF90400386835
:10130C00FFF7A0FE2A68029933682418946059608C
:10131C0001995160C6E7C046100700200407002061
:10132C000C0700200087930310B5002812D04378D7
:10133C00002B0FD00022084B084C1860084B21687A
:10134C001B685A734A73186805F0DEF8236818682E
:10135C0005F0DAF810BDC046040700200C07002089
:10136C0010070020F8B5041E32D01821194B186054
:10137C00C37819485943FEF7AFFE05002000FFF76C
:10138C0061FE0400EFF3108372B6144F3A68556097
:10139C00002B02D162B6BFF36F8FEFF3108372B6DE
:1013AC000F4E32685460002B02D162B6BFF36F8FC0
:1013BC0005F0B0F83A682D1893685B1B002B00DD24
:1013CC0095603268241893681B1B002B00DD946019
:1013DC00F8BDC046040700200087930310070020C7
:1013EC000C070020F0B597B0059304230B921A401C
:1013FC000B9B0A92DA0807231A40013207001C9D46
:10140C0003910D92820700D0C5E1041D002804D081
:10141C00072909D81C20404254E1039A1A401300B2
:10142C00A4180822D31A0393059B0426013B0693A8
:10143C00002309930C9304930293013B07930196A9
:10144C00002F01D0059B23600D9B002B00DDF1E0EC
:10145C009D4B059A9A4203D39C4B9A4200D2E9E0E9
:10146C000B99E21B9308890700D50DE1049A0F2A0A
:10147C0000D9BBE0002F00D10EE104990EAA535401
:10148C000A00079912AB99540C9B01330C93F4E0AE
:10149C0008260196069B01330693069B9878002834
:1014AC0000D105E1029B002B08D12528F2D1079B26
:1014BC0001330793012302930426EAE77A284AD8DA
:1014CC004B280ED8472846D829282CD825283FD079
:1014DC0041D82028DED0233843425841C3B202936E
:1014EC00D8E74C382E2836D8FEF7E2FDD435353502
:1014FC00353535353535353537353535353535358E
:10150C003561353737616161D437D235D435183709
:10151C0018353579E63735353735E600002308932D
:10152C000426029327E0012213002A38C0B283401C
:10153C0067490B42AED1E2211800890508400B42E5
:10154C0035D11900114002911342A3D0089013E039
:10155C00079B013B07930023C1E70022069B0892DF
:10156C005B7802926C2B07D10426069B01961B78A4
:10157C006C2B01D1B6190196013CA0193100FEF774
:10158C00ABFD70430400002F3BD0019B039ADB1B87
:10159C001B18934200D93DE7089B002B41D1019BBE
:1015AC00042B20D108CD03600423043415E007215B
:1015BC0007358D4364188C430CCD002F08D00131B6
:1015CC00C91B03980919814200D923E72260636083
:1015DC000023082602933300083401935AE7029B38
:1015EC00089300239CE7019B082B01D0162012E7DF
:1015FC00072307359D430CCD026043600823083454
:10160C00EBE7089B002B0CD1019B042B01D104357B
:10161C00CAE7019B082BE9D10735013B9D430835EF
:10162C00ECE7069B023306930D9B013B0D9308CD13
:10163C00059305E70B9B9B0722D50121E21B930821
:10164C00802080008242D1D2049A0F2ACED8002F5B
:10165C001CD00498DBB20EAA13549C46079B12AA0A
:10166C001354002900D10FE78022634652421343E2
:10167C000EAA1354099B01330993049B0133049361
:10168C00069B0434013B07E70021D9E7002903D06E
:10169C00039B01330393F0E7039B023303930A9BF1
:1016AC00002BEAD10598FEF735FE039B1B18F1E7DA
:1016BC008022E31BD200934298D2002F0AD10398C8
:1016CC000838C01817B0F0BD5479000868DB000862
:1016DC00DAFF00009B08302238603B706B469B1889
:1016EC000A9A1B78002A0BD0FB70099BBB70002B4D
:1016FC001BD100250EAE049BAB421BD1E01BE1E7D6
:10170C007B70F2E70EADED560EA9595C002D07DA91
:10171C00039E15190140B54200D97BE621700134B6
:10172C00013304999942EDD1E3E7012200237F2094
:10173C00D21BF6E7099B002B02D033787F2B1BD8EA
:10174C000A9B002B1BD012ABEB5C237000230134E3
:10175C0001930123019ADB1B1B199B18039A9342DB
:10176C0000D957E63378019A23700134200005998B
:10177C0006F035F8019B1C1901350136BBE73378AF
:10178C009B00FB181A6805920A9A05981A60FEF7D6
:10179C00C1FD431CDCE70E203DE6C046014B186042
:1017AC007047C0464C010020F7B504000D001E0028
:1017BC00019203F0E1FE030000F004FE054F32003D
:1017CC003B5001992800A04700F0FCFD385800F070
:1017DC00EDFCC04608000000802102200A4B0905E0
:1017EC00DA6B82B00A43DA63DA6B0A40074901927A
:1017FC00019A4A68824300204A60DA6B04490A4025
:10180C00DA6302B07047C046001002400058014035
:10181C00FFFFFFF780230D4A9B00116882B00B433A
:10182C00012113600A4B0B4A1A600B4B1A6C0A43CA
:10183C001A641B6C094A0B400193019BC02311686D
:10184C00DB000B43136002B07047C046002002401F
:10185C00A80100200024F400001002400000014008
:10186C00F0B585B001903048039104F090FF051E4F
:10187C000AD1060001272D4C2D4B9C4206D3019B0F
:10188C00002B01D0002E21D105B0F0BD237B002B05
:10189C0011D02368DB68002B01D0200098476368C7
:1018AC009F7123681B69002B08D1636804222000F8
:1018BC00196804F088FF01351034DDE720009847E3
:1018CC000028F2D03B00AB401E43F4E73700300059
:1018DC00FEF7BCFC01238340DA43144D04019E4304
:1018EC002B1901931B7B0292002B0CD063591B69A3
:1018FC00002B14D1029B2D191F406B680422196810
:10190C00019804F060FF002EE1D1039B002B04D062
:10191C00FA200021800003F0EFFD3E00B2E70198B1
:10192C0098470028EFD1E5E71C070020607E0008EF
:10193C00707E0008014B8000C0587047487F00083B
:10194C00030010B50800002B05D0044A136000F00A
:10195C007BFA002010BD16204042FBE7500100200E
:10196C000023FA210B4A10B513700B4A890013603F
:10197C000A4A0B481360FFF7E3FF0A4B0A491800A9
:10198C008B4200D310BD1A1A5C68121101322271FD
:10199C001033F5E7F50C0020140700201807002081
:1019AC008B670008607E0008707E000870B50C4DD7
:1019BC002978002908D10120FFF752FF094C0A4B66
:1019CC009C4202D301232B7070BD63685B79002BA2
:1019DC0003D0236820009B6898471034EFE7C0467B
:1019EC00F50C0020607E0008707E000810B5040025
:1019FC00044804F0CCFE002C03D00121024805F071
:101A0C009EFE10BD140700201807002070B50A4B6D
:101A1C0005001B689847094CA860094B9C4200D3F1
:101A2C0070BD63685B79002B04D02368290020000B
:101A3C001B6898471034F0E750010020607E0008C6
:101A4C00707E0008044B054A00209B1ADB08994263
:101A5C0001D2C90088587047607E0008A87D000834
:101A6C00F0B589B004AF3E6B0400150079603B60A3
:101A7C00002E1CD07B6B1021FB60009300203300E8
:101A8C00FA6AFFF7AFFC802301001B0198420FD3C9
:101A9C0000201D4B022203931C4B1D490293019005
:101AAC000300009004F0B3FEBD4605B0F0BD31005C
:101ABC000722230015401340DB00AD011D434B02F0
:101ACC001D43BC6ABB6A17341B051D436318934343
:101ADC000333043A93430733D34093406A46D31AF3
:101AEC009D4604AC002E07D020007B6B1030009379
:101AFC00FA6A3300FFF776FC2A0020003B6879680D
:101B0C0004F06CFED0E7C046FF070000F1D00008DF
:101B1C00F87D00084068002804D0044BC01AC008A7
:101B2C0000B2704701204042FBE7C046A87D000888
:101B3C000EB417B5054C05AB04CB01002000019386
:101B4C0000F092FD1EBC08BC03B018475768000893
:101B5C0010B5CB0604D4890603D50349FFF7E8FF7B
:101B6C0010BD0249FAE7C0462AD1000829D1000865
:101B7C00F0B591B0079317AB1B7807000C000692D9
:101B8C000593002B00D1B4E002251B9B1B9A1D4032
:101B9C0001231A400C921B9A07331A4008921B9A85
:101BAC00F8331A400992002604F00BFE0200B042F2
:101BBC0004D038009049FFF7BBFF0600002D09D078
:101BCC0044231B9A1A4235D1220038008B49FFF767
:101BDC00AFFF36180C9B002B0AD0059A884B92004D
:101BEC00D258002A00D1874A38008749FFF7A0FF56
:101BFC00099B002B5AD0089B002B77D11C00069B0D
:101C0C00002B05D01A0038008049FFF791FF040023
:101C1C00189B7F48A419002B00D0BEE01A9B002B08
:101C2C0074D11B9BDB0700D5E0E038001B99FFF754
:101C3C008FFFBEE00020774B1D688542C9D0764BE4
:101C4C0020001968FEF748FAFA242900FEF780FAFA
:101C5C00A40061430A9008002900FEF779FA0E915E
:101C6C00E1210D9009010A98FEF772FA0B910B987D
:101C7C003C21FEF731FAE1210F9009010A98FEF799
:101C8C002BFA0A900E9829006043FEF725FA0D9B5B
:101C9C0002903C210B980193FEF75AFA3800009100
:101CAC000F9B0A9A5D49FFF743FF92E7089B099C3B
:101CBC00002B08D0059A5A4B920038005949D2583B
:101CCC00FFF736FF0400069B002B05D01A003800E6
:101CDC004E49FFF72DFF2418079B002B98D01A00B4
:101CEC0038005149FFF724FF241891E7002307938C
:101CFC00E0E7079B4D48012B00D14548189B059CFC
:101D0C00002B4AD11A9B002B53D000241A9E102E64
:101D1C0000D9102638001B99FFF71AFF0025AC429A
:101D2C0052DC199B38001A784149FFF701FF012555
:101D3C0007231D4203D138003E49FFF7F9FEAE429E
:101D4C0048D9199B38005A5D3949FFF7F1FE013526
:101D5C00102DEDD1002538003749FFF7E9FE2B0097
:101D6C00199AD25C1300203B5E2B00D92E2238002E
:101D7C003249FFF7DDFE0135102D30D007231D420F
:101D8C0003D138002B49FFF7D3FE2B00AE42E7D826
:101D9C0038002849FFF7CCFEEDE7189B3A0028499C
:101DAC0004F0A9FC1A9B002BB0D1059B002B00D092
:101DBC0037E77A68B9680CCA386804F037FD002236
:101DCC007B681A6011B0F0BD38001A49FFF7B0FEFD
:101DDC000135A4E738001B49FFF7AAFEB7E7199BAA
:101DEC009B1919931A9B9B1B1A93DCE73800054A25
:101DFC000549FFF79DFE18E731D1000835D10008E1
:101E0C00587F00082CD100085AD100085DD1000879
:101E1C005768000824070020200700203ED1000846
:101E2C006C7F000861D1000867D100086F6800085A
:101E3C006CD1000874D1000876D1000878D1000864
:101E4C007526000872D10008012310B500211C0072
:101E5C00074A904207D8074A002900D10123136092
:101E6C00054B186010BD210040085B00F1E7C0462F
:101E7C0040420F00200700202407002070B50D0001
:101E8C0004004618B44201D1280070BD21780348E3
:101E9C00013483685B689847F4E7C046287B0008E8
:101EAC00014B036000207047B47F000810B5034A53
:101EBC0003480021121A04F046FD10BDFC0C002052
:101ECC00280200200648074A10B5121A064904F0E9
:101EDC003EFD064A06480749121A04F038FD10BDAB
:101EEC00000000202402002068DB00080000002015
:101EFC000000002068DB0008F0B507000D0087B07B
:101F0C00002939D000248B68264E05934B6801229A
:101F1C0004930B6820000393234B3100029301942C
:101F2C002300009404F017FD6B69012205932B69C3
:101F3C0031000493EB68200003931C4B0194029333
:101F4C000094230004F007FDEB6901220393184B66
:101F5C0031002000029301942300009404F0FBFC58
:101F6C00AB6901220393134B310002932000230031
:101F7C000194009404F0EFFC012F0DD1EFF30583D5
:101F8C000020103B03930C4B3A00029305490300CD
:101F9C000190009004F0DFFC2900380002F0B2FC44
:101FAC0007B0F0BD207E0008B5D10008E4D10008D0
:101FBC0013D2000822D2000850D2000830BFFDE72F
:101FCC00F7B50A4B0A4D0600EF18CC1B2A0020006F
:101FDC000849019305F003FC60190021019A05F0F2
:101FEC0007FC3800083C34670830FEBD08000000D0
:101FFC0000000000707E000810B5074B5A699B6802
:10200C009A4205D08023054A5B0551680B43536007
:10201C0002F0FEFF10BDC046B408002000ED00E049
:10202C00F0B53E4B91B05F680400FB05DB0D0793E8
:10203C0062B6BFF36F8F3A4E130EFF2B0DD1F33BED
:10204C001340082B4AD10020364B01220293310059
:10205C0003000190009004F099FC00252C00079BD4
:10206C00032B41D10020304B01220293310003009D
:10207C000190009004F08AFCA3692C4A934202D38D
:10208C002B4A934205D32B4A934241D32A4A93427B
:10209C003ED2023B1A88294B9A4239D10020236840
:1020AC0031000393264B0122029301900300009010
:1020BC0004F06CFC26682022210008A805F08FFB98
:1020CC000F9B002D26D0DA0502D11E4A13430F9325
:1020DC00300008A9FFF710FF11B0F0BD0125120761
:1020EC00BDD50C000025BAE7F8235B00164A1F4249
:1020FC0000D0164A0020079B0392103B0493144B0C
:10210C0001220293310003000190009004F03EFC88
:10211C000026D0E75B0A5B02D9E7C04600ED00E081
:10212C00207E000891D20008BCD20008BC00000838
:10213C004C790008000000200000002002DF0000A5
:10214C00D3D20008FF01000063D2000878D2000847
:10215C00EFD200080821024A53698B435361704740
:10216C0000ED00E0EFF30880EFF3098101B5724652
:10217C00FFF756FF01BDC046094880F3088872B6C8
:10218C0008480949401880F30988EFF314800221AC
:10219C00084380F31488BFF36F8F04F00CFC00002D
:1021AC0000220020001100200008000010B50A4B8E
:1021BC009B6883420DD1EFF30583002B09D080225D
:1021CC00064B520559680A435A605A6A04490A4038
:1021DC005A6203F0D7F910BDB408002000ED00E0FE
:1021EC00FF7FFFFF15498A6815481044EFF3098CEF
:1021FC00F0C043464C4655465E466746F8C072B63C
:10220C00104F114E4A698A603E60104C14192068B8
:10221C000F4C2060506F00235367002800D162B62A
:10222C00074C10191030F8C89846A146AA46B34678
:10223C00BC462438F0C88CF309887047B4080020D9
:10224C003000000004ED00E0000000087000000009
:10225C004C07002004207146014202D0EFF30980A4
:10226C0001D1EFF308808169023909780229FFD086
:10227C0001B5724604F07EFB01BDC04643B20006B8
:10228C0005D41F221A4001239340014A1360704762
:10229C0000E100E030B5FF2503220B00290040B21D
:1022AC000240D20091409B012B40C943934000282F
:1022BC000ADBC0240A4A800880008018A400025956
:1022CC000A401343035130BD0F2210400838054A11
:1022DC00800880008018C26911401943C161F2E77F
:1022EC0000E100E000ED00E0FF22044B9343044AC0
:1022FC009360BFF34F8FBFF36F8F704700000008E0
:10230C0000ED00E010B5203A1360029B01245360ED
:10231C00039B06499360049BA143D36080235B0419
:10232C00D361002391610265436710BDB5170008A6
:10233C0070B50B4B15009860026F0A4B0E001A60BB
:10234C002C1C86F309880020034B9847201C002185
:10235C0000220023014C2047DF690008B517000854
:10236C00B40800204C0700201022014B1A61704762
:10237C0000ED00E0F0B5C02400220326FF25A400E8
:10238C0010002F003040C0008740054993089B0087
:10239C005B1819590132B94319511F2AF0D1F0BDFC
:1023AC0000E100E010B5EFF30583054A103BDB00BC
:1023BC00D118496898588847FFF71EFE10BDC046D3
:1023CC00D07B000801480068704700004C070020D3
:1023DC0010B50121024B034A034800F083F810BDED
:1023EC000040022000000020B47F00081FB5FF242D
:1023FC00104A13681B0A2340013B98420ED90390E4
:10240C0000200D4B019002930090030001220B4918
:10241C0004F0FDFA1620404204B010BD90600B6829
:10242C00A343102403432343D360012389680B4344
:10243C001361F1E790ED00E006D30008187E000868
:10244C00F0B51400050000268BB004910593049B95
:10245C009E4215DA686800282AD0059B002B17D0FD
:10246C00431E03420FD00020134B01220293134949
:10247C00030003960190009004F0C9FA16246442FC
:10248C0020000BB0F0BDFF28EDD92A681A42EAD122
:10249C002B68AF68079304F0A9FA07A90743E0B2C9
:1024AC000997FFF7A3FF030004001633E6D00134AD
:1024BC0001360C35CBE7C0462CD30008187E00083B
:1024CC000522034B5A60BFF34F8FBFF36F8F7047DA
:1024DC0090ED00E0BFF35F8F0022014B5A60704714
:1024EC0090ED00E010B5034C01232278FFF7A8FF14
:1024FC00207010BDF70C0020F0B5FF26534C544F44
:10250C0023683D681B0A87B033409D4200D99BE08D
:10251C00FFF7E0FF7968002210200127954219D1BE
:10252C004C4F02A83D70FFF7BBFC002301900093B9
:10253C00009A019B934219D1FF2100203A7823681D
:10254C001B0A0B409A4200DA7AE0FFF7B9FF002031
:10255C0007B0F0BDA2600B68B34313430343E360C1
:10256C008B6801323B4323610C31D7E78021009B00
:10257C0009041A01029B9B18DA68120D12058A4293
:10258C0043D00ED8802189038A4230D08021C903E0
:10259C008A4233D0802149038A4215D0009B0133F3
:1025AC00C5E7802189048A4237D0802149058A42B7
:1025BC003BD0802149048A42F0D198685E681D683E
:1025CC0004F014FA882326E098685E681D6804F00D
:1025DC000DFA214B1843059003A9387803960495FE
:1025EC00FFF704FF002827DA16204042B0E798686E
:1025FC005E681D6804F0FAF9184BEBE798685E68A2
:10260C001D6804F0F3F9164BE4E798685E681D68E2
:10261C0004F0ECF982235B04DCE798685E681D68C3
:10262C0004F0E4F98023DB02D4E798685E681D6847
:10263C0004F0DCF90B4BCDE73B7801333B70ADE795
:10264C00A260206101327AE70120CEE790ED00E034
:10265C00C07F0008F70C002000000B1100000811CF
:10266C000000020600000211F0B587B007000E0052
:10267C0014000021102268461D0005F0B9F86A46C6
:10268C0002239370054B2A0021006846019304979E
:10269C00059603F0B1FB07B0F0BDC046396A0008DF
:1026AC0010B5024B1B689847002010BD5007002046
:1026BC00034B044A1860022391780B4393707047C4
:1026CC00500700205C010020072310B50449054A7F
:1026DC0099430548521A03F0D4FF002010BDC046A0
:1026EC00E72A0020004002205407002070B5002586
:1026FC001D4B1E4CA3421DD300251D4B1D4CA3424C
:10270C002FD3002070BD19699001091808000D63C2
:10271C003030EFF3108172B61E68186030600029FB
:10272C0002D162B6BFF36F8F013299899142EADC14
:10273C001433DFE70022F8E71A6908011218156054
:10274C00EFF3108072B61E681A603260002802D156
:10275C0062B6BFF36F8F01319A898A42ECDC143375
:10276C00CDE70021F8E7C046240200202402002017
:10277C002402002024020020D0B501267642F7174F
:10278C00074832003B0002F035FA041EF8D0436BC8
:10279C00006B98472100034804F0EBFDF0E7C046BE
:1027AC0014020020F801002030B589B00024002567
:1027BC00802206940795074B0749049403940294CE
:1027CC0001940094D200054802F07CFC200009B072
:1027DC0030BDC04685270008000D0020A80200204F
:1027EC0030B585B008AC247801AD2C710B4C019040
:1027FC006971EA80AB600A4B9C4202D3002005B0A1
:10280C0030BD2368002B02D02A68934203D12800E4
:10281C006368A16898470C34EDE7C046707E0008E9
:10282C00707E000830B587B0104C200004F064FDB9
:10283C0000280BD10E4B0190029300900300012253
:10284C000C4904F0FEF8132040420AE004A90A00E7
:10285C00094B21CB21C2A3681B68002B03D020009D
:10286C00984707B030BD5820EEE7C0462C7A0008D8
:10287C008CD30008C07D0008707E00081FB50122B3
:10288C001F231100034099400B003F280DD9002451
:10289C00104B03900293200023000F4901940094E5
:1028AC0004F0CFF8200004B010BD0C491F280AD842
:1028BC00C8681840834204D00A691A40D21A53429D
:1028CC005A411000EFE7C86A18408342F9D00A6BEE
:1028DC00F3E7C04675D30008C07D0008001802401D
:1028EC001FB501221F231100034099403F280DD929
:1028FC00039000200A4B01900293009003000949B9
:10290C0004F09FF81620404205B000BD064B1F286E
:10291C0003D8D96019610020F6E7D9621963FAE788
:10292C0075D30008C07D000800180240F8B50600F9
:10293C00002501277378AB4200D8F8BD34786419B0
:10294C002000FFF79BFF00280ED02000FFF7C8FFE8
:10295C00074AE1008B58002B06D052181F21380073
:10296C000C40A040516898470135EDB2E2E7C046F3
:10297C00600700200022052010B50C4C11002070BF
:10298C006070FFF787FC002206201100A070E07039
:10299C00FFF780FC0C220721054804F029FF0022D8
:1029AC0007201100FFF776FC002010BDC2010020AB
:1029BC00C601002010B50400FF20002C05D020001B
:1029CC00FDF726FC1F23181AC0B2044B1856044BF3
:1029DC00DA6F1443DC67FFF751FC10BDC201002015
:1029EC0004180240024AD36F8343D3677047C04632
:1029FC0004180240020000B5080003290AD80E4B47
:102A0C00FDF760FB02090C131968914319605968B2
:102A1C009143596000BD19681143F7E75968114398
:102A2C005960196891431960F4E7196811431960EA
:102A3C0059680A435A60EDE70018024070B5FF234D
:102A4C000D001400002804D0FDF7E2FB1F231B1A15
:102A5C00DBB2094AD8008358AB4203D1111849683C
:102A6C00A14204D0002B04D1155012185460002040
:102A7C0070BD10204042FBE760070020FF2310B51B
:102A8C00002804D0FDF7C4FB1F231B1ADBB2002166
:102A9C00024ADB009950D218516010BD600700202B
:102AAC00C022C30452031340032210B5072480082C
:102ABC0003431A401B0C9C40994004489200121886
:102ACC00106EA0430843106610BDC04600180240AB
:102ADC00C022C304520313400322800803431A404C
:102AEC00044918329200505807221B0C9A4010408F
:102AFC00D8407047001802400B8813B50C481B05D2
:102B0C001A0D1B181B0D0C2B0ED80A4C48681319E8
:102B1C001A68024300201A600B881B051B0D1B1939
:102B2C001B680193019B16BD86204042FBE7C04603
:102B3C000000C0FC001002400B8809481B051A0D50
:102B4C001B181B0D0C2B07D80020064B4968D318FB
:102B5C001A688A431A60704786204042FBE7C046D9
:102B6C000000C0FC0010024070B508881E4B000528
:102B7C000D0014001B68000D0C2817D8002801D17B
:102B8C00863870BD02380A2808D8FDF79BFA232333
:102B9C002321230607071C1C1C00144B80222360D6
:102BAC0029685201914217D20020EAE7104A801896
:102BBC000005000D0C2803D80E4AC240D207EDD4F4
:102BCC0086204042DDE700F01DF903015B08E5E7D4
:102BDC00094BE3E70023E1E7090B18000131FDF78E
:102BEC007BFA2060E0E7C046A801002000127A00C2
:102BFC00CC0F000011110000006CDC020C2806D870
:102C0C00044BC3400020DB0700D486387047862075
:102C1C004042FBE7A21F000070B508880C000005BD
:102C2C00000DFFF7EBFF00281EDB6368FF2B1AD0AB
:102C3C0001225802800F013082401F2099B21B0CD8
:102C4C000340013A9A40094E89190D6895430D606D
:102C5C00636899B21A0E1B0C03409A401300891931
:102C6C000C6823430B60002070BDC046001002406E
:102C7C000B880A4A1B05180D9B1810B51B0D0C2B45
:102C8C0008D8074BC018036848689843434258411A
:102C9C00013010BDFFF7B2FFF8E7C0460000C0FCE2
:102CAC0000100240F7B54C4F00F0C4F8380003F0A8
:102CBC00DCFE01F0A5FD1F21484C494AA3683D00EC
:102CCC001B051B0F9B009B580B40D84013680190B1
:102CDC000B401D41A84202D2280001F0D5FD23680B
:102CEC00404A13402360802322685B021343236015
:102CFC0080239B0222681A42FCD080232268DB03CB
:102D0C001343236080231B0422681A42FCD0382210
:102D1C00A3681340102B18D180222368D2001342D1
:102D2C0007D1802321685B000B4323602368134287
:102D3C00FCD00722A3689343A3603823A2681A42ED
:102D4C00FCD1A368284A1340A3602368274A134088
:102D5C0080222360920423681342FCD1244B254922
:102D6C00186880260840802189020143196080215F
:102D7C00186849020143196019681F48760401401C
:102D8C000A431A601A6832431A6000F03FF823684D
:102D9C001E43802326609B0422681A42FCD0A36841
:102DAC00114A1340A3600723A2689A43053B1343BF
:102DBC003822A360A3681340102BFBD1019BAB42BC
:102DCC0002D3280001F060FD0C4B0D4A1F60A36874
:102DDC0000201340A360FEBD0090D0030010024001
:102DEC00A0820008FFFFFBFFFFF0FFFFFFFFFFFECD
:102DFC000C100240FFFFC1FFFFFFFFF1A8010020F4
:102E0C00FF8FFFFF0048704700127A00064B074AFD
:102E1C00D9681140064A0A43DA608022D968520503
:102E2C000A43DA607047C046001002408C80FF1FD6
:102E3C000310002080210F4B4905DA6B82B00A4346
:102E4C00DA63DA6B0A4080210192019ADA6B49024B
:102E5C000A43DA634022DB6B0B400093009B064B6A
:102E6C0019680A431A60202219680A431A6002B0D2
:102E7C007047C04600100240006C004010B5084876
:102E8C0004F03AFA002808D0064C2000FFF710FC9A
:102E9C002000FEF783FC002010BD13204042FBE70E
:102EAC00287B0008B52E000870B50400074D0A28D1
:102EBC0004D1AB680D2128005B689847AB682800EB
:102ECC005B68E1B29847200070BDC046287B0008C3
:102EDC000300F7B519790068DB88826894460269AB
:102EEC00DC0715D4B0246403234301273D000A4CAE
:102EFC0016681C408D4001943400AC433B4201D019
:102F0C0034002C43634614601B68019A9847FEBD3D
:102F1C00D02464036340E8E7FFFFEFFF30B5056999
:102F2C000C006B7885B08B4209D0002902D00229A5
:102F3C0007D1012103F0A3FD00280ED16C700020F5
:102F4C000BE00020064B019002930090030002223C
:102F5C00044903F0EAFD8620404205B030BDC0466E
:102F6C00E7D30008387E000870B506690D00337889
:102F7C0086B08B4229D0042911D0A62302290FD068
:102F8C000020134B02220293862403001149019066
:102F9C00009003F0CAFD6442200006B070BDA72368
:102FAC00172169440B7001231A0003F063FD041E02
:102FBC000ADA0020084B0122029306490300019013
:102FCC00009003F0B2FDE7E735700024E4E7C0465B
:102FDC00FFD30008387E000818D40008F0B58BB079
:102FEC0004900691DD88416828001F009B88584397
:102FFC00C01005903889844698420BD05649574BDF
:10300C0000200293030001220190009003F08DFD3B
:10301C0016240DE0109B002B0ED1514B0122029374
:10302C00109B4D4918000193009303F07EFD3D2445
:10303C00644220000BB0F0BD3B680598834208D277
:10304C000020484B01220293434903000190009059
:10305C00EBE7072410002040224202D03E49424BAD
:10306C00CEE72E0026400796254203D03F4B3A4927
:10307C000293C7E71C1EDCD00B00483306981B7864
:10308C0052311B18D008C0B206900E78DBB208A9DA
:10309C00002E35D00F221A40079E0A701A091023F1
:1030AC003400ED081343EDB24B70F3B2AB42C0D217
:1030BC00069A08A99B185022524213438B7004980D
:1030CC000123533203F0D6FC041E0ADA2249284BA2
:1030DC0000200293012203000190009003F025FDD3
:1030EC00A7E7BA88109B1100714304985918002364
:1030FC0003F0C0FC0136041ED7DA17491D4BE7E775
:10310C00202008800130887060460138CB701B1875
:10311C000B71222352194B71D210069B013A8B7101
:10312C00CA7101230822049803F0A4FC041E0BDAD4
:10313C00114B039002930122330030000649019693
:10314C00009603F0F2FC74E73300059A109904988A
:10315C0003F090FC04006CE7387E000833D40008C0
:10316C0046D4000860D400087CD400088FD4000832
:10317C00A2D40008BBD40008D6D4000837B50C4B39
:10318C0004001B78406801AD2B70036B002B08D03A
:10319C000021303003F0DDFCFA200021C00003F0E8
:1031AC00EFFC012329001A00200003F063FC3EBD54
:1031BC00F2D4000837B50C4B04001B78406801AD05
:1031CC002B70036B002B08D00121303003F0C1FCB5
:1031DC00FA200021C00003F0D3FC012329001A00BF
:1031EC00200003F047FC3EBDF4D40008F0B5456860
:1031FC000400686D00238BB06422C117FDF791F8B1
:10320C0002267642F7170B008C46059003433900D3
:10321C003000002B11D080216346059A09068B42A1
:10322C0004D29C498B4204D1911C02D90222994BA5
:10323C00524230003900801A994103F0A1FC6368B6
:10324C0020009B6B9847061E11D12B6C20009847D1
:10325C00914B039002933000330001228F49019669
:10326C00009603F062FC162040420BB0F0BD2B6BB5
:10327C00002B15D028003030FFF72AFE0028F4DB95
:10328C00286B04F039F800280AD18449844B029346
:10329C00019003000090012203F047FC1320E3E7A8
:1032AC00AB6A002B0DD028002830FFF711FE002848
:1032BC00DBDBA86A04F020F8002802D17749794BAF
:1032CC00E5E7A423666802AA1375330050331B7814
:1032DC002769002B42D0A722042302A94A753B7010
:1032EC00336B002B09D030000121303003F031FC5E
:1032FC00FA200021C00003F043FCB36A002B11D06C
:10330C00350028350121280003F023FC642000211E
:10331C0003F036FC0021280003F01BFC6420002184
:10332C0003F02EFC2000FFF729FF002819DA5B4977
:10333C005D4B03900020029303000122019000904A
:10334C0003F0F3FB0020594B019002930090030013
:10335C000122524903F0E9FB052085E7A62202234E
:10336C00BBE7534A08AD2A80D9226368AA701A00B9
:10337C004C3212785133EA70DB222A711A782023EE
:10338C00002A00D014336B7106220123290020007F
:10339C0003F070FB002803DA4049464B0390C9E761
:1033AC006368454A2A801A004A321278AA70DA22D7
:1033BC00EA701A004F3211781222002900D0103A0C
:1033CC002A71A8224B336A711B782900AB7120003B
:1033DC000123A13A03F04EFB002803DA2F49374BA7
:1033EC000390A7E70021200003F049FB002803DA33
:1033FC002A49334B03909DE7002351367B70337879
:10340C00002B2CD1636852331B78002B11D18D22E9
:10341C0014336B7033232A70AB7003222900200005
:10342C00323B03F027FB002806DA1C49254B03909E
:10343C0080E7AD228B23ECE76368234A58332A805C
:10344C001B78002B0BD0012302222900200003F053
:10345C0011FB002803DA11491C4B03906AE7012386
:10346C000222200007A903F005FB002803DA0B4910
:10347C00174B03905EE78021200003F01BFB030039
:10348C000020834200DBF0E60393124B03490293C6
:10349C0052E7C046FFFFFF7FF6D40008387E0008D5
:1034AC000FD500082CD5000848D5000852D60008C6
:1034BC00D580FFFF5ED5000840D3FFFF78D500080C
:1034CC00A1D50008C5D50008AD300000EED5000828
:1034DC0013D600082FD60008F7B547681E000369FD
:1034EC00B868009201930C0003F0BAFA8023009A9A
:1034FC0005009B039A4215D12000BD68FFF7E8FA3E
:10350C0085420DD12100280003F0AAFA0400FFF730
:10351C0069FA2000FFF7B2FA00212000FFF76AFADF
:10352C000020FEBD8023009ADB039A4224D0802326
:10353C00DB049E421CD0C023DB049E421AD08023A5
:10354C0016209B049E4218D1022628000D49019A90
:10355C00FFF774FA002812D12000B968FFF7A0FA1F
:10356C0028003100FFF746FA2800FFF723FAD7E7C7
:10357C000126EAE70326E8E786204042D1E710203F
:10358C00FBE7C046BB6D000870B5036904005860CA
:10359C000B4D280003F0B0FE00280FD0AB6861681B
:1035AC001B680C31002B04D028009847002803DC42
:1035BC0070BD58204042FBE70020F9E71320F9E7E3
:1035CC002C7A00081FB503691A00503210780028B5
:1035DC000CD1084B01900293009003000122064984
:1035EC0003F01DFC0520404205B000BD1B6A002005
:1035FC000B60F9E7DAD60008E87D000810B503691E
:10360C0042685233D26886B01970002905D113680C
:10361C0009490B40136006B010BD049103680020EB
:10362C00064C0393064B01220293210003000190E8
:10363C00009003F0F4FBEEE7FFFFCFFFE87D0008FE
:10364C00F8D600080022F0B505004368046920484C
:10365C000F00DE685968836889B0DB680792934273
:10366C000ED100201B4B01220293052503001A49A1
:10367C000190009003F0D3FB6D42280009B0F0BD1F
:10368C0007AA98470028ECDB230010332762059328
:10369C00012701225242D317059801F00BFB336826
:1036AC002800BB433360230052331978FFF7A6FF81
:1036BC002800079900F01CF9513423780500002BE1
:1036CC0002D033683B433360059801F0C1FAD4E76C
:1036DC002C7A00080CD70008E87D0008F0B504002F
:1036EC0087B047680569012200215242280003F087
:1036FC0089FE20003B6898472B0000262800503399
:10370C0052351E70103005932E700122110003F0FB
:10371C0079FE234803F0F0FDB0420DD1214B01227C
:10372C0002931324030020490190009003F077FBCF
:10373C006442200007B0F0BD200000F043F83B6964
:10374C001A4906228B4209D01BD81949043A8B42DC
:10375C0004D0184A9B185A4253419A001021200059
:10376C001143FFF76FFF04000020844213DA124B61
:10377C00012202930C4903000190009003F04FFBCF
:10378C00D7E70E4908228B42E8D00D4902328B4212
:10379C00E4D03200E2E70123059A04001370C8E775
:1037AC002C7A00083AD70008E87D000840420F0048
:1037BC00A086010080E5F9FF59D7000840E13300ED
:1037CC00404B4C0030B5456887B00021686905AAAC
:1037DC0003F021FC041E07DB059B002219791868F5
:1037EC0000F0DAFA041E0DDA0020124B01220293CB
:1037FC001149030003940190009003F06CFB20002E
:10380C0007B030BD0D48696883681B68002B0CD16C
:10381C00002005240A4B0122029307490300019062
:10382C00009003F058FB6442E9E79847041EE6D089
:10383C00EEE7C0468AD70008D87D00082C7A00082D
:10384C00A8D70008102110B543680469DB689A6991
:10385C000A4206D0DA6911430122D961A2639B693D
:10386C0010BD20210A420AD0DA6911430122D96124
:10387C009A6103F049FB200001F0EAF9F0E75107E7
:10388C0009D5E26C596A1170A26C013AA264E26C1F
:10389C000132E264E3E7110613D5A26C5968002AE1
:1038AC00E7D0FF2A01D95960D9E70F48120401402B
:1038BC0040340A432178002901D10C490A405A604E
:1038CC00CDE702210A4203D0E26C12789A62DBE760
:1038DC005206C4D5626C127A0A42CAD08022596848
:1038EC00D2010A43EBE7C046FFFF00FFFFFFFFFEDC
:1038FC00F0B544688DB0E36805690693E369002070
:10390C00059308230A279C460B91059B834214D1EF
:10391C002B6A1B075B0F012B3DD0022B00D178E0EB
:10392C004449454B00200293019003000090012272
:10393C0003F00AFB162040421FE00C234343A1690D
:10394C003E4EC9184A680623B24209D017D83C4EDD
:10395C00043BB24204D03B4BD3185A4253419B0018
:10396C002A6A53401B075B0F13D10B680B9A9342C7
:10397C000FD18B68069A136100200DB0F0BD324E4A
:10398C006346B242ECD0314E3B00B242E8D0002349
:10399C00E6E70130B9E72E4B0A93FA231B01099392
:1039AC002C4B0893FA235B0002240793611E0B989F
:1039BC00FCF792FB01002848FCF78EFB0100060087
:1039CC000998FCF789FB431E0593FF2B2BD831007C
:1039DC000A98FCF781FB471EFF2F24D8310007986B
:1039EC00FCF77AFB05000F281DD831000898FCF76E
:1039FC0073FB01380F2816D8023C2D04059B2407B5
:103A0C003D432C4300051B0204431C43069B1C61D5
:103A1C00B2E7124B0A9396239B000993643B0893DD
:103A2C007823FF33C0E70134112CBFD101490C4B73
:103A3C0078E7C046E07D0008D8D7000840420F0068
:103A4C00A086010080E5F9FF40E13300404B4C00BB
:103A5C005C120000E204000000CA9A3B140500004E
:103A6C0053D80008F0B587B005930CAB049204CB87
:103A7C004468049F01921A880369E46803919F6467
:103A8C00D9640127002103AD59639963D9635D643F
:103A9C00A76121683943216061688C466646A1693B
:103AAC000291304931401E6A3E424FD080273F017F
:103ABC003A430A43297A00278E0709D4019EBE4255
:103ACC0006D03678760703D4802676043243013745
:103ADC001E00403637706E68FF2E39D9224E3243A5
:103AEC00029E360612D4C90734D4996C002908D02A
:103AFC00D96C0978A162996C01399964D96C01313E
:103B0C00D9641A4B1340802292011A43F623626047
:103B1C002268134323602D7A046946680023200031
:103B2C00134A01F0C7F8A36B002B17D1636B184332
:103B3C0014D151342378002B06D1AD0704D50121C3
:103B4C00F26813688B43136007B0F0BD5200B0E706
:103B5C003604C4E78023DB001343D4E7052040423E
:103B6C00EDE7C04600F400FC0000FF01FFFBFFFF87
:103B7C0050C30000F0B544688FB0E3680B901F0091
:103B8C000793002306936368069A934205DC237D12
:103B9C00002B00D0A6E0002518E00C23069AA6689E
:103BAC005343F6183068099303F0A6FB35680028D8
:103BBC000FD12B6801220393514B132502935149CA
:103BCC0003000190009003F017FA6D4228000FB02B
:103BDC00F0BDF388317908938023089A5B02134374
:103BEC000D93012630008840AB689C462B691A68FF
:103BFC000A93089B0C928243334201D00C9A0243E5
:103C0C000A9B28001A6063460D9A1B689847051E8C
:103C1C000DD0069B3B4903933B4B04900020029331
:103C2C00012203000190009003F0E6F9CEE7380082
:103C3C000B9B18303B60216903F030FC237D002B7B
:103C4C004BD101221000A668099B391DF618337957
:103C5C00984003002D48FB60B86030688368DB69CE
:103C6C00002B12D09847051E12DA0020284B012297
:103C7C000293244903000190009003F0BDF9069BC8
:103C8C00204903930495234BC8E758256D42ECE774
:103C9C003179306803F08CF940233874F28830683D
:103CAC0031791A4083689D69002D13D0C023DB0441
:103CBC001343A0225204A847051E0EDA0020164B0F
:103CCC00012202930F49030003950190009003F029
:103CDC0093F9D4E758256D42F0E7069B483701333A
:103CEC00069350E76422002320680021FCF719FB9F
:103CFC00020007980B00183001F080F94BE7C04622
:103D0C0086D80008C87D000896D80008E16F000826
:103D1C00B6D80008D2D80008D9D80008F0B51838A1
:103D2C0007681A4E7A680400D3689568C31ADB10CA
:103D3C005E430C237343ED182979286887B003F090
:103D4C0037F9031E0DDA04900020114B0122029367
:103D5C001049030003960190009003F04DF907B051
:103D6C00F0BD1022A2568242F9D02074591E8B410C
:103D7C0001204042C117AA6802900391012138002A
:103D8C0092B20091FEF72CFDE9E7C046398EE3387C
:103D9C00FCD80008C87D0008F7B504000025C90050
:103DAC0043180193019B9C4201D1002035E01F2751
:103DBC001023226817401A4217D1202563681D432F
:103DCC00F821530949000B40E2395209FF390A40E6
:103DDC001A4300921B09192B20D8114A9B009E589C
:103DEC00002E0AD11320404217E0102F03D0112FC0
:103DFC00E6D16568E4E73025E2E7300003F07CFAB1
:103E0C000028EFD00F2300992A00194030003B0006
:103E1C0002F0E6FF08340028C4DAFEBD1620E2E703
:103E2C004881000843681B68EFF31081012282F37C
:103E3C001088986802439A6081F310880C4A934268
:103E4C0005D00C4A934202D00B4A934203D1402234
:103E5C0059680A435A60EFF31081012282F31088EB
:103E6C001868FF3202431A6081F310887047C0460D
:103E7C0000380140004400400048004043681B6883
:103E8C00EFF31080012181F310889A688A439A60BD
:103E9C0080F310880C4A934205D00C4A934202D00E
:103EAC000B4A934203D140215A688A435A60EFF37C
:103EBC001081012282F3108806481A6802401A60A9
:103ECC0081F310887047C046003801400044004020
:103EDC0000480040FFFEFFFFF0B5436806000D00F0
:103EEC001F6889B0002932D0586819698368DB686B
:103EFC00002B10D007AA9847041E0FDA0020174B8E
:103F0C0001220293164903000190009003F07EF900
:103F1C00200009B0F0BD58246442EFE73B68114A19
:103F2C00680813403B60079B2900C018FCF7D4F8C5
:103F3C000F280FD8002004953368012203930A4BF5
:103F4C000749029301900300009003F05FF91624D7
:103F5C006442DDE780B20024F860D9E70CD7000892
:103F6C00587E0008FF7FFFFF41D90008F7B50C0011
:103F7C00036941681D682379012B13D09A1E5642A0
:103F8C007241920200926679022E0ED8494F760049
:103F9C00F75BA679022E0BD0042E34D05E1EB341F3
:103FAC001B0308E0C022D200ECE78027BF01F0E73A
:103FBC005E4273411B07E67901960026B446019ECA
:103FCC00012E02D1C026B600B4460968A5421DD107
:103FDC000C68394E009A3440224313430B604B68F3
:103FEC00364A13403B434B60436835491A68936823
:103FFC000B4061460B4393602968FFF76DFF002867
:10400C0000DD0020FEBD80235B01D4E7C0220E68DA
:10401C00D2001640009AB24205D00E68294A1640CA
:10402C00009A16430E60C0264268B60111684A68B1
:10403C003240974204D04A68204E32403A434A609C
:10404C004268214E11680A683240934204D00A68D3
:10405C001E4E324013430B60C021436889001A681E
:10406C0093680B409C4505D0936815490B406146FD
:10407C000B43936080224368D2011B6899681142FC
:10408C0006D0019A032A09D09A6811490A4004E023
:10409C000199032902D199680A439A6021682B6817
:1040AC009942AED0FFF718FF0028ABDB23682B60DA
:1040BC00A7E7C04618830008FFE9FFEFFFCFFFFF1B
:1040CC00FFFCFFFFFFF9FFFF00100010FFEFFFEFF9
:1040DC00FFBFFFFFF0B54768060089B0786803F0B2
:1040EC000BF900280BD17049704B0293012203008D
:1040FC000190009003F08AF8132464420FE0786872
:10410C00396983681B68002B0CD09847041E0BD1AF
:10411C000021786A07AA02F07EFF041E11DA200043
:10412C0009B0F0BD582464420020614B0122029377
:10413C005D4903000190009003F068F8002CEEDB61
:10414C00E6E7079B002219791868FFF725FE041E85
:10415C00E5DB0122756833692C681B6805932368BD
:10416C0093432360A86803F0C7F8002802D14E4996
:10417C00504BBAE7A868E9688368DB68002B00D06D
:10418C009847EFF31082012383F310880C212368E6
:10419C000B43236082F3108830000599FFF7E6FE8D
:1041AC00002801DA1624A8E72B7E002B03D0082365
:1041BC00A2681343A3606B7E002B04D0802263683B
:1041CC00120213436360AB7E002B04D08022636821
:1041DC00520213436360EB7E002B04D08022636891
:1041EC009202134363602B7F002B41D0324B9C42D5
:1041FC0021D0324B9C421ED0314B9C421BD0314BB8
:10420C009C4218D0304B9C4215D0304B9C4212D063
:10421C002F4B9C420FD02F4B9C420CD0002033686C
:10422C00012203932C4B2049029301900300009030
:10423C0002F0ECFFB6E773681A6880239168DB0123
:10424C000B43936022686B7F24495B050A40134340
:10425C0023602268AB7F22491B040A40134323606E
:10426C00EB7F002B04D08022A36812021343A360BF
:10427C000135EB7F002B04D0802322689B05134370
:10428C002360012322681343236080239B03E2698C
:10429C001A42FCD08023DB03E2691A42FCD03000C6
:1042AC00BB6A984700243AE7587E00083AD70008C2
:1042BC0058D9000878D90008003801400044004063
:1042CC0000480040004C004000500040003C0140C1
:1042DC00008000400084004093D90008FFFF1FFCC1
:1042EC00FFFFE0FF70B50369C0221B680C001B6860
:1042FC00D2000B608021436805001B68C9001B6855
:10430C00134002228B4204D01C4A9B185A42534140
:10431C00DAB2C021802022716B6889011B680022EF
:10432C005B6840010B40834206D002328B4203D0C3
:10433C00013A002B00D0023262716B681B6818685E
:10434C001968C023DB0019400D4B184002F0AFFE7A
:10435C00C022A0716B6892001B689B681340094ACD
:10436C009B185A425341DBB2E3716A681268926837
:10437C00520400D503230020E37170BD00FAFFFF47
:10438C000010001000FDFFFFF7B5436800901C689B
:10439C0003690D001B6801934B790A799C46887957
:1043AC00012A16D1022B2ED9C02180230600C90068
:1043BC009B01022800D188E0042836D000208242DC
:1043CC0037D08020033A4001012A32D8862040425F
:1043DC00FEBD022A09D1022B23D980210600C90077
:1043EC00022860D080239B01E6E7022B1BD9060034
:1043FC0000210228F6D10021002A54D1802011007E
:10440C00400503221AE0C021C9006646344B7600F1
:10441C00F35A06000228CFD1002A56D1802040053D
:10442C0007E08021F0E70021EFE7002ACED18020C1
:10443C004001802700227F01BB423CD16245C5D19F
:10444C0002F035FEB042C1D1EB79002B19D0012B13
:10445C0042D1244B9C4214D0234B9C4211D0234B71
:10446C009C420ED0224B9C420BD0224B9C4208D03B
:10447C00214B9C4205D0214B9C4202D0204B9C42AC
:10448C00A4D1012623682900B34300982360FFF7C9
:10449C006DFD00289ADB236800201E43019B2660DB
:1044AC0006CD06C394E7033A012A00D88EE7802391
:1044BC00002002269B01C0270222BF01BB42BDD0B7
:1044CC00013A002BBAD00232B8E7033A012A00D8DD
:1044DC007CE702260020ACE7032BBAD076E7C04677
:1044EC001883000800380140004400400048004098
:1044FC00004C004000500040003C01400080004057
:10450C000084004070B543680D001C68C02320680F
:10451C002168DB001940114B1600184002F0C7FD52
:10452C00042817D08023E26900201A4211D0EFF33F
:10453C00108272B6311A002906DDE169194203D0E6
:10454C00295C0130A162F5E7002A02D162B6BFF303
:10455C006F8F70BD86204042FBE7C04600100010F4
:10456C0070B543680D001C68C02320682168DB000F
:10457C0019400D4B1600184002F099FD042810D07C
:10458C00002020220823311A00290CDDE169114298
:10459C0009D0616A2954E16901301942F3D02362D0
:1045AC00F1E78620404270BD0010001070B58025E8
:1045BC001049114B8C681B680E6810488A686D0294
:1045CC00002C08D1002A11D11A002E4209D1006802
:1045DC001818801A70BD002A0AD02E4201D1A242AE
:1045EC00F5D90468E41804600968F0E71C00F4E7E6
:1045FC001A00F2E710E000E0B0080020AC08002040
:10460C00094A0020136A1B021B0A1362A022074BE3
:10461C0092001A60064B074A1860074B5A60072233
:10462C0098601A607047C04600ED00E0B0080020AA
:10463C00AC0800207F02000010E000E0F8B5002478
:10464C00FFF7B4FF104E23003168104D0A002868A4
:10465C0069688018594128606960A0210C4D34604C
:10466C0089002E686F68801BFBF736FDA02189003E
:10467C00414323000A0092197B412A606B6001F0D0
:10468C0087F9FDF7B9FCF8BDAC08002050040020F8
:10469C0048040020F0B53B4B3B4D87B0002960D05F
:1046AC00421C08D101212A688A432A60FF22120683
:1046BC001A6007B0F0BD1B68039300230293012816
:1046CC0054DCEFF31083059372B6FFF76FFF0022F3
:1046DC001100AB6804932D4B1E685F6836184F4170
:1046EC003000390018605960294B009601971A6008
:1046FC00284B1C68009B1B1B93423EDBA027029897
:10470C00BF007843244A39008018C018FBF7E4FC3A
:10471C00009B7843E41A80232018DB00984200D2D7
:10472C0018001E4B984200D91800164B17491860F8
:10473C000138AB6868600020A860049AD41A9A42C9
:10474C001ED2039D621903000C684D6812196B414F
:10475C000A604B60059B002BABD162B6BFF36F8F29
:10476C00A7E71B680393431CA7D10D480D4B984238
:10477C0000DD1800431E0293A3E78020C000D4E79D
:10478C002200E0E7B008002010E000E05004002018
:10479C00AC080020480400207F02000080FCFF00D1
:1047AC00656600006666000070B5EFF3108572B6A2
:1047BC00084A094B14681B68E41AFFF7F7FE001946
:1047CC00002D02D162B6BFF36F8FA0218900FBF7D9
:1047DC0083FC70BD500400204804002070B5EFF33A
:1047EC00108572B6054B1C68FFF7E0FE2018002DF3
:1047FC0002D162B6BFF36F8F70BDC046500400206B
:10480C00382370B51D4CA2681A4205D123681C4888
:10481C009B045B0FD84070BDA2681A40082A27D0B1
:10482C00A2681A40102A17D1E368E168DB43E568F7
:10483C004906490F6F322D0A013115409B0709D1EA
:10484C001048FBF749FCE1686843490F0131FBF75D
:10485C0043FCE0E70A48F4E7A2681A40202A09D092
:10486C00A26800201340182BD5D1FA20C001D2E742
:10487C000448D0E780200002CDE7C046001002407B
:10488C000024F40000127A000F4B411E020001209C
:10489C00994217D80D4902238A4203D80C4B9342F4
:1048AC009B415B4207200B490A6882431A430A600A
:1048BC000A680240934201D00A680240981A421ECC
:1048CC009041C0B27047C046FF8FD003006CDC0231
:1048DC0000366E01002002401FB50400FDF766F89B
:1048EC000020064B01900293009003000122044922
:1048FC0002F00FFD200002F01BFDC046F0D90008AD
:10490C00207E0008F0B505000E0089B0EFF310838F
:10491C00079372B6264A274B9768042802D8264B71
:10492C008100CB580024254920000691127C049369
:10493C00234B0592029301222300039501940094CA
:10494C0002F0E7FCA6420DD0F369DB05A34209D0C7
:10495C001C4B012202932000230006990194009421
:10496C0002F0D7FC002F07D0380002F0ACFD002875
:10497C0002D00378002B00D1134804900020134B75
:10498C00012206990293019003000090039702F014
:10499C00C0FC31002800FFF79FFF079B002B02D1C2
:1049AC0062B6BFF36F8F3800FDF700FC09B0F0BDA5
:1049BC00B4080020FFD90008E0820008207E00081F
:1049CC0015DA00083DDA00080DDA00085EDA000896
:1049DC00F8B501270A4E83009D59013084003359E4
:1049EC00AB4200D8F8BD6868002806D0037E3B4275
:1049FC0001D102F068FC0835F1E72B689847FAE71B
:104A0C00F4820008012270B5234B032086B01A7083
:104A1C00FFF7DEFF01F0F4F80420FFF7D9FF1F4C7D
:104A2C0026001F4DAC420ED300F0A0FCAE4220D3AA
:104A3C0000F0ACFCFBF706FD01211A4A93898B436D
:104A4C00938106B070BD636A0593236A0493E3698E
:104A5C000393A36902936369019323690093E36849
:104A6C00A2686168206800F0E9FA23685C6530345C
:104A7C00D7E7B26AF36A511C01D1591C05D0110059
:104A8C003068194303D100F057FD3036CEE70649A4
:104A9C00183000F0EDFEF8E7FA0C0020C87C000896
:104AAC00C87C0008D8040020BB75000870B501252F
:104ABC000400C6010102124880220918002086B0A9
:104ACC0004950E350395053565430E4B0590029004
:104ADC0001900D48F6182D180C4B30000095520023
:104AEC0000F0ACFA0422337C2C74934333740134FD
:104AFC00074BE402E418EE606C6006B070BDC04673
:104B0C000019002058040020B4080020E9730008A4
:104B1C0000110020F0B5002087B0FFF759FF234BA0
:104B2C0083F308882249234B0A6A00251A40C023C4
:104B3C001B0413430B62FDF70DFBFDF715FCFDF792
:104B4C00DBFCFDF745FCFCF70BFF1B4800F0E6FA1D
:104B5C00FCF760FE0120FFF73BFF0220FFF738FF58
:104B6C0000F044FC154C164B80225C61154B164E24
:104B7C00059301231549049312013300200003957A
:104B8C0002950195009500F059FA04220700237C48
:104B9C0020009343237402F0D4FC2800FFF786FF17
:104BAC00320039002000FDF7C3FBC046001900207D
:104BBC0000ED00E0FFFF00FF58050020D8040020A6
:104BCC00B4080020DFD00008114A0008001A0020A9
:104BDC00002010B5054C064B9C4200D310BD2000A4
:104BEC0002F0AAFB0028F9DB1C34F4E7F8010020E2
:104BFC001402002037B5EFF3108572B60468002C50
:104C0C0013D003222368934342680360944200D17B
:104C1C0043602000012102F0E8FB0400002D02D1CA
:104C2C0062B6BFF36F8F20003EBD11001943F5D063
:104C3C000830009229000200019300F04FFB00287D
:104C4C00F1D1024B9B685C69EDE7C046B4080020CB
:104C5C0070B5EFF3108572B60468A0421AD0002C20
:104C6C0018D062682368002613605A600222200064
:104C7C00237C2660934323746660A660183002F090
:104C8C00EBFC2000A66702F05CFC2900084800F051
:104C9C0041FB70BD8268C3689B1A591E8B419B18DF
:104CAC008360002DF5D162B6BFF36F8FF1E7C0467C
:104CBC00FB0C002013B50400EFF3108172B6806872
:104CCC00002808D00138A060002902D162B6BFF3D9
:104CDC006F8F002016BD1000184307D1002902D198
:104CEC0062B6BFF36F8F10204042F3E7009201933E
:104CFC002200024800F0F2FAECE7C046FB0C002060
:104D0C00F0B5060087B0EFF3108772B633003500AC
:104D1C0084331C689C35002C1CD10221280002F025
:104D2C007EFB002866D03400943400220121200040
:104D3C0002F074FC0028F8D10023029301225242A5
:104D4C00D31700920193320039008C323C4800F0AA
:104D5C00AFFCD8E7226859681A608C4200D15A60BF
:104D6C0002222B6813432B600423E2689A43033B13
:104D7C001343E3606368002F47D020009847EFF39C
:104D8C001083059372B6E36801211A008A43100957
:104D9C0008423ED1E260E3689A071AD50222934397
:104DAC00E360284B1868002813D000210268002803
:104DBC000FD04768BC423AD10268002931D15968FA
:104DCC001A60814200D15A60002303600830FFF75B
:104DDC003FFF02222B689343059A2B60DB05DB0F08
:104DEC00002A02D162B6BFF36F8F002B8BD100F07B
:104DFC0007FB88E72B68DB069ED52860002F02D1C5
:104E0C0062B6BFF36F8F07B0F0BD62B6BFF36F8FA2
:104E1C00B3E711229343E36020001030FFF718FF33
:104E2C00B9E70A605A688242CED15960CCE7944601
:104E3C00002A01D011688C46010010006246B6E7CA
:104E4C00FB0C0020D4080020F7B5C3680E005908ED
:104E5C0001220D000400154011424ED19B08134253
:104E6C001FD13368002B01D1836833600125E368BF
:104E7C002B4202D0A3686D19336033680193002B69
:104E8C0049D0264A0433019F9268DB6F9C379A42C3
:104E9C0024D001213A6893080B400A4204D113250F
:104EAC006D420023336017E0002B26D1D3080B4052
:104EBC00002B22D100232360019B84335A68002AE3
:104ECC0026D15C601C60019802F0C5FA0423E268EC
:104EDC001343E3603368A3602800FEBD02F0EAFAD6
:104EEC0001223B6800280AD1D90811401342D6D0C0
:104EFC000029DFD09B081342DCD11025D0E799089C
:104F0C0011401342CBD00029F7D1DB081340CFE777
:104F1C0014605C60D7E71625C2E7C046B4080020D1
:104F2C00F0B50026040089B08430066046600E9D02
:104F3C000830006040600830006040600120B542DD
:104F4C0007D0287946427041FF264042B0430230D8
:104F5C00FF3026009C36306001267642F717069605
:104F6C00079700260F48039304960300029620002F
:104F7C000196009400F0A6F8B5420CD02968B14215
:104F8C0002D0200002F09CFA6B79002B03D0012395
:104F9C00A2891343A381200000F0CEFA231DDC6705
:104FAC0009B0F0BD0D4D0008F7B50C0016001D0042
:104FBC000190EFF3108772B6080002F03CFA2B0058
:104FCC00334309D1200001A9FFF73EFF002F02D186
:104FDC0062B6BFF36F8FFEBD08232000E26806495E
:104FEC001343E360019B3200A36210302B0000F0EE
:104FFC003FFC0120EAE7C0467574000810B5034C6D
:10500C0001002000FFF7D0FF10BDC046F8050020BE
:10501C00084B9B681A7CD2070BD41B6E064A196886
:10502C00914206D01A6062B6BFF36F8F0223181C30
:10503C0002DF7047B4080020F0F0F0F0F0B589B052
:10504C000793030058338365C365129B072783813D
:10505C00042300260732BA430374D219119BBA43B6
:10506C0083738B180693154B0D008660C67386618F
:10507C00C6610B60069904000592FCF7A1FF059B25
:10508C00C0196366069BB8431F1A109BA066256661
:10509C0002930F9B3A0001930E9B29000093200072
:1050AC00079BFDF72FF9064B66659B68B34200D052
:1050BC00DB6E3800E36609B0F0BDC046F0F0F0F0EE
:1050CC00B408002070B50400002086B005900E983E
:1050DC00119D04900D98109E03900C9802900B98C3
:1050EC0001900A9800902000FFF7A8FF2B00721C7B
:1050FC0001D1013305D02B00334305D1200000F042
:10510C001BFA200006B070BD200032002B000249B3
:10511C00183000F0ADFBF4E7BB75000801230374F5
:10512C008381002303664366C366014B9860704716
:10513C00B4080020102370B5C356027C002B38DB5A
:10514C00D30636D180235B4213431B4C0374A369F3
:10515C001A49E2698B4207D1016042601060E0613C
:10516C0011E09A42F8D01B68002BF5D00E250E26C4
:10517C0045579E57B542F4D0AE42F2DD5A680360F3
:10518C00426010605860A5698D4201D0002D00D19D
:10519C00E568A3681A7CD20605D1DA897F2A02D980
:1051AC00AA69002A06D0AB4202D0280000F0C6FA49
:1051BC00656170BD6361FCE7B4080020CC08002079
:1051CC00102270B582560500037C002A04DA7F2277
:1051DC001340037402F079F90D4E0E4AB469B368AA
:1051EC00944201D0002C00D1F468AB4208D01A7C58
:1051FC00D20605D1DA897F2A02D9A269002A05D004
:10520C00A34202D0200000F099FA2300736170BD14
:10521C00B4080020CC08002010B50400FFF7F8FEFD
:10522C000B21084A4942936899675C6780230649B9
:10523C005B05486803434B6062B6BFF36F8F93689E
:10524C00986F10BDB408002000ED00E010B5511CA3
:10525C0001D1591C03D00249183000F009FB10BDD4
:10526C00BB75000870B51B4CA168E3690A68CB1AC2
:10527C00581E834149685B420A6051601340E169E2
:10528C00A268002B05D1144B516013600A60E261D7
:10529C000CE00E200E2510565D57A84215D0854205
:1052AC0013DD5968136051600A605A60A5690A4B96
:1052BC009D4201D0002D00D1E568A3689D4202D02B
:1052CC00280000F03BFA656170BD9942DBD01B6889
:1052DC00D7E7C046B4080020CC08002070B50C00FD
:1052EC0011000A4A0A4B90681860EFF3108372B6EB
:1052FC009568280002F0FCF8049A059B2800FFF73B
:10530C00A5FF2000FFF788FF70BDC046B408002041
:10531C00DC08002010B500290AD1EFF30580002825
:10532C0007D1064B9A685B699A4202D0FFF774FF6B
:10533C0010BD62B6BFF36F8FFAE7C046B408002009
:10534C0010B500280AD1EFF30580002807D1064BD1
:10535C005A699B689A4202D0FFF75EFF10BD62B695
:10536C00BFF36F8FFAE7C046B4080020EFF310814B
:10537C0072B6054B9A68D37B013BD373002902D1DB
:10538C0062B6BFF36F8F7047B408002070B5EFF3AF
:10539C00108672B6134DAB68DA7B0132DA73AC69E6
:1053AC00114A944201D0002C00D1EC681A7CD20630
:1053BC0005D1DA897F2A02D9A269002A05D0A34235
:1053CC0002D0200000F0BAF923006B61002E02D14C
:1053DC0062B6BFF36F8FEFF3108072B6FFF7B0FFBA
:1053EC0070BDC046B4080020CC080020024B034A14
:1053FC009A61DA617047C046B4080020CC080020DE
:10540C0070B5EFF3108572B61C4CA168E3690A689D
:10541C00CB1A581E834149685B420A6051601340A5
:10542C00E169A268002B05D1154B516013600A602D
:10543C00E2610CE00E200E2610569E57B04218D09A
:10544C00864216DD5968136051600A605A60A6697D
:10545C000B4B9E4201D0002E00D1E668A3689E4201
:10546C0002D0300000F06AF928006661FFF7D4FE24
:10547C0070BD8B42D8D01B68D4E7C046B40800205E
:10548C00CC080020F8B5030007000C000B4303D137
:10549C00FFF7B6FF0020F8BDEFF3108672B6134D80
:1054AC00134BA8681860FFF78BFEA86823003A001E
:1054BC001049183000F0DCF90423AA680400117CB0
:1054CC0030000B431374FFF7A7FEAB689A6A002AEF
:1054DC00E0D18022DB6A12069342DBD102F0E2F8C3
:1054EC00201AC343DB171840D5E7C046B408002088
:1054FC00DC080020BB75000870B504000D00FFF738
:10550C00C1FF01002000631C01D1013510D00A003D
:10551C00CB17632000218018594164220023FAF72D
:10552C00B5FE002903D180231B06984200D3014805
:10553C0070BDC046FFFFFF7F70B50400EFF3108510
:10554C0072B60426037C33420DD0183002F084F876
:10555C00237C2000B3432374FFF7ECFD290005489E
:10556C00FFF7D8FE70BD002DFCD162B6BFF36F8F74
:10557C00F8E7C046FB0C0020014B98687047C0460A
:10558C00B4080020F0B5838985B004000393EFF3D1
:10559C001083019372B6019B02930823027C1A427A
:1055AC0007D0019B002B02D162B6BFF36F8F05B001
:1055BC00F0BD1900114348B2002857DB2174A368D1
:1055CC00002B02D0200001F088FF200026001830AC
:1055DC0002F042F85836A56DAE4201D0002D4DD1E7
:1055EC00304F0025BB689C4204D1EFF305856A1E41
:1055FC009541EDB2BE692C4A964201D0002E00D1E5
:10560C00FE68B34202D0300000F098F820007E61B2
:10561C0001F0DCF9002D02D02448FFF77FFDBB68B8
:10562C009C4238D1EFF30583002B34D1A389DB07DF
:10563C000FD5019B002B02D162B6BFF36F8F62B600
:10564C00BFF36F8F0423181C02DFEFF3108372B6C5
:10565C0002930298FFF7E0FD039BDB07A7D562B628
:10566C00BFF36F8F0423181C02DFA0E77F210A40D1
:10567C0013432000237401F028FFA0E7280001F059
:10568C002CFF2800183001F0E7FF00232800AB673F
:10569C00FFF750FD9FE7019B002BDDD162B6BFF3F6
:1056AC006F8FD9E7B4080020CC08002058050020E3
:1056BC0073B5069D079E089C00950196FFF70EFE9C
:1056CC00002C03D0024B9B685B69236076BDC046FF
:1056DC00B408002010B5047C1F21220003000A40EE
:1056EC0000200C4210D10A4910008B420CD0094901
:1056FC000868002808D0D9897F2906D80E21595668
:10570C00054B1B68994200DB10BD1000FCE7C0463E
:10571C0058040020AC010020E00800200121044BBB
:10572C00044AC01A044BC0104343D1547047C046BE
:10573C00D8050020FB0C0020ABAAAAAA70B518252E
:10574C000B4B1E7CFFF7C6FF75430A4B0400ED188C
:10575C00280001F081FF0022074B9A55944205D096
:10576C00621E28000549D31700F082F870BDC046B0
:10577C00B4080020D8050020FB0C00202957000895
:10578C0070B5EFF3108572B6104A114B9468186817
:10579C00A04207D1FFF7D2FF002D02D162B6BFF3B2
:1057AC006F8F70BD00211960127C0A4B9B5C8B4281
:1057BC00F2D02000FFF78EFF0028EDD0237CDB0613
:1057CC0001D1FFF74FFD2000E4E7C046B4080020EC
:1057DC00DC080020FB0C0020024B1868984200D11A
:1057EC0000207047B001002070B50600FFF7F4FFF1
:1057FC00002810D0026943693400F517121BAB4125
:10580C00002B08DC03D1802109068A4203D2D8433D
:10581C00C017104070BD0148FCE7C046FFFFFF7F7A
:10582C00002010B5034B1B68834201D1FEF7BCFF6F
:10583C0010BDC046E408002030B500280ED00B4B3C
:10584C005B6898420AD00168002907D00A694B6945
:10585C000469456912196B410A614B61036842681E
:10586C0013605A6000230360436030BDB001002018
:10587C00F0B5040015001E0085B0531C02D1731C3A
:10588C0000D17CE0A160EFF31083039372B6002E7D
:10589C0026DBFFF7C5FF0021009001204019714164
:1058AC00009AD31712184B4136492261636108687C
:1058BC00496812184B411E00150001230293FFF793
:1058CC008BFF0700304B9C465B680193002F1DD16A
:1058DC0063462360019B63601C6063465C6027E049
:1058EC00284B1868596802225242D317121A8B415E
:1058FC00521BB3411100002B04DC01D1002A01D151
:10590C0001210023636121610023D7E7386979699C
:10591C0022696369994202DC28D1904226D9801A07
:10592C0099417B6838617961636027601C607C6099
:10593C00FFF752FF84420FD1144B1B68002B0BD185
:10594C00029B002B02D1FFF76BFF00900098FFF732
:10595C004BFF0021FEF79EFE039B002B02D162B68B
:10596C00BFF36F8F2800310005B0F0BD121A8B41C8
:10597C0022616361019B9F42AAD03F68A6E7002584
:10598C000026EFE7F0050020B0010020E40800201D
:10599C00F0B587B0EFF3108372B601932F4B1860FC
:1059AC00FFF71AFF2E4F04003A687B6802920393AC
:1059BC002A4B9C461D6800280FD042690669EB17DC
:1059CC009A4202DC24D1AE4222D9190022696369C1
:1059DC002800121A8B4122616361029803992A00F4
:1059EC00EB1712184B4100243A607B606346200091
:1059FC001C60FFF7F9FE2100FEF74CFE019BA34251
:105A0C0002D162B6BFF36F8FFFF7BAFE07B0F0BDDD
:105A1C00F31704960593049A059B02980399801832
:105A2C005941002300220E4D226163612860696098
:105A3C002000FFF701FF019B002B02D162B6BFF3E0
:105A4C006F8F2000A3689847EFF3108372B6034A58
:105A5C00019313689B1B1360A2E7C046E408002067
:105A6C00F005002010B5EFF3108472B6FFF7D8FEE6
:105A7C0002000649C3170868496880185941002C70
:105A8C0002D162B6BFF36F8F10BDC046F005002087
:105A9C00F7B50400EFF3108572B603680195002B7F
:105AAC0005D0002D5CD162B6BFF36F8F58E0012298
:105ABC00C16A806A002312184B41002B01D1012AC4
:105ACC0033D901267642F71736184F41002F01DAE9
:105ADC000026002701F0EAFD01220023801859411D
:105AEC0080197941002902DC3BD1002839D001F022
:105AFC00DDFD002301228018594180197941244B86
:105B0C00994201D1033030D801F0D0FD012200239D
:105B1C008018594102225242D31780197941121A26
:105B2C008B4120001B49FFF7A3FE236B013323633A
:105B3C00236A002B0BD0002D02D162B6BFF36F8FFE
:105B4C002000236A9847EFF3108372B60193A5697E
:105B5C001834A54201D0002D0BD1019B002BA2D0F3
:105B6C00F7BD02225242D317DBE7802300221B062B
:105B7C00D7E7280001F0F1FC0023AB67019B002B59
:105B8C0002D162B6BFF36F8F280001F0DAFCE7E7B1
:105B9C00FFFFFF7F9D5A0008F8B5060014001D009A
:105BAC00EFF3108772B6511C07D1591C05D1002F89
:105BBC0002D162B6BFF36F8FF8BD002B0DDB140062
:105BCC001D1E05DC002B01D1002A01D1012400256A
:105BDC0001225242D317A4185D41300001F03CFD64
:105BEC00069A079BB262F3620023220033633000F3
:105BFC002B000249FFF73CFED9E7C0469D5A00082E
:105C0C0010B5054800F0ADFD044801F0BAFD04489C
:105C1C0000F0A7FD10BDC046C3DA000820A10700A4
:105C2C00FEDA000810B5064C064B9C4201D300204E
:105C3C0010BD2000A268616801F0B0FD1434F3E7D8
:105C4C0014020020140200200123802213B5054CFD
:105C5C000549064800945B421201FFF761F90020E8
:105C6C0016BDC0460C83000800220020F805002059
:105C7C00F8B50E4B04001D68AB789B0713D56E6806
:105C8C0027782900002F05D10A20B047002806DB11
:105C9C0038000AE03800B04701340028F0DA042359
:105CAC00AA781343AB7001204042F8BDE07F000896
:105CBC000CB470B58AB002AC05000E002022002195
:105CCC00200001F095FD0223A3700D4B256163604C
:105CDC00002E13DB01D0731EED180FAA20000E99B5
:105CEC006561019200F088F8002E02D00022236931
:105CFC001A700AB070BC08BC02B018470025ECE75B
:105D0C003D790008F0B585B00F0001900092242A6F
:105D1C0002D80300012A0BD1FCF754FB1622344B9A
:105D2C001A50002F01D0019B3B60002005B0F0BD44
:105D3C001800017801332029FAD00D00093D0C0020
:105D4C00042DF5D91D0000262B2902D02D2902D1B6
:105D5C0001361C78851C302C32D1202329780B433A
:105D6C00782B08D11100683B994304D16C780195CC
:105D7C000235009302E00823002AFAD01D4B00994B
:105D8C00F31818000293FAF7E3F920220300944663
:105D9C0000200395392C03D96246013C1443263C60
:105DAC00009A303CA24213D9984202D80CD1A1429D
:105DBC000AD202221643039A2C7801920135E8E7A5
:105DCC00002ADBD10A23D4E7009A50430019F2E7EA
:105DDC00002F01D0019B3B60F30700D54042B60772
:105DEC00A4D5FCF7EFFA2222014B1A5002989DE73A
:105DFC000C000000FFFFFF7FF0B5436893B00390E9
:105E0C000893837815009B0700D4F8E000230193D6
:105E1C000E78002E6AD0252E0DD04B1C0993019BB9
:105E2C00013301930399089BF0B29847002800DADC
:105E3C00DFE00999ECE74E788B1C0993252EEED008
:105E4C00002304211C00099A0293079309921F2C2A
:105E5C002ED83000203810280AD8FAF733F91D094B
:105E6C0009270909091E0909091B0925090918002F
:105E7C003300303B092B29D92A2E32D108CD6006AC
:105E8C0022D4002B29DB20200793044305E00123B7
:105E9C001C4302E002231C430C43099B01321E7875
:105EAC00002ED3D109922DE00823F1E71023EFE760
:105EBC007F2C1ED83300303B092BDDD8600605D56E
:105ECC000A20029E7043C3180293E6E70A20079E3D
:105EDC007043C31807932023DAE75B420793282308
:105EEC00D6E72E2E05D140231C42D1D0019813B0F9
:105EFC00F0BD6C2E2DD027D8682E31D06A2E32D022
:105F0C004C2E30D0029B002B03DA40239C43002301
:105F1C000293202333431A00653A022A01D9612BDC
:105F2C0024D10722EB1D934308331D00AB4F029283
:105F3C00240753D5019A029B16009C18B4424FD1EA
:105F4C00079B029A9E1A82E1742EA6D07A2EA4D0B8
:105F5C00D8E780231C429BD080208000044397E725
:105F6C0080235B00F6E7A0239B0091E730006338A9
:105F7C00122800D9E3E0FAF7A5F80A46E2E2E2E2D9
:105F8C0046E2E2E2E2E2F3DDE2E211E2AD0004CD50
:105F9C000CAB1A7001230CAF0293C9E780CD002F14
:105FAC0000D18F4F0299630601D401214942380078
:105FBC0001F02CFC0290BBE720200399089B98472A
:105FCC00002816DB013C029BA342F5D3079A019BE8
:105FDC00944663441B1B01930794ABE7079CF2E7C1
:105FEC00019B0399FB1A985D089B98470136002882
:105FFC00A4DA039B9A7804231343039A9370012326
:10600C005B42019372E723063FD5A30537D50722E0
:10601C00073595432F000CCF0492059310232500D0
:10602C009D43059B002B3ADA0499059A00244B42B8
:10603C009441049305948023DB001D43ADB20CAC5A
:10604C000A2304980599220001F0EBFB041B6B0654
:10605C0065D501232A009A431300029AA24200DC60
:10606C00A4E0002E00D19CE01022290011400B91DD
:10607C00154200D09CE0029A1D0006921EE02F00F3
:10608C0008CF0493DB170593C8E72F0008CFE20570
:10609C00F7D5A20501D55BB2F3E71BB2F1E7049B80
:1060AC00059A1343CBD16306C9D5029B002BC6D1ED
:1060BC0011339C43029B25001C0006932A00494B7C
:1060CC001A400B921D4277D0069B01330693002396
:1060DC000B9371E010239C43063B9C4680232200CB
:1060EC001A4006921C4242D021008133FF331940E2
:1060FC001C4239D00722EB1D93431F0003CB0837FA
:10610C0003000B4346D1250016339D43630644D54B
:10611C00029B002B41D117339C432500029C10237A
:10612C002A001A400B921D4256D0631C002E42D0FE
:10613C0022003FE0102378269C461C43CEE7782BA8
:10614C0004D110229B1B1A439446C7E725200399C0
:10615C00089B9847002800DA4BE7019B023360E666
:10616C00082300269C46B9E72F0001CFC8E72F0073
:10617C008022210008CF5200180011401442BFD0D9
:10618C00802221009200114098B21442B8D0069996
:10619C00D8B2B5E706239C4325000CAC634622001D
:1061AC0052E711239D43029B069387E71D00B6E738
:1061BC001D00029A931C06932B072AD4EB0709D5D2
:1061CC00079B069A0294934204DD9B1A1B190293B7
:1061DC00079B0693069B10E006946FE75EDB0008B6
:1061EC0057DB00080604000020200399089B984701
:1061FC00002800DAFDE60A9B01330A930A9A079BF2
:10620C009342F1DC069A019B9B1A0A9A9B18019304
:10621C0006920B9B002B25D030200399089B9847A6
:10622C00002800DAE5E6019B002E12D10133019320
:10623C00019E029B019A9B189B1BA34220DC25000C
:10624C00002D25D13D00079B069AA4199E1A019496
:10625C0031E002330193F0B20399089B9847002870
:10626C00E6DAC6E6174B1D42E2D02020AB0700D57C
:10627C000B306D0500D52D20019B01330193EBE70D
:10628C0030200399089B013698470028D1DAB0E6F4
:10629C000CAB013DE85C0399089B98470028CFDACA
:1062AC00A7E6019B2020013301930399089B984793
:1062BC00002800DA9DE6019AA3199B1A002BF0DC4A
:1062CC00B7E5C04606040000704710B501F044FA6B
:1062DC0010BDFA22030092000420934206D208302B
:1062EC00632B03D80830092B00D80930704710B540
:1062FC000178002900D110314278037A002A02D0AB
:10630C004B43180910BD1801F9F72CFF80B2F9E7BF
:10631C00F0B500241F00260087B00CAB1B78029050
:10632C000593FB1DDB08039104920193059BB3427B
:10633C001FDC07B0F0BDEB10029AE3189BB2D35CE4
:10634C00072280212A4011410A001A40531E9A410B
:10635C00049BD2B29919039BC9B25819C0B2FAF76F
:10636C00BBFB0135AF42E6DC019B01361C19A4B224
:10637C00DCE70025F6E7F7B50E00170000240090C7
:10638C000193019BA3420DDCF7BD009B31195819F9
:10639C000122C9B2C0B2FAF79FFB0135AF42F4DC5F
:1063AC000134EEE70025F9E7F7B50E0017000024DD
:1063BC0000900193019BA3420DDCF7BD009B3119AA
:1063CC0058190022C9B2C0B2FAF786FB0135AF42A8
:1063DC00F4DC0134EEE70025F9E7F8B505000C0014
:1063EC0016001F002878002800D1F8BD782CFCD8A6
:1063FC0021003B0032000934FAF786FB0135E4B288
:10640C00F0E7030037B500681C790569836801A9BA
:10641C005B689847002807D10130A040019B2A688F
:10642C0053401840431E98413EBD0300F7B5DF882A
:10643C00197980235B023B430068019301263500E8
:10644C0083688D409C4603691C682200AA4337422E
:10645C0001D02A0022431A6063461B68019A9847B0
:10646C00FEBD030010B5DA881979402300681A4084
:10647C0083689C69002C06D0C023DB041343A02244
:10648C005204A04710BD58204042FBE710B583686A
:10649C00DB69002B01D00122984710BDFA2210B500
:1064AC00103108000023D200FEF7A8FD10BD7FB507
:1064BC0000200BAB059303930A9B01900293009071
:1064CC000300FBF7CDFA07B000BD10B583685B681D
:1064DC00984710BD70B505000C00080000F00CFFCB
:1064EC00002802D000202C6070BD13204042FBE736
:1064FC0010B5F8210068FFF7E8FF10BD10B5FA21C0
:10650C000068FFF7E2FF10BD10B5FC210068FFF733
:10651C00DCFF10BD10B501F0C9F80A23584310BDBB
:10652C0010B5FAF7AFFD10BDC900401840884008FF
:10653C007047F8B50D000400FFF7F6FFF9F768FE99
:10654C001F21091A8A00A218EB0010691F1D0633BF
:10655C00E719E318AEB2002808D101308840E16891
:10656C000143E16015613E801E80F8BDC10004311D
:10657C00625A3A80D200A2181880D6806652F4E78C
:10658C0030B5CD004519EB88141D994209D1012372
:10659C0093401A00C368A4009343C36000232350A4
:1065AC0030BDA988A400CA0082182350D380DB0018
:1065BC00C0188180F4E770B50D000400FFF7B4FF3C
:1065CC00F9F726FE1F222900121A2000FFF7D8FF28
:1065DC0070BDF8B5060014000D00FFF7A5FF2100F3
:1065EC0007003000FFF7A0FFED003F1875197B0086
:1065FC00210030006B80FFF797FF2418E400A753AD
:10660C00F8BD70B505000C00FFF78EFF2118CB000C
:10661C00EB185B88DB070BD42800FFF7CCFF2100BD
:10662C002800FFF781FF210022182800FFF7D1FF77
:10663C00E300E95AEE18611ACB00EB185B88DB0714
:10664C000AD42800FFF7B7FF31882200611A28000E
:10665C00FFF7BFFF3388E41A28002100FFF769FF1A
:10666C0070BD10B500290BD0012400680439091A3B
:10667C00C908CB00C3185A88A2435A80FFF7C1FF40
:10668C0010BD0723F7B50027043ACC1D89189C438D
:10669C0099430B1BDE080460A660E7603000009392
:1066AC0001912425F9F7B4FD20222D1A121A20008D
:1066BC0039009200103001F09BF80123AD00073532
:1066CC00ED086A001A436280711BEA00A0184B00A7
:1066DC0027804380009BA552E218019B57801980AC
:1066EC000123F600A6197288290013437380200039
:1066FC00FFF71FFFF7BDF0B585B00D001C1E029013
:10670C00039229D000265B780193E078237840002F
:10671C009B00C018A378C0182018019B9E4210D370
:10672C006279237912021A43A37903991B04134348
:10673C00E279029812061A4323000833A84705B0E1
:10674C00F0BD0378471C9B0038001F51F9F7E2FDA0
:10675C00013038180136E0E716204042EFE7002000
:10676C0070470FB407B504A901C9019100F01BF8DB
:10677C0003B008BC04B0184770470020704710B530
:10678C0000F094FF64220023F9F780FD10BD10B5D2
:10679C00012100F0C7FF10BD002110B50800FBF768
:1067AC005FF8002010BD1FB502900020039103007C
:1067BC000200010001900090FBF752F905B000BDFA
:1067CC00704700207047436810B5DA7101224368A6
:1067DC00196043685A71FFF7F3FF10BD70B50E00D6
:1067EC00040015001900002802D1FBF7FFF870BD5A
:1067FC00002B06D013035B0D1030C018120D00F0E7
:10680C00EEFF200025606660FBF700F9EFE77FB52F
:10681C0000200BAB059303930A9B02220293019079
:10682C0003000090FBF71CF907B000BDF8B506009B
:10683C000D0014001F00002C00D1F8BD2100280011
:10684C003A00B047241A2D18F5E713B56B464A6881
:10685C00D87107330C68180001215268A04700203A
:10686C0016BD70B504000D000A2802D10D20FFF7EB
:10687C00ECFF29002000FFF7E8FF002070BDF0B509
:10688C008B6889B006930B880790DB0508000D78A0
:10689C000C005E0F1700FBF73DF90023AD0601005D
:1068AC006D0F984203DB2800FBF7CCF803002100A6
:1068BC00226810311203520D60888C18551EAA41A3
:1068CC005242114000220009049002910798069947
:1068DC000597039401960092FBF74AF909B0F0BDB5
:1068EC00436800201B685B681961704743681B682C
:1068FC001A68526853607047F7B5012143681B68EA
:10690C005A6811751D686B682F681C685B68AE68E7
:10691C000193002C02D16B681C60F7BD2100300084
:10692C00019AB847241A3618F3E770B543680C007F
:10693C001D686B681869FAF7FDFF0F220300210030
:10694C002868984770BD10B500F052FF10BD10B507
:10695C0000F045FF10BD7FB500200BAB05930393F2
:10696C000A9B01220293019003000090FBF778F838
:10697C0007B000BD10B501000068FBF7BDFA10BDF3
:10698C0010B5FBF71BFBFBF737FB10BD7FB50020E9
:10699C000BAB059303930A9B012202930190030016
:1069AC000090FBF75DF807B000BD10B50021012089
:1069BC00FBF7A2FA10BD10B5FBF796FCFBF776FAC5
:1069CC00FBF780FAFBF7D6FCFEF7A4F886204042D2
:1069DC007047002802D162B6BFF36F8F7047BFF3C8
:1069EC004F8F30BF62B6BFF36F8F7047030010B587
:1069FC000820202B0AD9802236301206934205D863
:106A0C00581EF9F705FC1F23181A400010BD7FB55E
:106A1C0000200BAB059303930A9B01220293019078
:106A2C0003000090FBF71CF807B000BD10B50B6914
:106A3C0049699847002010BD10B5FBF731FE0020C6
:106A4C0010BD7FB500200BAB059303930A9B01226D
:106A5C000293019003000090FBF702F807B000BD11
:106A6C001F230120194088407047704743681B68FA
:106A7C001868704710B54468E46BA04710BD07B5A3
:106A8C00426813004E324D331B781278002902D025
:106A9C0001214A404B406946603B0B71C023002AE0
:106AAC0000D008336A46537101A901230222FFF773
:106ABC00E1FF0EBD07B581236A46137151710123A5
:106ACC00022201A9FFF7D6FF0EBD43680269180028
:106ADC000830C08F06330880DB8F4B8006234B6059
:106AEC0013780B7301238B6053784B737047F0B59D
:106AFC000125446889B0A78820686C466B409B01CF
:106B0C00E61DE37106920023022202AC0296656038
:106B1C002372E1602275237D8168134323758D6890
:106B2C003B002100A84709B0F0BD7FB500200BAB9E
:106B3C00059303930A9B0190029300900300FAF7CC
:106B4C008FFF07B000BD10B54368186800F0D4FB88
:106B5C0010BD020010B50B001179012214008C40FD
:106B6C0021000068046924680C4200D05340002BBB
:106B7C0003D08368DB68984710BD83681B69FAE70C
:106B8C0010B5FEF7B9FC10BD436800205B681B69AB
:106B9C000B60704743685B68586942401140414044
:106BAC00596100207047436800205B689961704709
:106BBC00436800205B6899627047436800205B68FB
:106BCC005A6951405961704710B50369986800289B
:106BDC0021D088421BD10868DC689860A14200D1A2
:106BEC00D86000200860824206D09A680A60DA6891
:106BFC009960002A00D1D960002010E0814206D1B2
:106C0C0008682060D8688142EBD1DC60E9E70400B9
:106C1C0000680028F2D1002AE7D11620404210BDAE
:106C2C00F0B50126302485B0029333001440019452
:106C3C0094098B4034408C404068023645680327E9
:106C4C009D432C4344608468A4461C008C406643DE
:106C5C00F5430395D5093D4065432F006546B54383
:106C6C002F4387600327520A3A406243C568B543F5
:106C7C002A43C260019A202A0CD1072914D8230078
:106C8C008B408B400F215943026A8A4302994B4334
:106C9C0013430362019B02681B095C43039B1A406C
:106CAC001443046005B0F0BD0F211B0A5B435B432A
:106CBC005943426A8A4302994B431A434262E9E7B9
:106CCC001300F7B580221F00920217400C000197A9
:106CDC00134220D09A0717D55A0765D55022D906EA
:106CEC0014D5802189000A43C02519008026ED00A7
:106CFC002940F600B1424AD0A94218D08025AD00F7
:106D0C00A94217D1802114E01022E8E79906EBD5AF
:106D1C008021C900E7E73022D903E5D5DA0603D490
:106D2C009A06D20F9202DFE780229200DCE7C021A4
:106D3C0049000A43C0211E0089020E4005690096D5
:106D4C000B420AD02E693100E1408C460121674686
:106D5C000F4202D1A140314329610199002906D08B
:106D6C0041681E0315D50123A34049688B6100239C
:106D7C0021004068FFF754FF009B002B05D12B69C5
:106D8C0001221900E14011420AD10020FEBD8021F0
:106D9C00CEE75B03EBD50123A34049688B62E6E7A2
:106DAC00A24093432B61F0E786204042EEE770B59A
:106DBC000B0089680500002903D05E680C68002967
:106DCC0000D170BD8B681A002A402B4202D03000D3
:106DDC004B689847231E00D0236821001C00EEE767
:106DEC00F8B5050040681F000E001400FFF718FFEF
:106DFC00112F06D101236A68B3405268240502D5CD
:106E0C0093610020F8BD9362FBE7002210B51100DE
:106E1C001820FBF73FFA1820FBF730FA10BD7FB5AE
:106E2C0000200BAB059303930A9B01220293019064
:106E3C0003000090FAF714FE07B000BDF0B5150082
:106E4C00042287B005930369039004930B7A0C001A
:106E5C0013430B720A00022101238C46AB4209D961
:106E6C00049F103701225242D3173800FDF722FF3E
:106E7C00002625E0AB420CD2107A01270100167DCA
:106E8C007140394202D004210E4221D061460842A1
:106E9C001ED101330C32DBB2E0E70023012D01D00F
:106EAC0023001433059A0093019221686268A36849
:106EBC000398FCF7D7FD061E04DB013D0C34EDB244
:106ECC00002DEAD13800FDF7C3FE300007B0F0BD4D
:106EDC0016267642F9E77FB500200BAB059303939A
:106EEC000A9B01220293019003000090FAF7B8FD6F
:106EFC0007B000BD10B5040000F035F8002802D131
:106F0C002000FCF79FFC10BD026943680220DB687F
:106F1C00513219688143196019680018814319604E
:106F2C0019681C3081431960196810388143196045
:106F3C0019683030814319601278002A03D18021FE
:106F4C001A688A431A6070477FB500200BAB059313
:106F5C0003930A9B01220293019003000090FAF71D
:106F6C007FFD07B000BD70B543688021DB6802006F
:106F7C009D6904692800890008400D420DD0D8692C
:106F8C000143D961012363631000FFF7BDFF2000AB
:106F9C00FDF75EFE0520404270BD80219D694900D1
:106FAC000D42F9D0D8690143D9610123E363EBE7C2
:106FBC0037B50C000569836801A95B689847002800
:106FCC0007D10130A040019B2A6853401840431E52
:106FDC0098413EBD10B50B1F1B680C005B6864220A
:106FEC00186800210023F9F79CF9020020000B001F
:106FFC001430FEF703F810BD7FB500200BAB0593E2
:10700C0003930A9B01220293019003000090FAF76C
:10701C0027FD07B000BD30B503681360057904681F
:10702C00ED006419A34202D30220404230BD5C79CA
:10703C008C4201D00833F0E70020F7E74068CB031F
:10704C0000681B0D1B181F2001401E3888401B6850
:10705C000340591E8B410020137070474268CB03CC
:10706C0012681B0D9B181F2211401E3A8A4018688B
:10707C0002431A600020704742681F20CB03014076
:10708C001E38884012681B0D9B181A6882431A60C0
:10709C000020704770B50D000400FFF7DFFF2900DA
:1070AC002000FFF7E9FF002070BD00207047802210
:1070BC00030052010800934207D0802252059342EC
:1070CC0007D1434258410130704743425841033085
:1070DC00FAE7434258410230F6E7012210B5436803
:1070EC0002211B68D869DC69C0081040144200D02A
:1070FC000843DC6904220C4200D01043D9691142C8
:10710C0001D0202210438022D9695200114202D0B2
:10711C0008211A620843C20701D508221A628207A5
:10712C0001D501221A62420701D502221A62820697
:10713C0001D504221A6210BD43681A68EFF310815E
:10714C00012383F3108810683F330343136081F3EA
:10715C001088704743681A68EFF31081012383F39A
:10716C001088402013688343136081F310887047A4
:10717C0043681A68EFF31081012383F310881068B9
:10718C001F330343136081F31088704743681A68F8
:10719C00EFF31081012383F31088202013688343BD
:1071AC00136081F31088704743681B68D8698006A8
:1071BC00C00F704701207047036959609A6070478F
:1071CC0010B502695368002B01D09168984710BD27
:1071DC00002210B511001B20FBF75CF81B20FBF7FD
:1071EC004DF810BD002210B511001C20FBF752F811
:1071FC001C20FBF743F810BD002210B511001D2018
:10720C00FBF748F81D20FBF739F810BD7FB50020BF
:10721C000BAB059303930A9B01220293019003008D
:10722C000090FAF71DFC07B000BD43681B68D869D5
:10723C004006C00F7047436800201B68DA691206CD
:10724C0002D518684006C00F7047802210B54368FD
:10725C001B68D8691042FCD0EFF3108072B6DC6961
:10726C00144205D10028F4D162B6BFF36F8FF0E75A
:10727C009962002800D010BD62B6BFF36F8FFAE799
:10728C00202243681B68D969114203D01968012078
:10729C00114206D1DA690020520602D51868400660
:1072AC00C00F7047082243681B68D869104200D091
:1072BC001A62DA69920603D500205B6A0B7070477C
:1072CC0001204042FBE710B543690400002B07D1B5
:1072DC0000230122E168487802434A70584210BDED
:1072EC0098470028F4D0C21783185340FF2B00DDB9
:1072FC00FF23E2681370ECE7002809D00123C26871
:10730C0000205178194202D0107842425041184066
:10731C0070477FB500200BAB059303930A9B0122AA
:10732C000293019003000090FAF79AFB07B000BD9E
:10733C00EFF3108372B6FEE730B582684169140032
:10734C000C43032325001D401C420FD10369C5606B
:10735C00013B59435218002B01DA002030BDC168A3
:10736C00013B11604169C260521AF4E71620404299
:10737C00F4E7F7B505000F00EFF31083019372B635
:10738C00C668002E1ED10468A0421BD0002C19D058
:10739C0062682368200013605A600222237C2660F6
:1073AC00934323746660A660183000F055F92000F2
:1073BC00A667676100F0C5F8280001990830FDF751
:1073CC00A9FFF7BD3E60AB69EF60013BAB61019B70
:1073DC00002BF6D162B6BFF36F8FF2E710B5EFF367
:1073EC00108372B6FFF7FBFAF9E710B5002808D046
:1073FC0003689B0705D04468002901D000F0B8F958
:10740C00200010BD002A07D08A4205D38160C260DB
:10741C00006040600020704716204042FBE70122CC
:10742C0030B5140003688C401D00CB40A5430560AB
:10743C001800104030BD10B5032104000C30FFF7CC
:10744C00EEFF002806D02000103000F005F9434272
:10745C005841C0B210BD10B5002804D000228C30A9
:10746C00110000F0DBF810BD37B5EFF3108572B6E4
:10747C0000230400032104380193103CFFF7CFFFD5
:10748C00002805D0A36A200001A90193FDF7DCFCBC
:10749C00002D02D162B6BFF36F8F37BD70B53022AD
:1074AC000D000021040000F0A3F980235B0065604F
:1074BC00E36070BDEFF30580431E9841C0B2704786
:1074CC0058204042704700207047036842681360A0
:1074DC005A60002303604360704710B50400FFF747
:1074EC00F4FF0222237C934323740023A36010BD7A
:1074FC0070B504000D00FDF763FE0223227C1343DC
:10750C002374002D1CD0A5602B689D4209D16B689B
:10751C00256063601C606C6012E06A689A42F6D069
:10752C001B68002BF3D00E220E21A25659568A420C
:10753C00F3D09142F1DD5A682360626014605C60A4
:10754C0070BD10B5EFF3108472B6FDF7F3FD002C8F
:10755C0002D162B6BFF36F8F10BD10B5EFF310847C
:10756C0072B68368002B01D0FFF7B7FF002C02D155
:10757C0062B6BFF36F8F10BD70B50400EFF31085CA
:10758C0072B62823027C1A420BD18368002B01D0DF
:10759C00FFF7A3FF0422237C200093432374FDF701
:1075AC00C9FD002D02D162B6BFF36F8F70BD10B54F
:1075BC0001211838FFF7E0FF10BD70B5EFF310850F
:1075CC0072B60468A0420BD0002C02D02000FFF74A
:1075DC0084FF002D02D162B6BFF36F8F200070BD07
:1075EC000024F6E710B50400FFF7B7FF20001830B1
:1075FC0000F032F810BD70B50500046801260020BB
:10760C00A54201D0002C00D170BD2000FFF7EAFF8D
:10761C002000FFF796FF30002C68F1E7030070B5EF
:10762C00EFF3108572B604680020A3420ED084429A
:10763C000CD0A16762612000FFF74FFF20001830CB
:10764C0000F00AF82000FDF775FD0120002D02D195
:10765C0062B6BFF36F8F70BD70B50400EFF3108589
:10766C0072B60368002B1AD0FEF7B6F8060020009D
:10767C00FEF7E2F8802300221B0622616361A6421A
:10768C0006D1FEF7CDF8FEF7AFF80021FDF702F8B2
:10769C000020002D02D162B6BFF36F8F70BD162093
:1076AC004042F6E710B5FEF7DDF910BD10B5FEF758
:1076BC00D9F910BD42620200002318320162036343
:1076CC008261C261036043604363704710B504007C
:1076DC00FFF7C2FF002811D1636A002B01D02000F4
:1076EC00984720001830FFF768FF002806D0FFF7F6
:1076FC0028FFEFF3108072B6FDF722FE10BD0300D9
:10770C0070B5EFF3108572B60668012400208E4226
:10771C0001D120001A60002D02D162B6BFF36F8F29
:10772C00204070BD0300EFF3108272B60068411860
:10773C001960002A02D162B6BFF36F8F7047030045
:10774C00EFF3108272B60068411A1960002A02D158
:10775C0062B6BFF36F8F70470300EFF3108272B6FF
:10776C0000681960002A02D162B6BFF36F8F7047B0
:10777C00010010B5002803D00439086800F016F891
:10778C0010BD70B5041E08D0FDF728F80500A40143
:10779C00FDF724F8401BA042FAD370BD030010B5CE
:1077AC000C33C3600361FEF76CFF10BD70B50400B1
:1077BC00EFF3108572B6FEF754FF20000C30FFF784
:1077CC001AFF002805D0200029001430FDF7A2FD77
:1077DC0070BD002DFCD162B6BFF36F8FF8E70023AC
:1077EC0010B59A4200D110BDCC5CC4540133F8E7FB
:1077FC0003008218934200D1704719700133F9E7E6
:10780C0010B50A220021FEF77DFA10BD03004118C5
:10781C008B4202D01A78002A01D1181A7047013312
:10782C00F6E7F0B50D003721C91A8FB0C9B20D912A
:10783C001F2104000B400C930C99E3B2082955D07E
:10784C00102900D164E0E907600808436908069034
:10785C000791A008A9070843A90808900991089E58
:10786C00099F06980799801979410E07B4460609B5
:10787C0000966646009F37430E0900970196009EBE
:10788C00019F801979410E06B4466746060A3E43AD
:10789C0002960E0A0396029E039F801979410E04EC
:1078AC00B4466746060C3E4304960E0C0596049EA1
:1078BC00059F8019794100260A910B960A9E0B9F11
:1078CC00801979414E07CD080521C4083443614322
:1078DC0049005B1ADBB2092B12D9012000210A3BAB
:1078EC0024184D41DBB21DE00200A5E707210B4037
:1078FC0069078C466646E008E908064334000D002B
:10790C00303313702300501C2B43EDD10FB0F0BD5E
:10791C000F210B4029078C4666462009290906438E
:10792C0034000D00092BEBD90D99CB18DBB2E7E72E
:10793C000B694A69934202D05A1C0A61187070474D
:08794C00268AFF7F0100000004
:10795400000000002C7A0008E51700080000000071
:10796400DD4B000800000000315C0008000000004E
:1079740000000000487A0008000000000C7B0008AA
:1079840000000000B87A000800000000F07A000847
:1079940000000000D47A000800000000647A0008A7
:1079A40000000000807A0008000000009C7A0008B3
:1079B400812900080000000000000000447B00084A
:1079C40000000000287B000800000000607B000825
:1079D400892E0008000000000D4600080000000089
:1079E400A567000800000000F92600080000000058
:1079F400B527000800000000D5260008000000009C
:107A0400555C000800000000000000007C7B0008BA
:107A140000000000987B000800000000B47B000810
:087A2400B7700008000000002B
:107A2C00DAD3000800000000147D0008D601002005
:107A3C0000000000B12C00080000000022D9000852
:107A4C00B0810008047D0008EA010020000000005D
:107A5C000000000000000000ABD300080000000094
:107A6C0000000000D40100200000000031280008B4
:107A7C000000000082D6000840800008C87C000886
:107A8C00DA010020E0070020953500080000000016
:107A9C0090D6000854800008C87C0008DC01002047
:107AAC00F407002095350008000000009ED6000861
:107ABC0068800008C87C0008DE010020080800204F
:107ACC009535000800000000ACD600087C8000084A
:107ADC00C87C0008E00100201C0800209535000837
:107AEC0000000000BAD6000890800008C87C00088E
:107AFC00E20100203008002095350008000000004D
:107B0C00C8D60008A4800008C87C0008E401002046
:107B1C00440800209535000800000000B5D9000885
:107B2C00B48100085C7D0008EC0100206C01002091
:107B3C00E140000800000000C5D9000808820008D8
:107B4C005C7D0008EE01002080010020E14000086F
:107B5C0000000000D5D90008548200085C7D0008A4
:107B6C00F001002094010020E1400008000000001A
:107B7C0073D70008B8800008EC7C0008E6010020F0
:107B8C0058080020E9360008000000006FD60008F5
:107B9C00E47F0008307D0008D8010020F80C00209C
:107BAC00F93100080000000081D0000800810008B5
:107BBC0000000000E8010020FA0C0020813B0008C6
:047BCC0000000000B5
:107BD00000000000B769000800000000B769000855
:107BE00000000000B769000800000000B769000845
:107BF00000000000B7690008D8D300083929000840
:107C0000D6D3000839290008D4D300083929000840
:107C100000000000B769000800000000B769000814
:107C200000000000B769000800000000B769000804
:107C300000000000B769000800000000B7690008F4
:107C400000000000B769000800000000B7690008E4
:107C500000000000B769000800000000B7690008D4
:107C600000000000B769000800000000B7690008C4
:107C700000000000B769000800000000B7690008B4
:107C800000000000B769000800000000B7690008A4
:107C90007C7B0008016F000800000000B769000845
:107CA00000000000B7690008607B0008CD71000883
:107CB000447B0008CD710008287B0008CD710008C6
:087CC00000000000B769000894
:107CC800CD6C0008956B0008A16B0008B36B000829
:107CD800BD6B0008C76B0008E5340008D56B0008C9
:047CE8000000000098
:107CEC0051360008D1350008496E0008000000002C
:087CFC00000000000000000080
:107D0400497000086970000885700008A1700008B7
:107D1400052B0008452B000800000000752B000807
:0C7D24007D2C000800000000252C000849
:107D300089310008C1310008E92F00080000000067
:107D4000000000000000000000000000C16A000800
:0C7D5000D76A0008752F0008292F0008D2
:107D5C00B172000857720008E770000895430008DC
:107D6C00F1420008114500086D45000845710008F6
:107D7C0061710008437200087D7100089971000858
:107D8C0037720008B5710008313E0008893E0008C2
:0C7D9C008D720008C1710008C57100085C
:107DA80081D0000803000000B4D0000803000000E0
:107DB80091C7000801000000C9D3000803000000B3
:107DC80018D9000803000000D6D6000803000000F8
:107DD800C4D700080300000076D80008030000009C
:107DE80080D70008030000006FD3000803000000DC
:107DF800E4D0000803000000E8D0000803000000F9
:107E0800ACD1000803000000DFD000080300000028
:107E180002D3000803000000C0DA000803000000D5
:107E280061D300080300000033D9000803000000F4
:107E38007AD600080300000084D700080300000079
:107E4800D0D0000803000000C5D0000803000000DF
:087E5800E5D900080300000059
:107E6000987F0008540100209BD100080100000009
:107E7000400000000100000081C500080AC400089D
:107E800093C200081CC10008A5BF00082EBE000850
:107E9000B7BC000840BB0008C9B9000852B80008C8
:107EA000DBB6000864B50008EDB3000876B2000840
:107EB000FFB0000888AF000811AE00089AAC0008B7
:107EC00023AB0008ACA9000835A80008BEA600082E
:107ED00047A50008D0A3000859A20008E2A00008A6
:107EE0006B9F0008F49D00087D9C0008069B00081D
:107EF0008F99000818980008A19600082A95000894
:107F0000B39300083C920008C59000084E8F00080B
:107F1000D78D0008608C0008E98A00087289000883
:107F2000FB870008848600080D85000896830008FA
:107F3000B87A0008010010000C7B00080F00100048
:107F4000B87A0008000010008B68000800000000EC
:107F50000000000000000000000000007BD10008CD
:107F600083D10008000000000000000000000000B5
:107F70008BD100088FD1000893D1000897D1000859
:107F8000887F000828070020891E0008400700207D
:107F9000F60C002001000000376900080000000016
:107FA00005690008F968000800000000ED68000895
:107FB00000000000000000200000000000000B0690
:107FC00002000000C87F00080000000852D300082B
:107FD00022000206000000205AD3000822000B11E4
:107FE0005C0100207C7B00083C00000000000000D9
:107FF0000000000000000000000000000000000081
:108000000000000000000000000000000000000070
:10801000000000000000000000000000536B00089A
:10802000FB6A0008796A0008400080000000003FF9
:1080300022010100000000000A0000000000000012
:10804000FFFF000000140050050000003400000095
:1080500020000000FFFF000000100050040000009E
:108060003400000010000000FFFF0000000C005072
:10807000030000003400000008000000FFFF0000C3
:10808000000800500200000034000000040000005E
:10809000FFFF000000040050010000003400000059
:1080A00002000000FFFF0000000000500000000080
:1080B0003400000001000000176E0008D88000089E
:1080C0000100000000580040801A0600E08000080F
:1080D00000810008000000003C000000000040009B
:1080E000E880000801000000F080000802000000A5
:1080F000460300004002000066030000400200004A
:108100001E00000004000000188100082803002061
:10811000293D000800000000F07A00080700110067
:108120000B000000F07A00080900110002000000B6
:108130000C7B000804001100030000000C7B000809
:1081400005001100040000000C7B0008F07A000814
:10815000D47A0008B87A00089C7A0008807A00086F
:10816000000000000000000000000000000000000F
:1081700000000000000000000000000000000000FF
:1081800000000000000000000000000000000000EF
:1081900000000000000000000000000000000000DF
:1081A00000000000000000000000000000000000CF
:1081B00000100240004C00402C7A0008487A000869
:1081C00093050000E08100080100000000000000AD
:1081D0000000000000000000E881000805720008AF
:1081E0003C00000000000800F081000801000000D1
:1081F000F8810008020000000400000000020000F6
:108200002400000000000000004400402C7A000818
:10821000487A00089105000034820008010000003F
:108220000100000000000000000000003C82000887
:10823000F17100083C0000000000020044820008C8
:10824000010000004C820008010000004100000015
:1082500000020000003801402C7A0008487A00082B
:108260000E060000808200080100000001000000EE
:10827000000000000000000088820008DD71000896
:108280004000000000400000908200080100000053
:108290009882000801000000210100000002000097
:1082A00000000000000000000000000000000000CE
:1082B00000000000000000000000000000000000BE
:1082C00001000000020000000300000004000000A4
:1082D0000600000007000000080000000900000080
:1082E00076DA000884DA000898DA0008A7DA0008CD
:1082F000B3DA00085479000854790008DC790008E2
:10830000E47900082C7A00082C7A00084EDB00087B
:10831000000100000000000000100000003041706B
:10832000706C69636174696F6E20737461727465D7
:10833000640050415553494E4700504C4159494EF5
:108340004700F0426F6F7420616E696D6174696FF0
:108350006E20636F6D706C6574652E00496E697474
:1083600069616C6973696E672E2E2E00496E69749F
:1083700069616C69736174696F6E20636F6D706C95
:108380006574652E0076312E302E30004D535452D8
:108390000053594E430000000000000000000000A0
:1083A00000000000003FFF800FE0001FFC0007F00E
:1083B0000001FC007FFFC01FF0003FFE000FF8002F
:1083C00003FE007FFFE01FF0007FFE000FF80003B8
:1083D000FE007FFFE01FF0007FFE000FF80003FEAD
:1083E000007FFFF00FE000FFFC001FFC0007FF0014
:1083F0007FE03C00003FC0000FF80F03FE03C07F8A
:10840000C01E00007FC0001FF00787FC01E07FC096
:108410001E00007FC0001FF00787FC01E07FC01E28
:1084200000007FC0001FF80F07FE03C07FC01E0FB3
:10843000E07FC1FC1FFFFC07FFFF007FC01E1FF095
:108440007FC3FE1FFFF807FFFE007FC01E1FF07FE7
:10845000C3FE1FFFF807FFFE007FC01E1FF07FC393
:10846000FE1FFFF807FFFE007FC01E1FF07FC3FE48
:108470001FFFF007FFFC007FC01E1FF07FC3FE1F21
:10848000F80007FE00007FC01E1FF07FC3FE1FF034
:108490000007FC00007FC01E1FF07FC3FE1FF0001E
:1084A00007FC00007FE03C1FF03FC7FE0FF8000311
:1084B000FE00007FFFF01FF000FFFE001FFF00071F
:1084C000FFC07FFFE01FF0007FFE000FFF8003FF73
:1084D000E07FFFE01FF0007FFE000FFF8003FFE062
:1084E0007FFFC01FF0003FFE000FFF8003FFE03F53
:1084F000FF800FE0001FFC0003FE0000FF80000073
:10850000000000000000000000000000000000006B
:108510000000000000000000000000003FFF800F8E
:10852000E0001FFC0007F00001FC007FFFC01FF00F
:10853000003FFE000FF80003FE007FFFE01FF00089
:108540007FFE000FF80003FE007FFFE01FF0007FBA
:10855000FE000FF80003FE007FFFF00FE000FFFCBD
:10856000001FFC0007FF007FE03C00003FC0000F41
:10857000F80F03FE03C07FC01E00007FC0001FF085
:108580000787FC01E07FC01E00007FC0001FF007CE
:1085900087FC01E07FC01E00007FC0001FF80F07AE
:1085A000FE03C07FC01E0FE07FC1FC1FFFFC07FF62
:1085B000FF007FC01E1FF07FC3FE1FFFF807FFFEF6
:1085C000007FC01E1FF07FC3FE1FFFF807FFFE00E5
:1085D0007FC01E1FF07FC3FE1FFFF807FFFE007F56
:1085E000C01E1FF07FC3FE1FFFF007FFFC007FC00F
:1085F0001E1FF07FC3FE1FF80007FE00007FC01E95
:108600001FF07FC3FE1FF00007FC00007FC01E1F8D
:10861000F07FC3FE1FF00007FC00007FE03C1FF06E
:108620003FC7FE0FF80003FE00007FFFF01FF000C1
:10863000FFFE001FFF0007FFC07FFFE01FF0007F6D
:10864000FE000FFF8003FFE07FFFE01FF0007FFED2
:10865000000FFF8003FFE07FFFC01FF0003FFE0020
:108660000FFF8003FFE03FFF800FE0001FFC0003CF
:10867000FE0000FF8000000000000000000000007D
:1086800000000000000000000000000000000000EA
:108690000000003FFF800FE0001FFC0007F000011A
:1086A000FC007FFFC01FF0003FFE000FF80003FE3C
:1086B000007FFFE01FF0007FFE000FF80003FE00C8
:1086C0007FFFE01FF0007FFE000FF80003FE007F39
:1086D000FFF00FE000FFFC001FFC0007FF007FE041
:1086E0003C00003FC0000FF80F03FE03C07FC01E18
:1086F00000007FC0001FF00787FC01E07FC01E0064
:10870000007FC0001FF00787FC01E07FC01E000053
:108710007FC0001FF80F07FE03C07FC01E0FE07F61
:10872000C1FC1FFFFC07FFFF007FC01E1FF07FC3BF
:10873000FE1FFFF807FFFE007FC01E1FF07FC3FE75
:108740001FFFF807FFFE007FC01E1FF07FC3FE1F44
:10875000FFF807FFFE007FC01E1FF07FC3FE1FFF54
:10876000F007FFFC007FC01E1FF07FC3FE1FF80054
:1087700007FE00007FC01E1FF07FC3FE1FF0000732
:10878000FC00007FC01E1FF07FC3FE1FF00007FC2F
:1087900000007FE03C1FF03FC7FE0FF80003FE0023
:1087A000007FFFF01FF000FFFE001FFF0007FFC06B
:1087B0007FFFE01FF0007FFE000FFF8003FFE07FE0
:1087C000FFE01FF0007FFE000FFF8003FFE07FFF50
:1087D000C01FF0003FFE000FFF8003FFE03FFF805F
:1087E0000FE0001FFC0003FE0000FF8000000000FF
:1087F0000000000000000000000000000000000079
:10880000000000000000000000003FFF800FE000BB
:108810001FFC0007F00001FC007FFFC01FF0003FBD
:10882000FE000FF80003FE007FFFE01FF0007FFE58
:10883000000FF80003FE007FFFE01FF0007FFE0046
:108840000FF80003FE007FFFF00FE000FFFC001FA9
:10885000FC0007FF007FE03C00003FC0000FF80F66
:1088600003FE03C07FC01E00007FC0001FF007870B
:10887000FC01E07FC01E00007FC0001FF00787FCE6
:1088800001E07FC01E00007FC0001FF80F07FE033D
:10889000C07FC01E0FE07FC1FC1FFFFC07FFFF0071
:1088A0007FC01E1FF07FC3FE1FFFF807FFFE007F83
:1088B000C01E1FF07FC3FE1FFFF807FFFE007FC032
:1088C0001E1FF07FC3FE1FFFF807FFFE007FC01EC4
:1088D0001FF07FC3FE1FFFF007FFFC007FC01E1FBD
:1088E000F07FC3FE1FF80007FE00007FC01E1FF0D0
:1088F0007FC3FE1FF00007FC00007FC01E1FF07F3B
:10890000C3FE1FF00007FC00007FE03C1FF03FC7E4
:10891000FE0FF80003FE00007FFFF01FF000FFFED7
:10892000001FFF0007FFC07FFFE01FF0007FFE0079
:108930000FFF8003FFE07FFFE01FF0007FFE000FCE
:10894000FF8003FFE07FFFC01FF0003FFE000FFF2E
:108950008003FFE03FFF800FE0001FFC0003FE00EC
:1089600000FF800000000000000000000000000088
:1089700000000000000000000000000000000000F7
:10898000003FFF800FE0001FFC0007F00001FC002B
:108990007FFFC01FF0003FFE000FF80003FE007FC6
:1089A000FFE01FF0007FFE000FF80003FE007FFFD6
:1089B000E01FF0007FFE000FF80003FE007FFFF0D5
:1089C0000FE000FFFC001FFC0007FF007FE03C0001
:1089D000003FC0000FF80F03FE03C07FC01E000061
:1089E0007FC0001FF00787FC01E07FC01E00007FF2
:1089F000C0001FF00787FC01E07FC01E00007FC0A1
:108A0000001FF80F07FE03C07FC01E0FE07FC1FCF0
:108A10001FFFFC07FFFF007FC01E1FF07FC3FE1F6C
:108A2000FFF807FFFE007FC01E1FF07FC3FE1FFF81
:108A3000F807FFFE007FC01E1FF07FC3FE1FFFF878
:108A400007FFFE007FC01E1FF07FC3FE1FFFF00761
:108A5000FFFC007FC01E1FF07FC3FE1FF80007FE53
:108A600000007FC01E1FF07FC3FE1FF00007FC0048
:108A7000007FC01E1FF07FC3FE1FF00007FC000038
:108A80007FE03C1FF03FC7FE0FF80003FE00007FB1
:108A9000FFF01FF000FFFE001FFF0007FFC07FFF79
:108AA000E01FF0007FFE000FFF8003FFE07FFFE08C
:108AB0001FF0007FFE000FFF8003FFE07FFFC01F5D
:108AC000F0003FFE000FFF8003FFE03FFF800FE05C
:108AD000001FFC0003FE0000FF80000000000000FB
:108AE0000000000000000000000000000000000086
:108AF00000000000000000003FFF800FE0001FFCAE
:108B00000007F00001FC007FFFC01FF0003FFE00E7
:108B10000FF80003FE007FFFE01FF0007FFE000F54
:108B2000F80003FE007FFFE01FF0007FFE000FF85B
:108B30000003FE007FFFF00FE000FFFC001FFC00C1
:108B400007FF007FE03C00003FC0000FF80F03FE6E
:108B500003C07FC01E00007FC0001FF00787FC011C
:108B6000E07FC01E00007FC0001FF00787FC01E00F
:108B70007FC01E00007FC0001FF80F07FE03C07FEC
:108B8000C01E0FE07FC1FC1FFFFC07FFFF007FC07E
:108B90001E1FF07FC3FE1FFFF807FFFE007FC01EF1
:108BA0001FF07FC3FE1FFFF807FFFE007FC01E1FE0
:108BB000F07FC3FE1FFFF807FFFE007FC01E1FF0FF
:108BC0007FC3FE1FFFF007FFFC007FC01E1FF07F6A
:108BD000C3FE1FF80007FE00007FC01E1FF07FC30A
:108BE000FE1FF00007FC00007FC01E1FF07FC3FEC9
:108BF0001FF00007FC00007FE03C1FF03FC7FE0FA6
:108C0000F80003FE00007FFFF01FF000FFFE001FD2
:108C1000FF0007FFC07FFFE01FF0007FFE000FFF97
:108C20008003FFE07FFFE01FF0007FFE000FFF806A
:108C300003FFE07FFFC01FF0003FFE000FFF800337
:108C4000FFE03FFF800FE0001FFC0003FE0000FF7D
:108C50008000000000000000000000000000000094
:108C60000000000000000000000000000000003FC5
:108C7000FF800FE0001FFC0007F00001FC007FFFF9
:108C8000C01FF0003FFE000FF80003FE007FFFE072
:108C90001FF0007FFE000FF80003FE007FFFE01FC3
:108CA000F0007FFE000FF80003FE007FFFF00FE0F2
:108CB00000FFFC001FFC0007FF007FE03C00003FBE
:108CC000C0000FF80F03FE03C07FC01E00007FC06E
:108CD000001FF00787FC01E07FC01E00007FC0007E
:108CE0001FF00787FC01E07FC01E00007FC0001F4F
:108CF000F80F07FE03C07FC01E0FE07FC1FC1FFFFF
:108D0000FC07FFFF007FC01E1FF07FC3FE1FFFF8A0
:108D100007FFFE007FC01E1FF07FC3FE1FFFF80786
:108D2000FFFE007FC01E1FF07FC3FE1FFFF807FF7E
:108D3000FE007FC01E1FF07FC3FE1FFFF007FFFC79
:108D4000007FC01E1FF07FC3FE1FF80007FE00005B
:108D50007FC01E1FF07FC3FE1FF00007FC00007FD6
:108D6000C01E1FF07FC3FE1FF00007FC00007FE065
:108D70003C1FF03FC7FE0FF80003FE00007FFFF02E
:108D80001FF000FFFE001FFF0007FFC07FFFE01F76
:108D9000F0007FFE000FFF8003FFE07FFFE01FF089
:108DA000007FFE000FFF8003FFE07FFFC01FF00089
:108DB0003FFE000FFF8003FFE03FFF800FE0001F3A
:108DC000FC0003FE0000FF80000000000000000027
:108DD0000000000000000000000000000000000093
:108DE0000000000000003FFF800FE0001FFC0007B4
:108DF000F00001FC007FFFC01FF0003FFE000FF8F5
:108E00000003FE007FFFE01FF0007FFE000FF80070
:108E100003FE007FFFE01FF0007FFE000FF800035D
:108E2000FE007FFFF00FE000FFFC001FFC0007FFCB
:108E3000007FE03C00003FC0000FF80F03FE03C0BE
:108E40007FC01E00007FC0001FF00787FC01E07F8D
:108E5000C01E00007FC0001FF00787FC01E07FC03C
:108E60001E00007FC0001FF80F07FE03C07FC01E5A
:108E70000FE07FC1FC1FFFFC07FFFF007FC01E1F2C
:108E8000F07FC3FE1FFFF807FFFE007FC01E1FF02C
:108E90007FC3FE1FFFF807FFFE007FC01E1FF07F8D
:108EA000C3FE1FFFF807FFFE007FC01E1FF07FC339
:108EB000FE1FFFF007FFFC007FC01E1FF07FC3FEF8
:108EC0001FF80007FE00007FC01E1FF07FC3FE1FBB
:108ED000F00007FC00007FC01E1FF07FC3FE1FF0E4
:108EE0000007FC00007FE03C1FF03FC7FE0FF800CA
:108EF00003FE00007FFFF01FF000FFFE001FFF00D9
:108F000007FFC07FFFE01FF0007FFE000FFF800320
:108F1000FFE07FFFE01FF0007FFE000FFF8003FFF8
:108F2000E07FFFC01FF0003FFE000FFF8003FFE067
:108F30003FFF800FE0001FFC0003FE0000FF8000E9
:108F40000000000000000000000000000000000021
:108F5000000000000000000000000000003FFF8053
:108F60000FE0001FFC0007F00001FC007FFFC01FA6
:108F7000F0003FFE000FF80003FE007FFFE01FF04F
:108F8000007FFE000FF80003FE007FFFE01FF000EF
:108F90007FFE000FF80003FE007FFFF00FE000FFF0
:108FA000FC001FFC0007FF007FE03C00003FC0000A
:108FB0000FF80F03FE03C07FC01E00007FC0001F1C
:108FC000F00787FC01E07FC01E00007FC0001FF09B
:108FD0000787FC01E07FC01E00007FC0001FF80F64
:108FE00007FE03C07FC01E0FE07FC1FC1FFFFC0710
:108FF000FFFF007FC01E1FF07FC3FE1FFFF807FFAB
:10900000FE007FC01E1FF07FC3FE1FFFF807FFFE9C
:10901000007FC01E1FF07FC3FE1FFFF807FFFE008A
:109020007FC01E1FF07FC3FE1FFFF007FFFC007F05
:10903000C01E1FF07FC3FE1FF80007FE00007FC0A8
:109040001E1FF07FC3FE1FF00007FC00007FC01E44
:109050001FF07FC3FE1FF00007FC00007FE03C1FF5
:10906000F03FC7FE0FF80003FE00007FFFF01FF087
:1090700000FFFE001FFF0007FFC07FFFE01FF000A2
:109080007FFE000FFF8003FFE07FFFE01FF0007F07
:10909000FE000FFF8003FFE07FFFC01FF0003FFED8
:1090A000000FFF8003FFE03FFF800FE0001FFC0088
:1090B00003FE0000FF800000000000000000000030
:1090C00000000000000000000000000000000000A0
:1090D000000000003FFF800FE0001FFC0007F000D1
:1090E00001FC007FFFC01FF0003FFE000FF80003EF
:1090F000FE007FFFE01FF0007FFE000FF80003FE80
:10910000007FFFE01FF0007FFE000FF80003FE006D
:109110007FFFF00FE000FFFC001FFC0007FF007F57
:10912000E03C00003FC0000FF80F03FE03C07FC00B
:109130001E00007FC0001FF00787FC01E07FC01EFB
:1091400000007FC0001FF00787FC01E07FC01E0009
:10915000007FC0001FF80F07FE03C07FC01E0FE096
:109160007FC1FC1FFFFC07FFFF007FC01E1FF07FB9
:10917000C3FE1FFFF807FFFE007FC01E1FF07FC366
:10918000FE1FFFF807FFFE007FC01E1FF07FC3FE1B
:109190001FFFF807FFFE007FC01E1FF07FC3FE1FEA
:1091A000FFF007FFFC007FC01E1FF07FC3FE1FF80B
:1091B0000007FE00007FC01E1FF07FC3FE1FF000EF
:1091C00007FC00007FC01E1FF07FC3FE1FF00007DA
:1091D000FC00007FE03C1FF03FC7FE0FF80003FEDD
:1091E00000007FFFF01FF000FFFE001FFF0007FFE1
:1091F000C07FFFE01FF0007FFE000FFF8003FFE055
:109200007FFFE01FF0007FFE000FFF8003FFE07F85
:10921000FFC01FF0003FFE000FFF8003FFE03FFF95
:10922000800FE0001FFC0003FE0000FF8000000034
:10923000000000000000000000000000000000002E
:1092400000000000000000000000003FFF800FE071
:10925000001FFC0007F00001FC007FFFC01FF000B2
:109260003FFE000FF80003FE007FFFE01FF0007FCD
:10927000FE000FF80003FE007FFFE01FF0007FFEFE
:10928000000FF80003FE007FFFF00FE000FFFC007E
:109290001FFC0007FF007FE03C00003FC0000FF80C
:1092A0000F03FE03C07FC01E00007FC0001FF00739
:1092B00087FC01E07FC01E00007FC0001FF0078711
:1092C000FC01E07FC01E00007FC0001FF80F07FEFA
:1092D00003C07FC01E0FE07FC1FC1FFFFC07FFFF24
:1092E000007FC01E1FF07FC3FE1FFFF807FFFE00B8
:1092F0007FC01E1FF07FC3FE1FFFF807FFFE007F29
:10930000C01E1FF07FC3FE1FFFF807FFFE007FC0D7
:109310001E1FF07FC3FE1FFFF007FFFC007FC01E73
:109320001FF07FC3FE1FF80007FE00007FC01E1F56
:10933000F07FC3FE1FF00007FC00007FC01E1FF07F
:109340007FC3FE1FF00007FC00007FE03C1FF03FE2
:10935000C7FE0FF80003FE00007FFFF01FF000FFC4
:10936000FE001FFF0007FFC07FFFE01FF0007FFE31
:10937000000FFF8003FFE07FFFE01FF0007FFE0093
:109380000FFF8003FFE07FFFC01FF0003FFE000FD4
:10939000FF8003FFE03FFF800FE0001FFC0003FEA3
:1093A0000000FF800000000000000000000000003E
:1093B00000000000000000000000000000000000AD
:1093C00000003FFF800FE0001FFC0007F00001FCE1
:1093D000007FFFC01FF0003FFE000FF80003FE00FB
:1093E0007FFFE01FF0007FFE000FF80003FE007F0C
:1093F000FFE01FF0007FFE000FF80003FE007FFF7C
:10940000F00FE000FFFC001FFC0007FF007FE03CC6
:1094100000003FC0000FF80F03FE03C07FC01E0016
:10942000007FC0001FF00787FC01E07FC01E000026
:109430007FC0001FF00787FC01E07FC01E00007F97
:10944000C0001FF80F07FE03C07FC01E0FE07FC1E2
:10945000FC1FFFFC07FFFF007FC01E1FF07FC3FE45
:109460001FFFF807FFFE007FC01E1FF07FC3FE1F17
:10947000FFF807FFFE007FC01E1FF07FC3FE1FFF27
:10948000F807FFFE007FC01E1FF07FC3FE1FFFF026
:1094900007FFFC007FC01E1FF07FC3FE1FF8000700
:1094A000FE00007FC01E1FF07FC3FE1FF00007FC00
:1094B00000007FC01E1FF07FC3FE1FF00007FC00EE
:1094C000007FE03C1FF03FC7FE0FF80003FE0000E6
:1094D0007FFFF01FF000FFFE001FFF0007FFC07FAF
:1094E000FFE01FF0007FFE000FFF8003FFE07FFF23
:1094F000E01FF0007FFE000FFF8003FFE07FFFC052
:109500001FF0003FFE000FFF8003FFE03FFF800FD2
:10951000E0001FFC0003FE0000FF800000000000D0
:10952000000000000000000000000000000000003B
:109530000000000000000000000FFF800FE0001F8F
:10954000FC0007F00001FC003FFFC01FF0003FFEE1
:10955000000FF80003FE003FFFE01FF0007FFE0059
:109560000FF80003FE003FFFE01FF0007FFE000F3A
:10957000F80003FE003FFFF00FE000FFFC001FFCBF
:109580000007FF003FE03C00003FC0000FF80F0362
:10959000FE03C03FC01E00007FC0001FF00787FC15
:1095A00001C03FC01E00007FC0001FF00787FC0104
:1095B000C03FC01E00007FC0001FF80F07FE03C0A1
:1095C0003FC01E0FE07FC1FC1FFFFC07FFFF003FF5
:1095D000C01E1FF07FC3FE1FFFF807FFFE003FC045
:1095E0001E1FF07FC3FE1FFFF807FFFE003FC01ED7
:1095F0001FF07FC3FE1FFFF807FFFE003FC01E1FC6
:10960000F07FC3FE1FFFF007FFFC003FC01E1FF0EE
:109610007FC3FE1FF80007FE00003FC01E1FF07F43
:10962000C3FE1FF00007FC00003FC01E1FF07FC3F9
:10963000FE1FF00007FC00003FE03C1FF03FC7FEAC
:109640000FF80003FE00003FFFF01FF000FFFE00D8
:109650001FFF0007FFC03FFFE01FF0007FFE000F6D
:10966000FF8003FFC03FFFE01FF0007FFE000FFF01
:109670008003FFC03FFFC01FF0003FFE000FFF80D0
:1096800003FF800FFF800FE0001FFC0003FE0000BF
:10969000FF8000000000000000000000000000004B
:1096A00000000000000000000000000000000000BA
:1096B0000000800FE0001FFC0007F0000000003FEA
:1096C000FFC01FF0003FFE000FF80001FC003FFF4D
:1096D000E01FF0007FFE000FF80001FC003FFFE0FC
:1096E0001FF0007FFE000FF80001FC003FE1F00FCB
:1096F000E000FFFC001FFC000602003FC03C000031
:109700003FC0000FF80F03FE01003F801E00007FE6
:10971000C0001FF00787FC00C03F801E00007FC014
:10972000001FF00787FC00C03F801E00007FC000C4
:109730001FF80F07FE01003F801E0FE07FC1FC1FD6
:10974000FFFC07FE02003F801E1FF07FC3FE1FFFCD
:10975000F807FFFC003F801E1FF07FC3FE1FFFF8CD
:1097600007FFFC003F801E1FF07FC3FE1FFFF807AE
:10977000FFFC003F801E1FF07FC3FE1FFFF007FEAF
:1097800000003F801E1FF07FC3FE1FF80007FE0091
:10979000003F801E1FF07FC3FE1FF00007FC00008B
:1097A0003F801E1FF07FC3FE1FF00007FC00003F3C
:1097B000C03C1FF03FC7FE0FF80003FE00003FE172
:1097C000F01FF000FFFE001FFF000600003FFFE05B
:1097D0001FF0007FFE000FFF8001FFC03FFFE01F72
:1097E000F0007FFE000FFF8001FFC03FFFC01FF0B1
:1097F000003FFE000FFF8000FF800000800FE000B0
:109800001FFC0003FE00000000000000000000003C
:109810000000000000000000000000000000000048
:10982000000000000000000000000FE0001FFC002E
:1098300007F0000000001FFF801FF0003FFE000F38
:10984000F80001F8003FFFC01FF0007FFE000FF896
:109850000001FC003FFFC01FF0007FFE000FF8007A
:1098600001FC003FE0200FE000FFFC001FFC0002B5
:1098700000003FC01000003FC0000FF80F000400C0
:10988000003F800C00007FC0001FF00787F80080B9
:109890003F800C00007FC0001FF00787F800803F6A
:1098A000800E00007FC0001FF80F07FC00003F8003
:1098B0000E0FE07FC1FC1FFFFC07FE00003F800E83
:1098C0001FF07FC3FE1FFFF807FFFC003F800E1F45
:1098D000F07FC3FE1FFFF807FFFC003F800E1FF064
:1098E0007FC3FE1FFFF807FFF8003F800E1FF07FC9
:1098F000C3FE1FFFF007FE00003F800E1FF07FC376
:10990000FE1FF80007FC00003F800C1FF07FC3FE25
:109910001FF00007F800003F800C1FF07FC3FE1F00
:10992000F00007F800003FC0101FF03FC7FE0FF81F
:1099300000000400003FE0201FF000FFFE001FFFBA
:10994000000200003FFFC01FF0007FFE000FFF80FD
:1099500001FF803FFFC01FF0007FFE000FFF80016E
:10996000FFC01FFF801FF0003FFE000FFF8000FFC1
:10997000000000000FE0001FFC0003FE00000000DC
:1099800000000000000000000000000000000000D7
:1099900000000000000000000000000000000000C7
:1099A0000001E0001FFC0007F0000000001FFF00A6
:1099B0000FF0003FFE000FF80000F8001FFF800FBF
:1099C000F0007FFE000FF80001FC001FFFC00FF049
:1099D000007FFE000FF80001FC001FC02007E00020
:1099E000FFFC001FFC000000001F801000003FC0B3
:1099F000000FF80F000000001F800C00007FC00067
:109A00001FF00703F800801F800C00007FC0001FBC
:109A1000F00703F800801F800C00007FC0001FF8D3
:109A20000F03F800001F800C07E07FC1FC1FFFFC44
:109A300003FC00001F800C0FF07FC3FE1FFFF80324
:109A4000FFFC001F800C0FF07FC3FE1FFFF803FF19
:109A5000FC001F800C0FF07FC3FE1FFFF803FFF810
:109A6000001F800C0FF07FC3FE1FFFF003FC0000FF
:109A70001F800C0FF07FC3FE1FF80003F800001FCB
:109A8000800C0FF07FC3FE1FF00003F800001F8062
:109A90000C0FF07FC3FE1FF00003F800001F8010C2
:109AA0000FF03FC7FE0FF800000000001FC0200F9E
:109AB000F000FFFE001FFF000000001FFFC00FF0BE
:109AC000007FFE000FFF0001FF801FFF800FF000EE
:109AD0007FFE000FFF0001FFC01FFF000FF0003FDF
:109AE000FE000FFE00007F0000000001E0001FFCF0
:109AF0000003FC0000000000000000000000000067
:109B00000000000000000000000000000000000055
:109B100000000000000000000000001FFC000780A3
:109B2000000000000007000FE0003FFE000FF00003
:109B30000000001FFF800FF0007FFE000FF000010B
:109B4000F8001FE7C00FF0007FFE000FF0000100DB
:109B5000001FC000002000FFFC001FE80000000004
:109B60001F800000003FC0000FF804000000001F2D
:109B7000000800007FC0001FF00301F800001F0074
:109B80000C00007FC0001FF00303F800001F000C52
:109B900000007FC0001FF80403F800001F000C0045
:109BA000607FC1FC1FFFF803FC00001F000C0FF0DA
:109BB0007FC3FE1FFFF003FF80001F000C0FF07F2C
:109BC000C3FE1FFFF003FFF8001F000C0FF07FC360
:109BD000FE1FFFF003FF80001F000C0FF07FC3FE8D
:109BE0001FFFF003FC00001F000C0FF07FC3FE1FDF
:109BF000F80003F800001F000C0FF07FC3FE1FF0F9
:109C00000003F800001F00080FF07FC3FE1FF000E4
:109C100001F800001F80000FF03FC7FE0FF80000A2
:109C20000000001FC0000FF000FFFE001FE000005A
:109C300000001FE7C00FF0007FFE000FFF000100D3
:109C4000001FFF800FF0007FFE000FFF0001FF00EC
:109C50000007000FE0003FFE000FFE0000000000C4
:109C600000000000001FFC00038000000000000056
:109C700000000000000000000000000000000000E4
:109C800000000000000000000000000000000000D4
:109C900000001FFC0000000000000000000007E0C2
:109CA000003FFE000FF0000000000FFF800FE000FB
:109CB0007FFE000FF00000F8001FC00007E0007FEB
:109CC000FE000FF0000000001F8000000000FFFCFD
:109CD000001E08000000001F000000003FC0000F31
:109CE000F804000000001F000800007FC0001FF003
:109CF00002018000001F000C00007FC0001FF00266
:109D000003F000001F000C00007FC0001FF80403D8
:109D1000F800001F000C00007FC1FC1FFF0803FCBF
:109D200000001F000C07E07FC3FE1FFFF003FC00D4
:109D3000001F000C0FE07FC3FE1FFFF003FFF800C1
:109D40001F000C0FE07FC3FE1FFFF003FC00001F8D
:109D5000000C0FE07FC3FE1FFF0003FC00001F008C
:109D60000C0FE07FC3FE1FF80003F800001F000C7B
:109D70000FE07FC3FE1FF00003F000001F00080F7C
:109D8000E07FC3FE1FF000018000001F00000FE015
:109D90003FC7FE0FF800000000001F80000FE0002A
:109DA000FFFE001E00000000001FC0000FE0007F4B
:109DB000FE000FFE000000000FFF800FE0007FFE9E
:109DC000000FFF00007E0000000007E0003FFE00E3
:109DD0000BFC000000000000000000001FFC000061
:109DE0000000000000000000000000000000000073
:109DF0000000000000000000000000000000000063
:109E00000000000000000000001FFC000000000037
:109E1000000000000007C0003FFE0007E000000057
:109E200000000F000FE0007FFE0007F000000000C0
:109E30000F800007C0007FFE0007F0000000000F49
:109E40000000000000FFFC000800000000000E0001
:109E50000000003FC0000FF000000000000E0000F6
:109E600000007FC0001FF002000000000E00000094
:109E7000007FC0001FF00201F000000E0000000093
:109E80007FC0001FF80001F000000E000000007FFE
:109E9000C1FC1FF80001F800000E000007E07FC3BE
:109EA000FE1FFFF001FC00000E00000FE07FC3FE6C
:109EB0001FFFF001FFC0000E00000FE07FC3FE1F78
:109EC000FFE001FC00000E00000FE07FC3FE1FF862
:109ED0000001F800000E00000FE07FC3FE1FF80035
:109EE00001F000000E00000FE07FC3FE1FF0000134
:109EF000F000000E00000FE07FC3FE1FF000000026
:109F000000000E00000FE03FC7FE0FF00000000051
:109F1000000F00000FE000FFFE000800000000003E
:109F20000F80000FE0007FFE0007FE000000000031
:109F30000F000FE0007FFE0007FF000000000000A0
:109F40000007C0003FFE0003FC000000000000000E
:109F50000000001FFC0000000000000000000000E6
:109F600000000000000000000000000000000000F1
:109F700000000000000000000000000000000000E1
:109F80001FFC0000000000000000000000C0003FB7
:109F9000FE0003E00000000000000007E0007FFE7C
:109FA0000007F00000000003000001C0007FFE0079
:109FB00007F000000000060000000000FFFC0008A1
:109FC000000000000006000000000FC0000F90001D
:109FD0000000000006000000003FC0001FE002007B
:109FE00000000006000000003FC0001FE00201E08A
:109FF000000006000000003FC0001FF00001F0005C
:10A000000006000000003FC1FC1FF80001F0000046
:10A0100006000003C03FC3FE1FFFF001F80000066A
:10A02000000007E03FC3FE1FFFF001FC0000060038
:10A030000007E03FC3FE1FFFE001F800000600003C
:10A0400007E03FC3FE1FF80001F000000600000714
:10A05000E03FC3FE1FF00001F0000006000007E033
:10A060003FC3FE1FE00001E0000006000007E03FE4
:10A07000C3FE1FE0000000000006000007E00FC75D
:10A08000FE0F90000000000006000007E000FFFE49
:10A090000008000000000003000007E0007FFE0051
:10A0A00007FC0000000000000007E0007FFE000742
:10A0B000FE0000000000000000C0003FFE0001F8AC
:10A0C000000000000000000000001FFC0000000075
:10A0D0000000000000000000000000000000000080
:10A0E0000000000000000000000000000000000070
:10A0F0000000000000000000F80000000000000068
:10A100000000000000001FFE0003800000000000AF
:10A11000000007C0007FFE0007E000000000000014
:10A12000000000007FFE0007C000000000040000E7
:10A13000000000FFFC000000000000000400000020
:10A140000003C0000E10000000000004000000002A
:10A150003FC0001FE0000000000004000000003FBE
:10A16000C0001FE0000000000004000000003FC02D
:10A17000001FF00000E0000004000000003FC1FCF0
:10A180001FF80000F0000004000000003FC3FE1FA5
:10A19000FFE000F0000004000007E03FC3FE1FFFE7
:10A1A000E000F8000004000007E03FC3FE1FFFE0EE
:10A1B00000F0000004000007E03FC3FE1FF80000AD
:10A1C000F0000004000007E03FC3FE1FF00000E0C5
:10A1D000000004000007E03FC3FE1FE00000000095
:10A1E0000004000007E03FC3FE1FE0000000000085
:10A1F00004000007C003C7FE0E10000000000004AA
:10A20000000007C000FFFE0000000000000000008A
:10A210000007C0007FFE0007C00000000000000033
:10A2200007C0007FFE0007FC0000000000000000E7
:10A2300000001FFE00018000000000000000000080
:10A240000000F80000000000000000000000000016
:10A2500000000000000000000000000000000000FE
:10A2600000000000000000000000000000000000EE
:10A27000000000000000000000000000001FFC00C3
:10A2800000000000000000000003C0003FFC0007C9
:10A29000E0000000000000000000003FFE0004009D
:10A2A000000000000000000000007FFC0000000033
:10A2B000000000000000000000C0000800000000D6
:10A2C000000000000000001FC0001FE000000000B0
:10A2D0000000000000003FC0001FE0000000000080
:10A2E00000000000003FC0001FE00000C0000000B0
:10A2F000000000003FC1FC1FF00000E00000000073
:10A300000000003FC3FE1FFF0000F000000000003F
:10A3100007C03FC3FE1FFFE000F000000000000781
:10A32000C03FC3FE1FFF0000F0000000000007C098
:10A330003FC3FE1FF00000E0000000000007C03F28
:10A34000C3FE1FE00000C0000000000007C03FC3C4
:10A35000FE1FE0000000000000000007C01FC3FE59
:10A360001FE0000000000000000007C000C7FE085A
:10A3700000000000000000000007C0007FFE000099
:10A38000000000000000000007C0003FFE000400C5
:10A390000000000000000003C0003FFC0007FC00BC
:10A3A0000000000000000000001FFC000000000092
:10A3B000000000000000000000000000000000009D
:10A3C000000000000000000000000000000000008D
:10A3D000000000000000000000000000000000007D
:10A3E000000000000000000000000000000000006D
:10A3F000000000001FFC0000000000000000000042
:10A400000000003FFC0003C000000000000000004E
:10A4100000003FFC00000000000000000000000001
:10A42000004FFC00000000000000000000000000E1
:10A4300080000000000000000000000000001FC0BD
:10A44000001FE0000000000000000000003FC0000E
:10A450001FE0000000000000000000003FC0001FDF
:10A46000E0000000000000000000003FC1FC1FF001
:10A47000000040000000000000003FC3FE1FFC0081
:10A480000060000000000000C03FC3FE1FFFE000AE
:10A4900070000000000003C03FC3FE1FFC0000600E
:10A4A000000000000003C03FC3FE1FF0000040009A
:10A4B0000000000003C03FC3FE1FE00000000000DA
:10A4C00000000003C03FC3FE1FE0000000000000CA
:10A4D000000003C01FC3FE1FE000000000000000DA
:10A4E0000003C00087FE0000000000000000000024
:10A4F00003C0004FFE000000000000000000000349
:10A50000C0003FFC00000000000000000000000050
:10A51000003FFC0001E0000000000000000000001F
:10A520001FFC000000000000000000000000000010
:10A53000000000000000000000000000000000001B
:10A54000000000000000000000000000000000000B
:10A5500000000000000000000000000000000000FB
:10A5600000000000000000000000000FF8000000E4
:10A57000000000000000000000001FFC00010000BF
:10A580000000000000000000003FFC000000000090
:10A59000000000000000000040F800000000000083
:10A5A000000000000000008000000000000000002B
:10A5B00000000000001F80000FC00000000000002D
:10A5C000000000003FC0001FE0000000000000008D
:10A5D0000000003FC0001FE000000000000000007D
:10A5E00000003FC1FC1FF000000000000000000060
:10A5F000003FC3FE1FF80000000000000000000044
:10A600003FC3FE1FFFC00020000000000003803F8A
:10A61000C3FE1FF8000000000000000003803FC3DD
:10A62000FE1FF0000000000000000003803FC3FE9A
:10A630001FE0000000000000000003803FC3FE1F79
:10A64000E0000000000000000003801F83FE0FC038
:10A65000000000000000000003800087FE000000F2
:10A660000000000000000003800047FC0000000024
:10A670000000000000000380003FFC00000000001C
:10A6800000000000000000001FFC000000000000AF
:10A69000000000000000000FF800000000000000B3
:10A6A00000000000000000000000000000000000AA
:10A6B000000000000000000000000000000000009A
:10A6C000000000000000000000000000000000008A
:10A6D000000000000000000000000000000000007A
:10A6E00000000FF800000000000000000000000063
:10A6F000001FFC000000000000000000000000003F
:10A700003FFC00000000000000000000000000000E
:10A710000000000000000000000000000000000039
:10A720000000000000000000000000000F80000F8B
:10A7300080000000000000000000001F80000FC02B
:10A74000000000000000000000001F80000FE0007B
:10A750000000000000000000001FC1FC1FE000001E
:10A7600000000000000000001FC3FE1FF0000000FA
:10A77000000000000000001FC3FE1FFE00000000DC
:10A780000000000000801FC3FE1FF000000000005A
:10A7900000000001801FC3FE1FE000000000000059
:10A7A000000001801F83FE0FE00000000000000099
:10A7B0000001801F83FE0FC00000000000000000A9
:10A7C00001000F83FE0F8000000000000000000168
:10A7D000000003FC00000000000000000000010079
:10A7E0000007FC0000000000000000000000000066
:10A7F0003FFC000000000000000000000000001FFF
:10A80000FC000000000000000000000000000FF845
:10A810000000000000000000000000000000000038
:10A820000000000000000000000000000000000028
:10A830000000000000000000000000000000000018
:10A840000000000000000000000000000000000008
:10A8500000000000000000000001F80000000000FF
:10A8600000000000000000001FFC000000000000CD
:10A87000000000000000003FF800000000000000A1
:10A8800000000000000000000000000000000000C8
:10A8900000000000000000000000000000000000B8
:10A8A000000000038000060000000000000000001F
:10A8B00000001F80000FC00000000000000000002A
:10A8C000001F80000FC0000000000000000000001A
:10A8D0001F81FC0FE0000000000000000000001FCE
:10A8E00083FE0FF0000000000000000000001F8346
:10A8F000FE0FF8000000000000000000001F83FEB3
:10A900000FF0000000000000000001001F83FE0F98
:10A91000E0000000000000000001001F83FE0FC0E7
:10A92000000000000000000001001F83FE0FC000B7
:10A930000000000000000001000381FC0600000090
:10A9400000000000000001000003FC000000000007
:10A95000000000000001000003FC000000000000F7
:10A96000000000000000003FFC00000000000000AC
:10A970000000000000001FFC0000000000000000BC
:10A98000000000000001F8000000000000000000CE
:10A9900000000000000000000000000000000000B7
:10A9A00000000000000000000000000000000000A7
:10A9B0000000000000000000000000000000000097
:10A9C0000000000000000000000000000000000087
:10A9D0000000000000000000000000000000000F68
:10A9E000F8000000000000000000000000000FF868
:10A9F0000000000000000000000000000000000057
:10AA00000000000000000000000000000000000046
:10AA100000000000000000000000008000000000B6
:10AA20000000000000000000001F80000FC00000B8
:10AA300000000000000000001F80000FC0000000A8
:10AA4000000000000000001F81FC0FC0000000009B
:10AA50000000000000001F83FE0FE0000000000067
:10AA600000000000001F83FE0FF000000000000047
:10AA7000000000001F83FE0FE00000000000000047
:10AA80000000001F83FE0FC0000000000000000057
:10AA900000001F83FE0FC000000000000000000047
:10AAA000001F83FE0FC00000000000000000000037
:10AAB0000081FC0000000000000000000000000019
:10AAC00001FC000000000000000000000000000386
:10AAD000FC000000000000000000000000000FFC6F
:10AAE000000000000000000000000000000FF8005F
:10AAF0000000000000000000000000000000000056
:10AB00000000000000000000000000000000000045
:10AB10000000000000000000000000000000000035
:10AB20000000000000000000000000000000000025
:10AB30000000000000000000000000000000000015
:10AB40000000000000000000000000000000000005
:10AB50000000000000000FF80000000000000000EE
:10AB60000000000000007000000000000000000075
:10AB700000000000000000000000000000000000D5
:10AB800000000000000000000000000000000000C5
:10AB900000000000000000000000000000000000B5
:10ABA0000F80000F80000000000000000000000F78
:10ABB00080000FC0000000000000000000000F81B6
:10ABC000FC0FC0000000000000000000000F83FE2A
:10ABD0000FE0000000000000000000000F83FE0FE7
:10ABE000F0000000000000000000000F83FE0FE0F6
:10ABF000000000000000000000000F83FE0FC000F6
:10AC00000000000000000000000F83FE0FC00000E5
:10AC100000000000000000000F81FC0F8000000019
:10AC2000000000000000000001FC00000000000027
:10AC30000000000000000001FC0000000000000017
:10AC400000000000000003FC000000000000000005
:10AC5000000000000007F8000000000000000000F5
:10AC6000000000000FF800000000000000000000DD
:10AC700000000000000000000000000000000000D4
:10AC800000000000000000000000000000000000C4
:10AC900000000000000000000000000000000000B4
:10ACA00000000000000000000000000000000000A4
:10ACB0000000000000000000000000000000000094
:10ACC0000000000000000000000000000007F80085
:10ACD0000000000000000000000000000000000074
:10ACE0000000000000000000000000000000000064
:10ACF0000000000000000000000000000000000054
:10AD00000000000000000000000000000000000043
:10AD1000000000000000000300000600000000002A
:10AD20000000000000000F0000078000000000008D
:10AD300000000000000F01FC07C000000000000040
:10AD4000000000000F83FE0FC000000000000000A4
:10AD50000000000F83FE0FE0000000000000000074
:10AD600000000F83FE0FC000000000000000000084
:10AD7000000F03FE07C000000000000000000000FC
:10AD80000F03FE0780000000000000000000000329
:10AD900001FC0600000000000000000000000001AF
:10ADA000FC0000000000000000000000000001FCAA
:10ADB0000000000000000000000000000003F80098
:10ADC00000000000000000000000000003F8000088
:10ADD000000000000000000000000007F800000074
:10ADE0000000000000000000000000000000000063
:10ADF0000000000000000000000000000000000053
:10AE00000000000000000000000000000000000042
:10AE10000000000000000000000000000000000032
:10AE20000000000000000000000000000000000022
:10AE30000000000000000000000000000000000012
:10AE40000000000000700000000000000000000092
:10AE500000000000000000000000000000000000F2
:10AE600000000000000000000000000000000000E2
:10AE700000000000000000000000000000000000D2
:10AE800000000000000000000000000000000100C1
:10AE9000000000000000000000000000000F0000A3
:10AEA0000780000000000000000000000F01FC0708
:10AEB00080000000000000000000000F03FE07C03B
:10AEC000000000000000000000000F03FE07C000AB
:10AED0000000000000000000000F03FE07C000009B
:10AEE00000000000000000000F03FE0780000000CB
:10AEF000000000000000000F01FC078000000000BF
:10AF00000000000000000101FC0000000000000043
:10AF100000000000000001FC000000000000000034
:10AF2000000000000001F800000000000000000028
:10AF30000000000001F80000000000000000000018
:10AF400000000001F8000000000000000000000008
:10AF50000000007000000000000000000000000081
:10AF600000000000000000000000000000000000E1
:10AF700000000000000000000000000000000000D1
:10AF800000000000000000000000000000000000C1
:10AF900000000000000000000000000000000000B1
:10AFA00000000000000000000000000000000000A1
:10AFB0000000000000000000000000000000000091
:10AFC0000000000000000000000000000000000081
:10AFD0000000000000000000000000000000000071
:10AFE0000000000000000000000000000000000061
:10AFF0000000000000000000000000000000000051
:10B000000000000000000000000000000000000040
:10B010000000000006000003000000000000000027
:10B020000000000601FC038000000000000000009A
:10B0300000000703FE078000000000000000000081
:10B04000000703FE07C00000000000000000000031
:10B050000703FE078000000000000000000000065B
:10B0600003FE038000000000000000000000060155
:10B07000FC0300000000000000000000000001FCD4
:10B080000000000000000000000000000000F800C8
:10B0900000000000000000000000000000F80000B8
:10B0A000000000000000000000000001F8000000A7
:10B0B0000000000000000000000001F0000000009F
:10B0C0000000000000000000000000000000000080
:10B0D0000000000000000000000000000000000070
:10B0E0000000000000000000000000000000000060
:10B0F0000000000000000000000000000000000050
:10B10000000000000000000000000000000000003F
:10B11000000000000000000000000000000000002F
:10B12000000000000000000000000000000000001F
:10B13000000000000000000000000000000000000F
:10B1400000000000000000000000000000000000FF
:10B1500000000000000000000000000000000000EF
:10B1600000000000000000000000000000000000DF
:10B1700000000000000000000000000000000000CF
:10B1800000000000000000000000000000000000BF
:10B19000000000000000000000000401FC010000AD
:10B1A0000000000000000000000603FE0380000015
:10B1B00000000000000000000603FE038000000005
:10B1C000000000000000000603FE038000000000F5
:10B1D0000000000000000403FE0100000000000069
:10B1E00000000000000001FC000000000000000062
:10B1F000000000000001FC00000000000000000052
:10B200000000000000F80000000000000000000046
:10B2100000000000F8000000000000000000000036
:10B22000000000F00000000000000000000000002E
:10B230000000F0000000000000000000000000001E
:10B2400000000000000000000000000000000000FE
:10B2500000000000000000000000000000000000EE
:10B2600000000000000000000000000000000000DE
:10B2700000000000000000000000000000000000CE
:10B2800000000000000000000000000000000000BE
:10B2900000000000000000000000000000000000AE
:10B2A000000000000000000000000000000000009E
:10B2B000000000000000000000000000000000008E
:10B2C000000000000000000000000000000000007E
:10B2D000000000000000000000000000000000006E
:10B2E000000000000000000000000000000000005E
:10B2F000000000000000000000000000000000004E
:10B30000000000000000000000000000000000003D
:10B3100000000070000000000000000000000000BD
:10B320000003FE000000000000000000000000001C
:10B3300003FE008000000000000000000000000389
:10B34000FE0000000000000000000000000001FC02
:10B350000000000000000000000000000001FC00F0
:10B3600000000000000000000000000000F80000E5
:10B37000000000000000000000000000F8000000D5
:10B380000000000000000000000000F000000000CD
:10B3900000000000000000000000F00000000000BD
:10B3A000000000000000000000700000000000002D
:10B3B000000000000000000000000000000000008D
:10B3C000000000000000000000000000000000007D
:10B3D000000000000000000000000000000000006D
:10B3E000000000000000000000000000000000005D
:10B3F000000000000000000000000000000000004D
:10B40000000000000000000000000000000000003C
:10B41000000000000000000000000000000000002C
:10B42000000000000000000000000000000000001C
:10B43000000000000000000000000000000000000C
:10B4400000000000000000000000000000000000FC
:10B4500000000000000000000000000000000000EC
:10B4600000000000000000000000000000000000DC
:10B4700000000000000000000000000000000000CC
:10B48000000000000000000000007000000000004C
:10B49000000000000000000003FE000000000000AB
:10B4A0000000000000000003FE000000000000009B
:10B4B00000000000000003FE00000000000000008B
:10B4C000000000000001FC0000000000000000007F
:10B4D0000000000001FC000000000000000000006F
:10B4E00000000000F8000000000000000000000064
:10B4F000000000F800000000000000000000000054
:10B5000000007000000000000000000000000000CB
:10B5100000700000000000000000000000000000BB
:10B52000000000000000000000000000000000001B
:10B53000000000000000000000000000000000000B
:10B5400000000000000000000000000000000000FB
:10B5500000000000000000000000000000000000EB
:10B5600000000000000000000000000000000000DB
:10B5700000000000000000000000000000000000CB
:10B5800000000000000000000000000000000000BB
:10B5900000000000000000000000000000000000AB
:10B5A000000000000000000000000000000000009B
:10B5B000000000000000000000000000000000008B
:10B5C000000000000000000000000000000000007B
:10B5D000000000000000000000000000000000006B
:10B5E000000000000000000000000000000000005B
:10B5F000000000000000000000000000000000004B
:10B600000020000000000000000000000000000317
:10B61000FE0000000000000000000000000003FE2B
:10B620000000000000000000000000000003FE0019
:10B6300000000000000000000000000001FC00000D
:10B64000000000000000000000000000F800000002
:10B650000000000000000000000000F800000000F2
:10B66000000000000000000000007000000000006A
:10B67000000000000000000000700000000000005A
:10B68000000000000000000020000000000000009A
:10B6900000000000000000000000000000000000AA
:10B6A000000000000000000000000000000000009A
:10B6B000000000000000000000000000000000008A
:10B6C000000000000000000000000000000000007A
:10B6D000000000000000000000000000000000006A
:10B6E000000000000000000000000000000000005A
:10B6F000000000000000000000000000000000004A
:10B700000000000000000000000000000000000039
:10B710000000000000000000000000000000000029
:10B720000000000000000000000000000000000019
:10B730000000000000000000000000000000000009
:10B7400000000000000000000000000000000000F9
:10B7500000000000000000000000000000000000E9
:10B7600000000000000000000000000000000000D9
:10B7700000000000000000002000000000000000A9
:10B7800000000000000003FE0000000000000000B8
:10B79000000000000003FE000000000000000000A8
:10B7A0000000000003FE0000000000000000000098
:10B7B00000000001FC00000000000000000000008C
:10B7C000000000F800000000000000000000000081
:10B7D00000007000000000000000000000000000F9
:10B7E00000700000000000000000000000000000E9
:10B7F0002000000000000000000000000000000029
:10B800000000000000000000000000000000000038
:10B810000000000000000000000000000000000028
:10B820000000000000000000000000000000000018
:10B830000000000000000000000000000000000008
:10B8400000000000000000000000000000000000F8
:10B8500000000000000000000000000000000000E8
:10B8600000000000000000000000000000000000D8
:10B8700000000000000000000000000000000000C8
:10B8800000000000000000000000000000000000B8
:10B8900000000000000000000000000000000000A8
:10B8A0000000000000000000000000000000000098
:10B8B0000000000000000000000000000000000088
:10B8C0000000000000000000000000000000000078
:10B8D0000000000000000000000000000000000068
:10B8E0000000000000000000000000000000000058
:10B8F0000000000000000000000000000001FC004B
:10B9000000000000000000000000000003FE000036
:10B91000000000000000000000000001FC0000002A
:10B920000000000000000000000000F8000000001F
:10B9300000000000000000000000F800000000000F
:10B940000000000000000000007000000000000087
:10B9500000000000000000002000000000000000C7
:10B9600000000000000000000000000000000000D7
:10B9700000000000000000000000000000000000C7
:10B9800000000000000000000000000000000000B7
:10B9900000000000000000000000000000000000A7
:10B9A0000000000000000000000000000000000097
:10B9B0000000000000000000000000000000000087
:10B9C0000000000000000000000000000000000077
:10B9D0000000000000000000000000000000000067
:10B9E0000000000000000000000000000000000057
:10B9F0000000000000000000000000000000000047
:10BA00000000000000000000000000000000000036
:10BA10000000000000000000000000000000000026
:10BA20000000000000000000000000000000000016
:10BA30000000000000000000000000000000000006
:10BA400000000000000000000000000000000000F6
:10BA500000000000000000000000000000000000E6
:10BA600000000000000000000000000000000000D6
:10BA70000000000001FC00000000000000000000C9
:10BA800000000003FE0000000000000000000000B5
:10BA9000000001FC000000000000000000000000A9
:10BAA0000000F8000000000000000000000000009E
:10BAB0000070000000000000000000000000000016
:10BAC0007000000000000000000000000000000006
:10BAD0000000000000000000000000000000000066
:10BAE0000000000000000000000000000000000056
:10BAF0000000000000000000000000000000000046
:10BB00000000000000000000000000000000000035
:10BB10000000000000000000000000000000000025
:10BB20000000000000000000000000000000000015
:10BB30000000000000000000000000000000000005
:10BB400000000000000000000000000000000000F5
:10BB500000000000000000000000000000000000E5
:10BB600000000000000000000000000000000000D5
:10BB700000000000000000000000000000000000C5
:10BB800000000000000000000000000000000000B5
:10BB900000000000000000000000000000000000A5
:10BBA0000000000000000000000000000000000095
:10BBB0000000000000000000000000000000000085
:10BBC0000000000000000000000000000000000075
:10BBD0000000000000000000000000000000000065
:10BBE000000000000000000000000000F80000005D
:10BBF0000000000000000000000003FE0000000044
:10BC000000000000000000000001FC000000000037
:10BC100000000000000000000070000000000000B4
:10BC200000000000000000007000000000000000A4
:10BC300000000000000000200000000000000000E4
:10BC400000000000000000000000000000000000F4
:10BC500000000000000000000000000000000000E4
:10BC600000000000000000000000000000000000D4
:10BC700000000000000000000000000000000000C4
:10BC800000000000000000000000000000000000B4
:10BC900000000000000000000000000000000000A4
:10BCA0000000000000000000000000000000000094
:10BCB0000000000000000000000000000000000084
:10BCC0000000000000000000000000000000000074
:10BCD0000000000000000000000000000000000064
:10BCE0000000000000000000000000000000000054
:10BCF0000000000000000000000000000000000044
:10BD00000000000000000000000000000000000033
:10BD10000000000000000000000000000000000023
:10BD20000000000000000000000000000000000013
:10BD30000000000000000000000000000000000003
:10BD400000000000000000000000000000000000F3
:10BD500000000000000000000000000000000000E3
:10BD6000000000F8000000000000000000000000DB
:10BD70000003FE00000000000000000000000000C2
:10BD800001FC0000000000000000000000000000B6
:10BD90007000000000000000000000000000002013
:10BDA0000000000000000000000000000000000093
:10BDB0000000000000000000000000000000000083
:10BDC0000000000000000000000000000000000073
:10BDD0000000000000000000000000000000000063
:10BDE0000000000000000000000000000000000053
:10BDF0000000000000000000000000000000000043
:10BE00000000000000000000000000000000000032
:10BE10000000000000000000000000000000000022
:10BE20000000000000000000000000000000000012
:10BE30000000000000000000000000000000000002
:10BE400000000000000000000000000000000000F2
:10BE500000000000000000000000000000000000E2
:10BE600000000000000000000000000000000000D2
:10BE700000000000000000000000000000000000C2
:10BE800000000000000000000000000000000000B2
:10BE900000000000000000000000000000000000A2
:10BEA0000000000000000000000000000000000092
:10BEB0000000000000000000000000000000000082
:10BEC0000000000000000000000000000000000072
:10BED0000000000000000000000020000000000042
:10BEE000000000000000000003FE00000000000051
:10BEF0000000000000000000F8000000000000004A
:10BF000000000000000000700000000000000000C1
:10BF10000000000000002000000000000000000001
:10BF20000000000000000000000000000000000011
:10BF30000000000000000000000000000000000001
:10BF400000000000000000000000000000000000F1
:10BF500000000000000000000000000000000000E1
:10BF600000000000000000000000000000000000D1
:10BF700000000000000000000000000000000000C1
:10BF800000000000000000000000000000000000B1
:10BF900000000000000000000000000000000000A1
:10BFA0000000000000000000000000000000000091
:10BFB0000000000000000000000000000000000081
:10BFC0000000000000000000000000000000000071
:10BFD0000000000000000000000000000000000061
:10BFE0000000000000000000000000000000000051
:10BFF0000000000000000000000000000000000041
:10C000000000000000000000000000000000000030
:10C010000000000000000000000000000000000020
:10C020000000000000000000000000000000000010
:10C030000000000000000000000000000000000000
:10C0400000000000000000000000000000000000F0
:10C0500000200000000000000000000000000003BD
:10C06000FE00000000000000000000000000007062
:10C0700000000000000000000000000000002000A0
:10C0800000000000000000000000000000000000B0
:10C0900000000000000000000000000000000000A0
:10C0A0000000000000000000000000000000000090
:10C0B0000000000000000000000000000000000080
:10C0C0000000000000000000000000000000000070
:10C0D0000000000000000000000000000000000060
:10C0E0000000000000000000000000000000000050
:10C0F0000000000000000000000000000000000040
:10C10000000000000000000000000000000000002F
:10C11000000000000000000000000000000000001F
:10C12000000000000000000000000000000000000F
:10C1300000000000000000000000000000000000FF
:10C1400000000000000000000000000000000000EF
:10C1500000000000000000000000000000000000DF
:10C1600000000000000000000000000000000000CF
:10C1700000000000000000000000000000000000BF
:10C1800000000000000000000000000000000000AF
:10C19000000000000000000000000000000000009F
:10C1A000000000000000000000000000000000008F
:10C1B000000000000000000000000000000000007F
:10C1C000000000000000000020000000000000004F
:10C1D00000000000000003FE00000000000000005E
:10C1E000000000000000200000000000000000002F
:10C1F000000000000020000000000000000000001F
:10C20000000000000000000000000000000000002E
:10C21000000000000000000000000000000000001E
:10C22000000000000000000000000000000000000E
:10C2300000000000000000000000000000000000FE
:10C2400000000000000000000000000000000000EE
:10C2500000000000000000000000000000000000DE
:10C2600000000000000000000000000000000000CE
:10C2700000000000000000000000000000000000BE
:10C2800000000000000000000000000000000000AE
:10C29000000000000000000000000000000000009E
:10C2A000000000000000000000000000000000008E
:10C2B000000000000000000000000000000000007E
:10C2C000000000000000000000000000000000006E
:10C2D000000000000000000000000000000000005E
:10C2E000000000000000000000000000000000004E
:10C2F000000000000000000000000000000000003E
:10C30000000000000000000000000000000000002D
:10C31000000000000000000000000000000000001D
:10C32000000000000000000000000000000000000D
:10C3300000000000000000000000000000000020DD
:10C340000000000000000000000000000003FE00EC
:10C3500000000000000000000000000000200000BD
:10C3600000000000000000000000000000000000CD
:10C3700000000000000000000000000000000000BD
:10C3800000000000000000000000000000000000AD
:10C39000000000000000000000000000000000009D
:10C3A000000000000000000000000000000000008D
:10C3B000000000000000000000000000000000007D
:10C3C000000000000000000000000000000000006D
:10C3D000000000000000000000000000000000005D
:10C3E000000000000000000000000000000000004D
:10C3F000000000000000000000000000000000003D
:10C40000000000000000000000000000000000002C
:10C41000000000000000000000000000000000001C
:10C42000000000000000000000000000000000000C
:10C4300000000000000000000000000000000000FC
:10C4400000000000000000000000000000000000EC
:10C4500000000000000000000000000000000000DC
:10C4600000000000000000000000000000000000CC
:10C4700000000000000000000000000000000000BC
:10C4800000000000000000000000000000000000AC
:10C49000000000000000000000000000000000009C
:10C4A000000000000000000000000000000000008C
:10C4B000000000000000200000000000000000005C
:10C4C0000000000003FE000000000000000000006B
:10C4D000000000002000000000000000000000003C
:10C4E000000000000000000000000000000000004C
:10C4F000000000000000000000000000000000003C
:10C50000000000000000000000000000000000002B
:10C51000000000000000000000000000000000001B
:10C52000000000000000000000000000000000000B
:10C5300000000000000000000000000000000000FB
:10C5400000000000000000000000000000000000EB
:10C5500000000000000000000000000000000000DB
:10C5600000000000000000000000000000000000CB
:10C5700000000000000000000000000000000000BB
:10C5800000000000000000000000000000000000AB
:10C59000000000000000000000000000000000009B
:10C5A000000000000000000000000000000000008B
:10C5B000000000000000000000000000000000007B
:10C5C000000000000000000000000000000000006B
:10C5D000000000000000000000000000000000005B
:10C5E000000000000000000000000000000000004B
:10C5F000000000000000000000000000000000003B
:10C60000000000000000000000000000000000002A
:10C61000000000000000000000000000000000001A
:10C6200000000000000000000000000000200000EA
:10C63000000000000000000000000003FE000000F9
:10C6400000000000000000000000002000000000CA
:10C6500000000000000000000000000000000000DA
:10C6600000000000000000000000000000000000CA
:10C6700000000000000000000000000000000000BA
:10C6800000000000000000000000000000000000AA
:10C69000000000000000000000000000000000009A
:10C6A000000000000000000000000000000000008A
:10C6B000000000000000000000000000000000007A
:10C6C000000000000000000000000000000000006A
:10C6D000000000000000000000000000000000005A
:10C6E000000000000000000000000000000000004A
:10C6F00000000000000000000C000C000C00CCC08A
:10C70000CCC03F003F00FFC0FFC03F003F00CCC097
:10C71000CCC00C000C000C006000F000F000F0C079
:10C7200060C0030003000C000C0030003000C1802A
:10C73000C3C003C003C00180E000F000F800FC00AB
:10C74000FE00FF00FF80FFC0FFC0FF80FF00FE0073
:10C75000FC00F800F000E000F3C0F3C0F3C0F3C049
:10C76000F3C0F3C0F3C0F3C0F3C0F3C0F3C0F3C031
:10C77000F3C0F3C0F3C0F3C0446973706C617920F7
:10C78000646576696365206E6F7420726561647993
:10C7900000646973706C61795F68616C000000000F
:10C7A000000000005F00000007000700147F147FF6
:10C7B00014242A7F2A122313086462364955225012
:10C7C0000005030000001C2241000041221C00144F
:10C7D000083E081408083E08080050300000080809
:10C7E000080808006060000020100804023E51495B
:10C7F000453E00427F400042615149462141454B40
:10C80000311814127F1027454545393C4A494930B3
:10C8100001710905033649494936064949291E006F
:10C820003636000000563600000814224100141469
:10C8300014141400412214080201510906324979E6
:10C84000413E7E1111117E7F494949363E414141A9
:10C85000227F4141221C7F494949417F0909090141
:10C860003E4149497A7F0808087F00417F41002006
:10C8700040413F017F081422417F404040407F02F9
:10C880000C027F7F0408107F3E4141413E7F090931
:10C8900009063E4151215E7F091929464649494909
:10C8A0003101017F01013F4040403F1F2040201FD8
:10C8B0003F4038403F63140814630708700807615D
:10C8C00051494543007F41410002040810200041C6
:10C8D000417F000402010204404040404000010248
:10C8E000040020545454787F484444383844444425
:10C8F00020384444487F3854545418087E090102B3
:10C900000C5252523E7F0804047800447D400020BF
:10C9100040443D007F1028440000417F40007C04DB
:10C920001804787C0804047838444444387C14148F
:10C930001408081414187C7C08040408485454543F
:10C9400020043F4440203C4040407C1C2040201CB0
:10C950003C4030403C44281028440C5050503C444B
:10C9600064544C44000836410000007F0000004140
:10C970003608001008081008200000000000000021
:10C980000000000000000000002100000000007C0A
:10C990007C7C7C7C003C3C0000002200000000000D
:10C9A0006666000000000000000000230000000098
:10C9B0000014147E343C7E28000000002400000097
:10C9C00000183C6660380E42661800000025000022
:10C9D000000030484A4A34040B0C140403002600BB
:10C9E00000000000382C28307A4C6C300000002702
:10C9F00000000000007E7E0000000000000000003B
:10CA00002800000000061C3070606060703018065E
:10CA100000290000000060180C0C0606060C0C181B
:10CA200060002A0000000008086B3E1C1422000071
:10CA30000000002B000000000000000808087F082C
:10CA4000080800002C0000000000000000000000AA
:10CA50001E1E3C00002D0000000000000000000031
:10CA60007C00000000002E0000000000000000001C
:10CA7000000000001818002F000000000204040449
:10CA8000080808101030202030000000003C24422C
:10CA9000424E5A724242243C0031000000000038ED
:10CAA0006808080808080808080032000000003C70
:10CAB0006642020204081830207F003300000000A4
:10CAC0003C624202061C060242663C003400000042
:10CAD0000002060E0A1232227F0202020035000016
:10CAE00000003E2020207C26020242663C003600E8
:10CAF0000000001C3020405C66424242263C003769
:10CB0000000000007F03020204040C08181010004B
:10CB100038000000003C664242663C664242663C89
:10CB20000039000000003C64424242663E02040CB0
:10CB300038003A000000000000000C0C000000006B
:10CB40000C0C003B000000000000003E0000001C38
:10CB50001C3800003C000000000000000638701E79
:10CB600002000000003D00000000000000007E0008
:10CB70007E00000000003E00000000000000601C7D
:10CB80000E7800000000003F00000000003C460658
:10CB90000C180000180000004000000000001C22DB
:10CBA0005A626A5C20180000004100001818183C06
:10CBB00024247E6642C300000000420000FCC6C37D
:10CBC000C3FEFEC3C3C7FC000000004300003C6678
:10CBD000C3C08080C0C3663C00000000440000F871
:10CBE000CC82C3C3C3C382CEF8000000004500005E
:10CBF000FFC0C0C0FEFEC0C0C0FF00000000460075
:10CC000000FFC0C0C0C0FEC0C0C0C00000000047E0
:10CC100000003C66C3C0808FC3C1633E00000000BB
:10CC200048000081C3C3C3FFFFC3C3C38300000028
:10CC300000490000FF1818181818181818FF0000ED
:10CC400000004A000001030303030303C3663C0022
:10CC50000000004B000082C68C98F0F8D88CC68388
:10CC6000000000004C000080C0C0C0C0C0C0C0C0F8
:10CC7000FF000000004D0000C3C7E7EFBBDBDBC3D4
:10CC8000C383000000004E0000C1C3E3F3D3DBCF39
:10CC9000C7C7C3000000004F00003C66C3C38383C6
:10CCA000C3C3663C00000000500000FCC6C3C3C301
:10CCB000FCC0C0C080000000005100003866C2C344
:10CCC000838383C2663C03000000520000F8C6C3A1
:10CCD000C3C6FCCCC6C683000000005300003C66FF
:10CCE000C340781E03C1633C00000000540000FFF5
:10CCF0001818181818181818180000000055000007
:10CD000081C3C3C3C3C3C3C3663C00000000560055
:10CD10000081C3426624243C181818000000005704
:10CD2000000099DBDBDB5A76666666660000000071
:10CD3000580000C342263C18183C2462C30000007F
:10CD400000590000C34266243C1818181818000047
:10CD500000005A0000FF07060C18103060C0FF00EA
:10CD60000000005B00FFF0F0F0F0F0F0F0F0F0F009
:10CD7000F0FF00005C0000C04060303018080C0676
:10CD800006020000005D00FF0F0F0F0F0F0F0F0FC7
:10CD90000F0F0FFF00005E000018183C66430000F4
:10CDA000000000000000005F000000000000000024
:10CDB00000000000FF000000600000380E000000CE
:10CDC0000000000000000000006100000000007E84
:10CDD000C21F77C3C77B00000000620000C0C0C054
:10CDE000FEC3C3C3C3C6FC00000000630000000014
:10CDF000007EC3C0C0C0633C0000000064000003AC
:10CE000003037FC3C3C3C3633F000000006500008A
:10CE10000000003E43C3FFC0633E00000000660008
:10CE2000061F1030FE303030303030000000006718
:10CE300000000000007FC3C3C3C3633F03663C0020
:10CE4000680000C0C0C0FEC3C3C3C3C3C3000000AA
:10CE500000690000181800F81818181818FF0000CA
:10CE600000006A00000303007F03030303030303BE
:10CE70000EFC006B0000C0C0C0C6D8F0F0C8C6826F
:10CE8000000000006C0000F818181818181818187E
:10CE9000FF000000006D0000000000FFDB99999981
:10CEA0009999000000006E0000000000FEC3C3C39B
:10CEB000C3C3C3000000006F00000000007CC2C3B9
:10CEC000C3C3663C00000000700000000000FEC309
:10CED000C3C3C3C6FCC0C080007100000000007F57
:10CEE000C3C3C3C3633F030301007200000000001B
:10CEF000DFE0C0C0C0C0C000000000730000000040
:10CF0000007EC3603E03C33E0000000074000000CA
:10CF10003030FE30303030101F000000007500004F
:10CF2000000000C3C3C3C3C3C77B0000000076007A
:10CF300000000000C34266243C181800000000777F
:10CF4000000000000099DB5B7E66662400000000A4
:10CF500078000000000042261C183C6643000000D8
:10CF600000790000000000C34266243C181810300D
:10CF700060007A0000000000FF060C1820E0FF00AF
:10CF80000000007B00000000060C1818187018182C
:10CF9000080C02007C00000000007E7E7E7E7E7E0B
:10CFA0007E7E7E7E007D0000000060301818180E26
:10CFB0001818103000007E00000000000000002063
:10CFC0005A040000000000656E636F646572207093
:10CFD000696E5F61206E6F742072656164790065AF
:10CFE0006E636F6465722070696E5F62206E6F742D
:10CFF0002072656164790000FF0100010000FFFFFD
:10D000000000010001FF00427574746F6E202564FA
:10D01000204750494F206E6F74207265616479001B
:10D02000427574746F6E20256420636F6E66696745
:10D03000757265206661696C656420282564290025
:10D04000427574746F6E20256420696E7465727207
:10D0500075707420656E61626C65206661696C65CF
:10D0600064202825642900427574746F6E2025643D
:10D07000207265616479206F6E2070696E2025646E
:10D0800000627574746F6E73007469636B206465FD
:10D090006C7461206D696E3D2564206D61783D255D
:10D0A00064207573202865787065637465643D2518
:10D0B00075290A0063627072696E74665F706163DD
:10D0C0006B616765007379735F6765746F70740077
:10D0D00073746D33325F6261636B75705F646F6D23
:10D0E00061696E006C6F67006C6F675F6D676D7470
:10D0F000004D6573736167652064726F707065645D
:10D100002062656361757365206974206578636565
:10D110006564732073697A65206C696D69746174E4
:10D12000696F6E2028257529000D0A001B5B306D84
:10D1300000257320005B2530386C755D20005B2571
:10D140003032753A253032753A253032752E253019
:10D1500033752C253033755D200025730025732F22
:10D16000003C25733E200025733A2000253032789C
:10D170002000202020007C002563001B5B313B3316
:10D18000316D001B5B313B33336D0065727200778C
:10D19000726E00696E6600646267006C6F675F6242
:10D1A00061636B656E645F75617274006C6F675F5D
:10D1B000756172740072302F61313A202030782509
:10D1C000303878202072312F61323A202030782593
:10D1D000303878202072322F61333A202030782581
:10D1E0003038780072332F61343A2020307825307F
:10D1F0003878207231322F69703A2020307825300B
:10D200003878207231342F6C723A202030782530F3
:10D2100038780020787073723A20203078253038C2
:10D2200078004661756C74696E6720696E737472FC
:10D23000756374696F6E206164647265737320280E
:10D240007231352F7063293A2030782530387800D4
:10D25000556E68616E646C6564204952516E3A2067
:10D260002564005265736572766564204578636550
:10D270007074696F6E20280053707572696F7573D2
:10D2800020696E746572727570742028495251203D
:10D2900000535053454C20696E2074687265616478
:10D2A000206D6F646520646F6573206E6F742069F4
:10D2B0006E64696361746520505350002A2A2A2ADB
:10D2C0002A2048415244204641554C54202A2A2ABB
:10D2D0002A2A00415243485F45584345505420771D
:10D2E00069746820726561736F6E2025780A002A60
:10D2F0002A2A2A2A20257320256429202A2A2A2A34
:10D300002A006D7075004661696C656420746F2039
:10D31000616C6C6F63617465206E6577204D50554C
:10D3200020726567696F6E2025750A0050617274FE
:10D330006974696F6E2025753A20636F6865726540
:10D340006E636520636865636B206661696C656404
:10D350002E00464C4153485F30005352414D5F30E0
:10D36000007274696F5F6578656375746F720069C8
:10D370006E70757400496E76616C6964206C696EBC
:10D3800065206E756D62657220257500436C6F6354
:10D390006B20636F6E74726F6C2064657669636571
:10D3A000206E6F7420726561647900696E746572B5
:10D3B000727570742D636F6E74726F6C6C657240F1
:10D3C000343030323138303000657874695F7374CE
:10D3D0006D333200040C0202000272636340343089
:10D3E00030323130303000556E737570706F72743A
:10D3F0006564206F7269656E746174696F6E005543
:10D400006E737570706F7274656420706978656C86
:10D4100020666F726D6174004661696C656420748A
:10D420006F2073657420706978656C20666F726D0B
:10D430006174005069746368206973206E6F742092
:10D44000776964746800446973706C6179206275EF
:10D450006666657220697320696E76616C69640026
:10D46000446973706C6179206275666665722069C3
:10D470007320746F6F20736D616C6C00556E7375E3
:10D4800070706F72746564206F726967696E0055A1
:10D490006E737570706F7274656420686569676813
:10D4A00074004661696C656420746F2077726974DA
:10D4B0006520706F736974696F6E004661696C6591
:10D4C0006420746F20777269746520706978656C68
:10D4D0002064617461004661696C656420746F202A
:10D4E000777269746520636F6D6D616E643A202593
:10D4F0006400AE00AF0042757320646576696365B1
:10D50000202573206E6F7420726561647921005349
:10D510007570706C79204750494F20646576696357
:10D5200065206E6F74207265616479005265736561
:10D5300074204750494F20646576696365206E6F9B
:10D5400074207265616479004661696C6564207459
:10D550006F2073757370656E643A202564004661B0
:10D56000696C656420746F207365742074696D69DB
:10D570006E67733A202564004661696C65642074A7
:10D580006F207365742068617264776172652063CF
:10D590006F6E66696775726174696F6E3A20256493
:10D5A000004661696C656420746F20736574207037
:10D5B000616E656C206F7269656E746174696F6EFF
:10D5C0003A202564004661696C656420746F2061AF
:10D5D00070706C79206368617267652070756D701A
:10D5E0002073657474696E67733A20256400466120
:10D5F000696C656420746F2073657420726566655C
:10D6000072656E63652073657474696E67733A2022
:10D610002564004661696C656420746F20736574CD
:10D6200020696E76657273696F6E3A2025640046D4
:10D6300061696C656420746F20736574206465662D
:10D6400061756C7420636F6E74726173743A202517
:10D6500064004661696C656420746F20696E69744A
:10D6600069616C697A652064657669636521007318
:10D670007364313330364033630073736431333055
:10D6800036006770696F40353030303134303000EB
:10D690006770696F4035303030313030300067703E
:10D6A000696F403530303030633030006770696FFB
:10D6B000403530303030383030006770696F403579
:10D6C00030303030343030006770696F4035303082
:10D6D0003030303030006932630049324320636FAC
:10D6E0006E74726F6C6C6572206E6F7420636F6EF7
:10D6F000666967757265640025733A20696E7661A4
:10D700006C6964206D6F6465202569004661696CF1
:10D7100065642063616C6C20636C6F636B5F636F27
:10D720006E74726F6C5F6765745F72617465287088
:10D73000636C6B656E5B305D2900636C6F636B209F
:10D74000636F6E74726F6C20646576696365206EBA
:10D750006F74207265616479006932633A20666192
:10D76000696C75726520696E697469616C697A6942
:10D770006E67006932634034303030353830300005
:10D780006932635F73746D333200493243207069CC
:10D790006E6374726C207365747570206661696C59
:10D7A00065642028256429006932633A206661692E
:10D7B0006C75726520656E61626C696E6720636C62
:10D7C0006F636B006932635F6C6C5F73746D3332CF
:10D7D0005F636F6D6D6F6E006932633A20737065C1
:10D7E00065642061626F7665202266617374222011
:10D7F0007265717569726573206D616E75616C20FB
:10D8000074696D696E6720636F6E666967757261B2
:10D8100074696F6E2C20736565202274696D696E62
:10D820006773222070726F7065727479206F662042
:10D8300073742C73746D33322D6932632D763220FC
:10D84000646576696365747265652062696E646992
:10D850006E67004932433A6661696C656420746F93
:10D860002066696E64207072657363616C657220F6
:10D8700076616C7565006932635F6C6C5F73746DA3
:10D8800033325F7632002573206973206E6F742007
:10D8900072656164790050696E20256420636F6E43
:10D8A00066696775726174696F6E206661696C651F
:10D8B000643A20256400436F756C64206E6F742099
:10D8C000736574206770696F2063616C6C6261635B
:10D8D0006B0050696E20256420696E7465727275E4
:10D8E000707420636F6E66696775726174696F6EBC
:10D8F000206661696C65643A202564006B65795F18
:10D90000696E6465782025642067657420666169A6
:10D910006C65643A202564006770696F5F6B657998
:10D92000730072657365742D636F6E74726F6C6CC7
:10D9300065720073656E736F725F636F6D70617493
:10D9400000556E61626C6520746F207365742025CC
:10D950007320746F20256400436F756C64206E6FB4
:10D960007420656E61626C6520284C5029554152C7
:10D970005420636C6F636B00726573657420636F12
:10D980006E74726F6C6C6572206E6F74207265615C
:10D99000647900257320646F6573206E6F74207343
:10D9A0007570706F72742064726976657220656E2E
:10D9B00061626C650073657269616C40343030304F
:10D9C000346330300073657269616C4034303030DC
:10D9D000343430300073657269616C4034303031FA
:10D9E0003338303000756172745F73746D33320098
:10D9F00048616C74696E672073797374656D005546
:10DA00006E6B6E6F776E206572726F7200756E6BE3
:10DA10006E6F776E003E3E3E205A45504859522068
:10DA2000464154414C204552524F522025643A20E1
:10DA30002573206F6E204350552025640046617584
:10DA40006C7420647572696E6720696E7465727299
:10DA50007570742068616E646C696E670A00437546
:10DA60007272656E74207468726561643A20257004
:10DA7000202825732900435055206578636570740C
:10DA8000696F6E00556E68616E646C656420696EC6
:10DA90007465727275707400537461636B206F7675
:10DAA0006572666C6F77004B65726E656C206F6F88
:10DAB0007073004B65726E656C2070616E696300F7
:10DAC0006F73002A2A2A2A2A2064656C6179696E9C
:10DAD0006720626F6F74203530306D732028706559
:10DAE00072206275696C6420636F6E666967757217
:10DAF0006174696F6E29202A2A2A2A2A0A002A2A92
:10DB00002A20426F6F74696E67205A657068797257
:10DB1000204F53206275696C642076342E332E308A
:10DB20002D353738392D673331346439343737611F
:10DB3000643938202864656C6179656420626F6F90
:10DB400074203530306D7329202A2A2A0A0073790F
:10DB500073776F726B7100286E756C6C29002A6682
:08DB60006C6F61742A000000E3
:10DB6800F07A000807001100000000000000000023
:10DB7800000000000000000000000000000000009D
:10DB8800000000000000000000000000000000008D
:10DB9800000000000000000000000000000000007D
:10DBA800000000000000000000000000000000006D
:10DBB800F07A0008090011000000000000000000D1
:10DBC800000000000000000000000000000000004D
:10DBD800000000000000000000000000000000003D
:10DBE800000000000000000000000000000000002D
:10DBF800000000000000000001000000000000001C
:10DC08000C7B000804001100000000000000000068
:10DC180000000000000000000000000000000000FC
:10DC280000000000000000000000000000000000EC
:10DC380000000000000000000000000000000000DC
:10DC480000000000000000000200000000000000CA
:10DC58000C7B000805001100000000000000000017
:10DC680000000000000000000000000000000000AC
:10DC7800000000000000000000000000000000009C
:10DC8800000000000000000000000000000000008C
:10DC98000000000000000000030000000000000079
:10DCA8000100000000000080FFFFFF7F6B67000895
:10DCB80087670008807F000800000000000000005F
:10DCC800456A0008000000000000000078010020FC
:10DCD800000000000000000000C201000001030075
:10DCE8008C0100200000000000000000127A0000F3
:10DCF80000010300A0010020000000000000000057
:10DD0800127A0000000103000024F400D00700008C
:10DD1800B0010020B0010020000100000001010056
:10DD28007801FFFFFFFFFFFFFFFFFFFFFFFFFFFF80
:02DD3800FFFFEB
:10DD3A0000000000000000000000000000000000D9
:10DD4A0000000000000000000000000000000000C9
:02DD5A000000C7
:04DD5C0000000000C3
:10DD6000F8010020F8010020002A00200000000037
:0CDD70000400000038000000000000006B
:10DD7C0000000000000000001C0200201C0200201B
:04DD8C0015E015E0A9
:040000050800218549
:00000001FF
