#pragma once
#ifndef BITMAPS_H
#define BITMAPS_H

#include <stdint.h>

// SMALL SCREEN ICONS

static const uint8_t arrow[] = {
	0x00, 0x08, 0x00, 0x00, 0x0c, 0x00, 0x00, 0x0e, 0x00, 0xff, 0xff, 0x00, 0xff, 0xff, 0x80, 0xff, 0xff, 0x80, 0xff, 0xff, 0x00, 0x00, 0x0e, 0x00, 0x00, 0x0c, 0x00, 0x00, 0x08, 0x00};

// 'OLEDCursor', 6x8px
static const uint8_t cursor[] = {
	0x30, 0x30, 0x30, 0x30, 0x30, 0xfc, 0x78, 0x30};

// 'pauseIcon', 10x16px
#define ICONWIDTH 10
#define ICONHEIGHT 16

static const uint8_t pauseIcon[]= {
	0xf3, 0xc0, 0xf3, 0xc0, 0xf3, 0xc0, 0xf3, 0xc0, 0xf3, 0xc0, 0xf3, 0xc0, 0xf3, 0xc0, 0xf3, 0xc0, 0xf3, 0xc0, 0xf3, 0xc0, 0xf3, 0xc0, 0xf3, 0xc0, 0xf3, 0xc0, 0xf3, 0xc0, 0xf3, 0xc0, 0xf3, 0xc0};

// 'playIcon', 10x16px
static const uint8_t playIcon[] = {
	0xe0, 0x00, 0xf0, 0x00, 0xf8, 0x00, 0xfc, 0x00, 0xfe, 0x00, 0xff, 0x00, 0xff, 0x80, 0xff, 0xc0, 0xff, 0xc0, 0xff, 0x80, 0xff, 0x00, 0xfe, 0x00, 0xfc, 0x00, 0xf8, 0x00, 0xf0, 0x00, 0xe0, 0x00};

static const uint8_t pauseIconInvert[] = {
  0x0c, 0x3f, 0x0c, 0x3f, 0x0c, 0x3f, 0x0c, 0x3f, 0x0c, 0x3f, 0x0c, 0x3f, 0x0c, 0x3f, 0x0c, 0x3f, 0x0c, 0x3f, 0x0c, 0x3f, 0x0c, 0x3f, 0x0c, 0x3f, 0x0c, 0x3f, 0x0c, 0x3f, 0x0c, 0x3f, 0x0c, 0x3f};

static const uint8_t playIconInvert[] = {
  0x1f, 0xff, 0x0f, 0xff, 0x07, 0xff, 0x03, 0xff, 0x01, 0xff, 0x00, 0xff, 0x00, 0x7f, 0x00, 0x3f, 0x00, 0x3f, 0x00, 0x7f, 0x00, 0xff, 0x01, 0xff, 0x03, 0xff, 0x07, 0xff, 0x0f, 0xff, 0x1f, 0xff
};

// 'Divider', 10x16px
static const uint8_t dividerIcon[] = {
  0x60, 0x00, 0xf0, 0x00, 0xf0, 0x00, 0xf0, 0xc0, 0x60, 0xc0, 0x03, 0x00, 0x03, 0x00, 0x0c, 0x00, 0x0c, 0x00, 0x30, 0x00, 0x30, 0x00, 0xc1, 0x80, 0xc3, 0xc0, 0x03, 0xc0, 0x03, 0xc0, 0x01, 0x80
};

// 'Multiplier', 10x16px
static const uint8_t multiplierIcon[] = {
  0x0c, 0x00, 0x0c, 0x00, 0x0c, 0x00, 0xcc, 0xc0, 0xcc, 0xc0, 0x3f, 0x00, 0x3f, 0x00, 0xff, 0xc0, 0xff, 0xc0, 0x3f, 0x00, 0x3f, 0x00, 0xcc, 0xc0, 0xcc, 0xc0, 0x0c, 0x00, 0x0c, 0x00, 0x0c, 0x00
};

// 'Multiplier', 10x16px
static const uint8_t multiplierIconInvert[] ={
	0xf3, 0xc0, 0xf3, 0xc0, 0xf3, 0xc0, 0x33, 0x00, 0x33, 0x00, 0xc0, 0xc0, 0xc0, 0xc0, 0x00, 0x00, 0x00, 0x00, 0xc0, 0xc0, 0xc0, 0xc0, 0x33, 0x00, 0x33, 0x00, 0xf3, 0xc0, 0xf3, 0xc0, 0xf3, 0xc0, 
};


// 'Divider', 10x16px
static const uint8_t dividerIconInvert[] = {
	0x9f, 0xc0, 0x0f, 0xc0, 0x0f, 0xc0, 0x0f, 0x00, 0x9f, 0x00, 0xfc, 0xc0, 0xfc, 0xc0, 0xf3, 0xc0, 0xf3, 0xc0, 0xcf, 0xc0, 0xcf, 0xc0, 0x3e, 0x40, 0x3c, 0x00, 0xfc, 0x00, 0xfc, 0x00, 0xfe, 0x40
};

// DIGEE BOOTUP FRAMES

// 'frame_0000_Frame01', 116x25px
static const uint8_t digeeBootup_0000[] = {
0x00, 0x00, 0x00, 0x00, 0x00, 0x00, 0x00, 0x00, 0x00, 0x00, 0x00, 0x00, 0x00, 0x00, 0x00, 0x00, 
0x00, 0x00, 0x00, 0x00, 0x00, 0x00, 0x00, 0x00, 0x00, 0x00, 0x00, 0x00, 0x00, 0x00, 0x00, 0x00, 
0x00, 0x00, 0x00, 0x00, 0x00, 0x00, 0x00, 0x00, 0x00, 0x00, 0x00, 0x00, 0x00, 0x00, 0x00, 0x00, 
0x00, 0x00, 0x00, 0x00, 0x00, 0x00, 0x00, 0x00, 0x00, 0x00, 0x00, 0x00, 0x00, 0x00, 0x00, 0x00, 
0x00, 0x00, 0x00, 0x00, 0x00, 0x00, 0x00, 0x00, 0x00, 0x00, 0x00, 0x00, 0x00, 0x00, 0x00, 0x00, 
0x00, 0x00, 0x00, 0x00, 0x00, 0x00, 0x00, 0x00, 0x00, 0x00, 0x00, 0x00, 0x00, 0x00, 0x00, 0x00, 
0x00, 0x00, 0x00, 0x00, 0x00, 0x00, 0x00, 0x00, 0x00, 0x00, 0x00, 0x00, 0x00, 0x00, 0x00, 0x00, 
0x00, 0x00, 0x00, 0x00, 0x00, 0x00, 0x00, 0x00, 0x00, 0x00, 0x00, 0x00, 0x00, 0x00, 0x00, 0x00, 
0x00, 0x00, 0x00, 0x00, 0x00, 0x00, 0x00, 0x00, 0x00, 0x00, 0x00, 0x00, 0x00, 0x00, 0x00, 0x00, 
0x00, 0x00, 0x00, 0x00, 0x00, 0x00, 0x00, 0x00, 0x00, 0x00, 0x00, 0x00, 0x00, 0x00, 0x00, 0x00, 
0x00, 0x00, 0x00, 0x00, 0x00, 0x00, 0x00, 0x00, 0x00, 0x00, 0x00, 0x00, 0x20, 0x00, 0x00, 0x00, 
0x00, 0x00, 0x00, 0x00, 0x00, 0x00, 0x00, 0x00, 0x00, 0x00, 0x03, 0xfe, 0x00, 0x00, 0x00, 0x00, 
0x00, 0x00, 0x00, 0x00, 0x00, 0x00, 0x00, 0x00, 0x00, 0x00, 0x20, 0x00, 0x00, 0x00, 0x00, 0x00, 
0x00, 0x00, 0x00, 0x00, 0x00, 0x00, 0x00, 0x00, 0x00, 0x00, 0x00, 0x00, 0x00, 0x00, 0x00, 0x00, 
0x00, 0x00, 0x00, 0x00, 0x00, 0x00, 0x00, 0x00, 0x00, 0x00, 0x00, 0x00, 0x00, 0x00, 0x00, 0x00, 
0x00, 0x00, 0x00, 0x00, 0x00, 0x00, 0x00, 0x00, 0x00, 0x00, 0x00, 0x00, 0x00, 0x00, 0x00, 0x00, 
0x00, 0x00, 0x00, 0x00, 0x00, 0x00, 0x00, 0x00, 0x00, 0x00, 0x00, 0x00, 0x00, 0x00, 0x00, 0x00, 
0x00, 0x00, 0x00, 0x00, 0x00, 0x00, 0x00, 0x00, 0x00, 0x00, 0x00, 0x00, 0x00, 0x00, 0x00, 0x00, 
0x00, 0x00, 0x00, 0x00, 0x00, 0x00, 0x00, 0x00, 0x00, 0x00, 0x00, 0x00, 0x00, 0x00, 0x00, 0x00, 
0x00, 0x00, 0x00, 0x00, 0x00, 0x00, 0x00, 0x00, 0x00, 0x00, 0x00, 0x00, 0x00, 0x00, 0x00, 0x00, 
0x00, 0x00, 0x00, 0x00, 0x00, 0x00, 0x00, 0x00, 0x00, 0x00, 0x00, 0x00, 0x00, 0x00, 0x00, 0x00, 
0x00, 0x00, 0x00, 0x00, 0x00, 0x00, 0x00, 0x00, 0x00, 0x00, 0x00, 0x00, 0x00, 0x00, 0x00, 0x00, 
0x00, 0x00, 0x00, 0x00, 0x00, 0x00, 0x00, 0x00, 0x00, 0x00, 0x00, 0x00, 0x00, 0x00, 0x00, 0x00, 
0x00, 0x00, 0x00, 0x00, 0x00, 0x00, 0x00
};

// 'frame_0001_interp_00_01', 116x25px
static const uint8_t digeeBootup_0001[] = {
0x00, 0x00, 0x00, 0x00, 0x00, 0x00, 0x00, 0x00, 0x00, 0x00, 0x00, 0x00, 0x00, 0x00, 0x00, 0x00, 
0x00, 0x00, 0x00, 0x00, 0x00, 0x00, 0x00, 0x00, 0x00, 0x00, 0x00, 0x00, 0x00, 0x00, 0x00, 0x00, 
0x00, 0x00, 0x00, 0x00, 0x00, 0x00, 0x00, 0x00, 0x00, 0x00, 0x00, 0x00, 0x00, 0x00, 0x00, 0x00, 
0x00, 0x00, 0x00, 0x00, 0x00, 0x00, 0x00, 0x00, 0x00, 0x00, 0x00, 0x00, 0x00, 0x00, 0x00, 0x00, 
0x00, 0x00, 0x00, 0x00, 0x00, 0x00, 0x00, 0x00, 0x00, 0x00, 0x00, 0x00, 0x00, 0x00, 0x00, 0x00, 
0x00, 0x00, 0x00, 0x00, 0x00, 0x00, 0x00, 0x00, 0x00, 0x00, 0x00, 0x00, 0x00, 0x00, 0x00, 0x00, 
0x00, 0x00, 0x00, 0x00, 0x00, 0x00, 0x00, 0x00, 0x00, 0x00, 0x00, 0x00, 0x00, 0x00, 0x00, 0x00, 
0x00, 0x00, 0x00, 0x00, 0x00, 0x00, 0x00, 0x00, 0x00, 0x00, 0x00, 0x00, 0x00, 0x00, 0x00, 0x00, 
0x00, 0x00, 0x00, 0x00, 0x00, 0x00, 0x00, 0x00, 0x00, 0x00, 0x00, 0x00, 0x00, 0x00, 0x00, 0x00, 
0x00, 0x00, 0x00, 0x00, 0x00, 0x00, 0x00, 0x00, 0x00, 0x00, 0x00, 0x00, 0x00, 0x00, 0x00, 0x00, 
0x00, 0x00, 0x00, 0x00, 0x00, 0x00, 0x00, 0x00, 0x00, 0x00, 0x00, 0x00, 0x20, 0x00, 0x00, 0x00, 
0x00, 0x00, 0x00, 0x00, 0x00, 0x00, 0x00, 0x00, 0x00, 0x00, 0x03, 0xfe, 0x00, 0x00, 0x00, 0x00, 
0x00, 0x00, 0x00, 0x00, 0x00, 0x00, 0x00, 0x00, 0x00, 0x00, 0x20, 0x00, 0x00, 0x00, 0x00, 0x00, 
0x00, 0x00, 0x00, 0x00, 0x00, 0x00, 0x00, 0x00, 0x00, 0x00, 0x00, 0x00, 0x00, 0x00, 0x00, 0x00, 
0x00, 0x00, 0x00, 0x00, 0x00, 0x00, 0x00, 0x00, 0x00, 0x00, 0x00, 0x00, 0x00, 0x00, 0x00, 0x00, 
0x00, 0x00, 0x00, 0x00, 0x00, 0x00, 0x00, 0x00, 0x00, 0x00, 0x00, 0x00, 0x00, 0x00, 0x00, 0x00, 
0x00, 0x00, 0x00, 0x00, 0x00, 0x00, 0x00, 0x00, 0x00, 0x00, 0x00, 0x00, 0x00, 0x00, 0x00, 0x00, 
0x00, 0x00, 0x00, 0x00, 0x00, 0x00, 0x00, 0x00, 0x00, 0x00, 0x00, 0x00, 0x00, 0x00, 0x00, 0x00, 
0x00, 0x00, 0x00, 0x00, 0x00, 0x00, 0x00, 0x00, 0x00, 0x00, 0x00, 0x00, 0x00, 0x00, 0x00, 0x00, 
0x00, 0x00, 0x00, 0x00, 0x00, 0x00, 0x00, 0x00, 0x00, 0x00, 0x00, 0x00, 0x00, 0x00, 0x00, 0x00, 
0x00, 0x00, 0x00, 0x00, 0x00, 0x00, 0x00, 0x00, 0x00, 0x00, 0x00, 0x00, 0x00, 0x00, 0x00, 0x00, 
0x00, 0x00, 0x00, 0x00, 0x00, 0x00, 0x00, 0x00, 0x00, 0x00, 0x00, 0x00, 0x00, 0x00, 0x00, 0x00, 
0x00, 0x00, 0x00, 0x00, 0x00, 0x00, 0x00, 0x00, 0x00, 0x00, 0x00, 0x00, 0x00, 0x00, 0x00, 0x00, 
0x00, 0x00, 0x00, 0x00, 0x00, 0x00, 0x00
};

// 'frame_0002_interp_00_02', 116x25px
static const uint8_t digeeBootup_0002[] = {
0x00, 0x00, 0x00, 0x00, 0x00, 0x00, 0x00, 0x00, 0x00, 0x00, 0x00, 0x00, 0x00, 0x00, 0x00, 0x00, 
0x00, 0x00, 0x00, 0x00, 0x00, 0x00, 0x00, 0x00, 0x00, 0x00, 0x00, 0x00, 0x00, 0x00, 0x00, 0x00, 
0x00, 0x00, 0x00, 0x00, 0x00, 0x00, 0x00, 0x00, 0x00, 0x00, 0x00, 0x00, 0x00, 0x00, 0x00, 0x00, 
0x00, 0x00, 0x00, 0x00, 0x00, 0x00, 0x00, 0x00, 0x00, 0x00, 0x00, 0x00, 0x00, 0x00, 0x00, 0x00, 
0x00, 0x00, 0x00, 0x00, 0x00, 0x00, 0x00, 0x00, 0x00, 0x00, 0x00, 0x00, 0x00, 0x00, 0x00, 0x00, 
0x00, 0x00, 0x00, 0x00, 0x00, 0x00, 0x00, 0x00, 0x00, 0x00, 0x00, 0x00, 0x00, 0x00, 0x00, 0x00, 
0x00, 0x00, 0x00, 0x00, 0x00, 0x00, 0x00, 0x00, 0x00, 0x00, 0x00, 0x00, 0x00, 0x00, 0x00, 0x00, 
0x00, 0x00, 0x00, 0x00, 0x00, 0x00, 0x00, 0x00, 0x00, 0x00, 0x00, 0x00, 0x00, 0x00, 0x00, 0x00, 
0x00, 0x00, 0x00, 0x00, 0x00, 0x00, 0x00, 0x00, 0x00, 0x00, 0x00, 0x00, 0x00, 0x00, 0x00, 0x00, 
0x00, 0x00, 0x00, 0x00, 0x00, 0x00, 0x00, 0x00, 0x00, 0x00, 0x00, 0x00, 0x00, 0x00, 0x00, 0x00, 
0x00, 0x00, 0x00, 0x00, 0x00, 0x00, 0x00, 0x00, 0x00, 0x00, 0x00, 0x00, 0x20, 0x00, 0x00, 0x00, 
0x00, 0x00, 0x00, 0x00, 0x00, 0x00, 0x00, 0x00, 0x00, 0x00, 0x03, 0xfe, 0x00, 0x00, 0x00, 0x00, 
0x00, 0x00, 0x00, 0x00, 0x00, 0x00, 0x00, 0x00, 0x00, 0x00, 0x20, 0x00, 0x00, 0x00, 0x00, 0x00, 
0x00, 0x00, 0x00, 0x00, 0x00, 0x00, 0x00, 0x00, 0x00, 0x00, 0x00, 0x00, 0x00, 0x00, 0x00, 0x00, 
0x00, 0x00, 0x00, 0x00, 0x00, 0x00, 0x00, 0x00, 0x00, 0x00, 0x00, 0x00, 0x00, 0x00, 0x00, 0x00, 
0x00, 0x00, 0x00, 0x00, 0x00, 0x00, 0x00, 0x00, 0x00, 0x00, 0x00, 0x00, 0x00, 0x00, 0x00, 0x00, 
0x00, 0x00, 0x00, 0x00, 0x00, 0x00, 0x00, 0x00, 0x00, 0x00, 0x00, 0x00, 0x00, 0x00, 0x00, 0x00, 
0x00, 0x00, 0x00, 0x00, 0x00, 0x00, 0x00, 0x00, 0x00, 0x00, 0x00, 0x00, 0x00, 0x00, 0x00, 0x00, 
0x00, 0x00, 0x00, 0x00, 0x00, 0x00, 0x00, 0x00, 0x00, 0x00, 0x00, 0x00, 0x00, 0x00, 0x00, 0x00, 
0x00, 0x00, 0x00, 0x00, 0x00, 0x00, 0x00, 0x00, 0x00, 0x00, 0x00, 0x00, 0x00, 0x00, 0x00, 0x00, 
0x00, 0x00, 0x00, 0x00, 0x00, 0x00, 0x00, 0x00, 0x00, 0x00, 0x00, 0x00, 0x00, 0x00, 0x00, 0x00, 
0x00, 0x00, 0x00, 0x00, 0x00, 0x00, 0x00, 0x00, 0x00, 0x00, 0x00, 0x00, 0x00, 0x00, 0x00, 0x00, 
0x00, 0x00, 0x00, 0x00, 0x00, 0x00, 0x00, 0x00, 0x00, 0x00, 0x00, 0x00, 0x00, 0x00, 0x00, 0x00, 
0x00, 0x00, 0x00, 0x00, 0x00, 0x00, 0x00
};

// 'frame_0003_interp_00_03', 116x25px
static const uint8_t digeeBootup_0003[] = {
0x00, 0x00, 0x00, 0x00, 0x00, 0x00, 0x00, 0x00, 0x00, 0x00, 0x00, 0x00, 0x00, 0x00, 0x00, 0x00, 
0x00, 0x00, 0x00, 0x00, 0x00, 0x00, 0x00, 0x00, 0x00, 0x00, 0x00, 0x00, 0x00, 0x00, 0x00, 0x00, 
0x00, 0x00, 0x00, 0x00, 0x00, 0x00, 0x00, 0x00, 0x00, 0x00, 0x00, 0x00, 0x00, 0x00, 0x00, 0x00, 
0x00, 0x00, 0x00, 0x00, 0x00, 0x00, 0x00, 0x00, 0x00, 0x00, 0x00, 0x00, 0x00, 0x00, 0x00, 0x00, 
0x00, 0x00, 0x00, 0x00, 0x00, 0x00, 0x00, 0x00, 0x00, 0x00, 0x00, 0x00, 0x00, 0x00, 0x00, 0x00, 
0x00, 0x00, 0x00, 0x00, 0x00, 0x00, 0x00, 0x00, 0x00, 0x00, 0x00, 0x00, 0x00, 0x00, 0x00, 0x00, 
0x00, 0x00, 0x00, 0x00, 0x00, 0x00, 0x00, 0x00, 0x00, 0x00, 0x00, 0x00, 0x00, 0x00, 0x00, 0x00, 
0x00, 0x00, 0x00, 0x00, 0x00, 0x00, 0x00, 0x00, 0x00, 0x00, 0x00, 0x00, 0x00, 0x00, 0x00, 0x00, 
0x00, 0x00, 0x00, 0x00, 0x00, 0x00, 0x00, 0x00, 0x00, 0x00, 0x00, 0x00, 0x00, 0x00, 0x00, 0x00, 
0x00, 0x00, 0x00, 0x00, 0x00, 0x00, 0x00, 0x00, 0x00, 0x00, 0x00, 0x00, 0x00, 0x00, 0x00, 0x00, 
0x00, 0x00, 0x00, 0x00, 0x00, 0x00, 0x00, 0x00, 0x00, 0x00, 0x00, 0x00, 0x20, 0x00, 0x00, 0x00, 
0x00, 0x00, 0x00, 0x00, 0x00, 0x00, 0x00, 0x00, 0x00, 0x00, 0x03, 0xfe, 0x00, 0x00, 0x00, 0x00, 
0x00, 0x00, 0x00, 0x00, 0x00, 0x00, 0x00, 0x00, 0x00, 0x00, 0x20, 0x00, 0x00, 0x00, 0x00, 0x00, 
0x00, 0x00, 0x00, 0x00, 0x00, 0x00, 0x00, 0x00, 0x00, 0x20, 0x00, 0x00, 0x00, 0x00, 0x00, 0x00, 
0x00, 0x00, 0x00, 0x00, 0x00, 0x00, 0x00, 0x00, 0x00, 0x00, 0x00, 0x00, 0x00, 0x00, 0x00, 0x00, 
0x00, 0x00, 0x00, 0x00, 0x00, 0x00, 0x00, 0x00, 0x00, 0x00, 0x00, 0x00, 0x00, 0x00, 0x00, 0x00, 
0x00, 0x00, 0x00, 0x00, 0x00, 0x00, 0x00, 0x00, 0x00, 0x00, 0x00, 0x00, 0x00, 0x00, 0x00, 0x00, 
0x00, 0x00, 0x00, 0x00, 0x00, 0x00, 0x00, 0x00, 0x00, 0x00, 0x00, 0x00, 0x00, 0x00, 0x00, 0x00, 
0x00, 0x00, 0x00, 0x00, 0x00, 0x00, 0x00, 0x00, 0x00, 0x00, 0x00, 0x00, 0x00, 0x00, 0x00, 0x00, 
0x00, 0x00, 0x00, 0x00, 0x00, 0x00, 0x00, 0x00, 0x00, 0x00, 0x00, 0x00, 0x00, 0x00, 0x00, 0x00, 
0x00, 0x00, 0x00, 0x00, 0x00, 0x00, 0x00, 0x00, 0x00, 0x00, 0x00, 0x00, 0x00, 0x00, 0x00, 0x00, 
0x00, 0x00, 0x00, 0x00, 0x00, 0x00, 0x00, 0x00, 0x00, 0x00, 0x00, 0x00, 0x00, 0x00, 0x00, 0x00, 
0x00, 0x00, 0x00, 0x00, 0x00, 0x00, 0x00, 0x00, 0x00, 0x00, 0x00, 0x00, 0x00, 0x00, 0x00, 0x00, 
0x00, 0x00, 0x00, 0x00, 0x00, 0x00, 0x00
};

// 'frame_0004_interp_00_04', 116x25px
static const uint8_t digeeBootup_0004[] = {
0x00, 0x00, 0x00, 0x00, 0x00, 0x00, 0x00, 0x00, 0x00, 0x00, 0x00, 0x00, 0x00, 0x00, 0x00, 0x00, 
0x00, 0x00, 0x00, 0x00, 0x00, 0x00, 0x00, 0x00, 0x00, 0x00, 0x00, 0x00, 0x00, 0x00, 0x00, 0x00, 
0x00, 0x00, 0x00, 0x00, 0x00, 0x00, 0x00, 0x00, 0x00, 0x00, 0x00, 0x00, 0x00, 0x00, 0x00, 0x00, 
0x00, 0x00, 0x00, 0x00, 0x00, 0x00, 0x00, 0x00, 0x00, 0x00, 0x00, 0x00, 0x00, 0x00, 0x00, 0x00, 
0x00, 0x00, 0x00, 0x00, 0x00, 0x00, 0x00, 0x00, 0x00, 0x00, 0x00, 0x00, 0x00, 0x00, 0x00, 0x00, 
0x00, 0x00, 0x00, 0x00, 0x00, 0x00, 0x00, 0x00, 0x00, 0x00, 0x00, 0x00, 0x00, 0x00, 0x00, 0x00, 
0x00, 0x00, 0x00, 0x00, 0x00, 0x00, 0x00, 0x00, 0x00, 0x00, 0x00, 0x00, 0x00, 0x00, 0x00, 0x00, 
0x00, 0x00, 0x00, 0x00, 0x00, 0x00, 0x00, 0x00, 0x00, 0x00, 0x00, 0x00, 0x00, 0x00, 0x00, 0x00, 
0x00, 0x00, 0x00, 0x00, 0x00, 0x00, 0x00, 0x00, 0x00, 0x00, 0x00, 0x00, 0x00, 0x00, 0x00, 0x00, 
0x00, 0x00, 0x00, 0x00, 0x00, 0x00, 0x00, 0x00, 0x00, 0x00, 0x00, 0x00, 0x00, 0x00, 0x00, 0x00, 
0x00, 0x00, 0x00, 0x00, 0x00, 0x00, 0x00, 0x00, 0x00, 0x00, 0x00, 0x00, 0x20, 0x00, 0x00, 0x00, 
0x00, 0x00, 0x00, 0x00, 0x00, 0x00, 0x00, 0x00, 0x00, 0x00, 0x03, 0xfe, 0x00, 0x00, 0x00, 0x00, 
0x00, 0x00, 0x00, 0x00, 0x00, 0x00, 0x00, 0x00, 0x00, 0x00, 0x70, 0x00, 0x00, 0x00, 0x00, 0x00, 
0x00, 0x00, 0x00, 0x00, 0x00, 0x00, 0x00, 0x00, 0x00, 0x20, 0x00, 0x00, 0x00, 0x00, 0x00, 0x00, 
0x00, 0x00, 0x00, 0x00, 0x00, 0x00, 0x00, 0x00, 0x00, 0x00, 0x00, 0x00, 0x00, 0x00, 0x00, 0x00, 
0x00, 0x00, 0x00, 0x00, 0x00, 0x00, 0x00, 0x00, 0x00, 0x00, 0x00, 0x00, 0x00, 0x00, 0x00, 0x00, 
0x00, 0x00, 0x00, 0x00, 0x00, 0x00, 0x00, 0x00, 0x00, 0x00, 0x00, 0x00, 0x00, 0x00, 0x00, 0x00, 
0x00, 0x00, 0x00, 0x00, 0x00, 0x00, 0x00, 0x00, 0x00, 0x00, 0x00, 0x00, 0x00, 0x00, 0x00, 0x00, 
0x00, 0x00, 0x00, 0x00, 0x00, 0x00, 0x00, 0x00, 0x00, 0x00, 0x00, 0x00, 0x00, 0x00, 0x00, 0x00, 
0x00, 0x00, 0x00, 0x00, 0x00, 0x00, 0x00, 0x00, 0x00, 0x00, 0x00, 0x00, 0x00, 0x00, 0x00, 0x00, 
0x00, 0x00, 0x00, 0x00, 0x00, 0x00, 0x00, 0x00, 0x00, 0x00, 0x00, 0x00, 0x00, 0x00, 0x00, 0x00, 
0x00, 0x00, 0x00, 0x00, 0x00, 0x00, 0x00, 0x00, 0x00, 0x00, 0x00, 0x00, 0x00, 0x00, 0x00, 0x00, 
0x00, 0x00, 0x00, 0x00, 0x00, 0x00, 0x00, 0x00, 0x00, 0x00, 0x00, 0x00, 0x00, 0x00, 0x00, 0x00, 
0x00, 0x00, 0x00, 0x00, 0x00, 0x00, 0x00
};

// 'frame_0005_interp_00_05', 116x25px
static const uint8_t digeeBootup_0005[] = {
0x00, 0x00, 0x00, 0x00, 0x00, 0x00, 0x00, 0x00, 0x00, 0x00, 0x00, 0x00, 0x00, 0x00, 0x00, 0x00, 
0x00, 0x00, 0x00, 0x00, 0x00, 0x00, 0x00, 0x00, 0x00, 0x00, 0x00, 0x00, 0x00, 0x00, 0x00, 0x00, 
0x00, 0x00, 0x00, 0x00, 0x00, 0x00, 0x00, 0x00, 0x00, 0x00, 0x00, 0x00, 0x00, 0x00, 0x00, 0x00, 
0x00, 0x00, 0x00, 0x00, 0x00, 0x00, 0x00, 0x00, 0x00, 0x00, 0x00, 0x00, 0x00, 0x00, 0x00, 0x00, 
0x00, 0x00, 0x00, 0x00, 0x00, 0x00, 0x00, 0x00, 0x00, 0x00, 0x00, 0x00, 0x00, 0x00, 0x00, 0x00, 
0x00, 0x00, 0x00, 0x00, 0x00, 0x00, 0x00, 0x00, 0x00, 0x00, 0x00, 0x00, 0x00, 0x00, 0x00, 0x00, 
0x00, 0x00, 0x00, 0x00, 0x00, 0x00, 0x00, 0x00, 0x00, 0x00, 0x00, 0x00, 0x00, 0x00, 0x00, 0x00, 
0x00, 0x00, 0x00, 0x00, 0x00, 0x00, 0x00, 0x00, 0x00, 0x00, 0x00, 0x00, 0x00, 0x00, 0x00, 0x00, 
0x00, 0x00, 0x00, 0x00, 0x00, 0x00, 0x00, 0x00, 0x00, 0x00, 0x00, 0x00, 0x00, 0x00, 0x00, 0x00, 
0x00, 0x00, 0x00, 0x00, 0x00, 0x00, 0x00, 0x00, 0x00, 0x00, 0x00, 0x00, 0x00, 0x00, 0x00, 0x00, 
0x00, 0x00, 0x00, 0x00, 0x00, 0x00, 0x00, 0x00, 0x00, 0x00, 0x00, 0x00, 0x20, 0x00, 0x00, 0x00, 
0x00, 0x00, 0x00, 0x00, 0x00, 0x00, 0x00, 0x00, 0x00, 0x00, 0x03, 0xfe, 0x00, 0x00, 0x00, 0x00, 
0x00, 0x00, 0x00, 0x00, 0x00, 0x00, 0x00, 0x00, 0x00, 0x00, 0xf8, 0x00, 0x00, 0x00, 0x00, 0x00, 
0x00, 0x00, 0x00, 0x00, 0x00, 0x00, 0x00, 0x00, 0x00, 0x70, 0x00, 0x00, 0x00, 0x00, 0x00, 0x00, 
0x00, 0x00, 0x00, 0x00, 0x00, 0x00, 0x00, 0x00, 0x20, 0x00, 0x00, 0x00, 0x00, 0x00, 0x00, 0x00, 
0x00, 0x00, 0x00, 0x00, 0x00, 0x00, 0x00, 0x00, 0x00, 0x00, 0x00, 0x00, 0x00, 0x00, 0x00, 0x00, 
0x00, 0x00, 0x00, 0x00, 0x00, 0x00, 0x00, 0x00, 0x00, 0x00, 0x00, 0x00, 0x00, 0x00, 0x00, 0x00, 
0x00, 0x00, 0x00, 0x00, 0x00, 0x00, 0x00, 0x00, 0x00, 0x00, 0x00, 0x00, 0x00, 0x00, 0x00, 0x00, 
0x00, 0x00, 0x00, 0x00, 0x00, 0x00, 0x00, 0x00, 0x00, 0x00, 0x00, 0x00, 0x00, 0x00, 0x00, 0x00, 
0x00, 0x00, 0x00, 0x00, 0x00, 0x00, 0x00, 0x00, 0x00, 0x00, 0x00, 0x00, 0x00, 0x00, 0x00, 0x00, 
0x00, 0x00, 0x00, 0x00, 0x00, 0x00, 0x00, 0x00, 0x00, 0x00, 0x00, 0x00, 0x00, 0x00, 0x00, 0x00, 
0x00, 0x00, 0x00, 0x00, 0x00, 0x00, 0x00, 0x00, 0x00, 0x00, 0x00, 0x00, 0x00, 0x00, 0x00, 0x00, 
0x00, 0x00, 0x00, 0x00, 0x00, 0x00, 0x00, 0x00, 0x00, 0x00, 0x00, 0x00, 0x00, 0x00, 0x00, 0x00, 
0x00, 0x00, 0x00, 0x00, 0x00, 0x00, 0x00
};

// 'frame_0006_interp_00_06', 116x25px
static const uint8_t digeeBootup_0006[] = {
0x00, 0x00, 0x00, 0x00, 0x00, 0x00, 0x00, 0x00, 0x00, 0x00, 0x00, 0x00, 0x00, 0x00, 0x00, 0x00, 
0x00, 0x00, 0x00, 0x00, 0x00, 0x00, 0x00, 0x00, 0x00, 0x00, 0x00, 0x00, 0x00, 0x00, 0x00, 0x00, 
0x00, 0x00, 0x00, 0x00, 0x00, 0x00, 0x00, 0x00, 0x00, 0x00, 0x00, 0x00, 0x00, 0x00, 0x00, 0x00, 
0x00, 0x00, 0x00, 0x00, 0x00, 0x00, 0x00, 0x00, 0x00, 0x00, 0x00, 0x00, 0x00, 0x00, 0x00, 0x00, 
0x00, 0x00, 0x00, 0x00, 0x00, 0x00, 0x00, 0x00, 0x00, 0x00, 0x00, 0x00, 0x00, 0x00, 0x00, 0x00, 
0x00, 0x00, 0x00, 0x00, 0x00, 0x00, 0x00, 0x00, 0x00, 0x00, 0x00, 0x00, 0x00, 0x00, 0x00, 0x00, 
0x00, 0x00, 0x00, 0x00, 0x00, 0x00, 0x00, 0x00, 0x00, 0x00, 0x00, 0x00, 0x00, 0x00, 0x00, 0x00, 
0x00, 0x00, 0x00, 0x00, 0x00, 0x00, 0x00, 0x00, 0x00, 0x00, 0x00, 0x00, 0x00, 0x00, 0x00, 0x00, 
0x00, 0x00, 0x00, 0x00, 0x00, 0x00, 0x00, 0x00, 0x00, 0x00, 0x00, 0x00, 0x00, 0x00, 0x00, 0x00, 
0x00, 0x00, 0x00, 0x00, 0x00, 0x00, 0x00, 0x00, 0x00, 0x00, 0x00, 0x00, 0x00, 0x00, 0x00, 0x00, 
0x00, 0x00, 0x00, 0x00, 0x00, 0x00, 0x00, 0x00, 0x00, 0x00, 0x00, 0x00, 0xf8, 0x00, 0x00, 0x00, 
0x00, 0x00, 0x00, 0x00, 0x00, 0x00, 0x00, 0x00, 0x00, 0x00, 0x03, 0xfe, 0x00, 0x00, 0x00, 0x00, 
0x00, 0x00, 0x00, 0x00, 0x00, 0x00, 0x00, 0x00, 0x00, 0x01, 0xfc, 0x00, 0x00, 0x00, 0x00, 0x00, 
0x00, 0x00, 0x00, 0x00, 0x00, 0x00, 0x00, 0x00, 0x00, 0x70, 0x00, 0x00, 0x00, 0x00, 0x00, 0x00, 
0x00, 0x00, 0x00, 0x00, 0x00, 0x00, 0x00, 0x00, 0x20, 0x00, 0x00, 0x00, 0x00, 0x00, 0x00, 0x00, 
0x00, 0x00, 0x00, 0x00, 0x00, 0x00, 0x00, 0x00, 0x00, 0x00, 0x00, 0x00, 0x00, 0x00, 0x00, 0x00, 
0x00, 0x00, 0x00, 0x00, 0x00, 0x00, 0x00, 0x00, 0x00, 0x00, 0x00, 0x00, 0x00, 0x00, 0x00, 0x00, 
0x00, 0x00, 0x00, 0x00, 0x00, 0x00, 0x00, 0x00, 0x00, 0x00, 0x00, 0x00, 0x00, 0x00, 0x00, 0x00, 
0x00, 0x00, 0x00, 0x00, 0x00, 0x00, 0x00, 0x00, 0x00, 0x00, 0x00, 0x00, 0x00, 0x00, 0x00, 0x00, 
0x00, 0x00, 0x00, 0x00, 0x00, 0x00, 0x00, 0x00, 0x00, 0x00, 0x00, 0x00, 0x00, 0x00, 0x00, 0x00, 
0x00, 0x00, 0x00, 0x00, 0x00, 0x00, 0x00, 0x00, 0x00, 0x00, 0x00, 0x00, 0x00, 0x00, 0x00, 0x00, 
0x00, 0x00, 0x00, 0x00, 0x00, 0x00, 0x00, 0x00, 0x00, 0x00, 0x00, 0x00, 0x00, 0x00, 0x00, 0x00, 
0x00, 0x00, 0x00, 0x00, 0x00, 0x00, 0x00, 0x00, 0x00, 0x00, 0x00, 0x00, 0x00, 0x00, 0x00, 0x00, 
0x00, 0x00, 0x00, 0x00, 0x00, 0x00, 0x00
};

// 'frame_0007_interp_00_07', 116x25px
static const uint8_t digeeBootup_0007[] = {
0x00, 0x00, 0x00, 0x00, 0x00, 0x00, 0x00, 0x00, 0x00, 0x00, 0x00, 0x00, 0x00, 0x00, 0x00, 0x00, 
0x00, 0x00, 0x00, 0x00, 0x00, 0x00, 0x00, 0x00, 0x00, 0x00, 0x00, 0x00, 0x00, 0x00, 0x00, 0x00, 
0x00, 0x00, 0x00, 0x00, 0x00, 0x00, 0x00, 0x00, 0x00, 0x00, 0x00, 0x00, 0x00, 0x00, 0x00, 0x00, 
0x00, 0x00, 0x00, 0x00, 0x00, 0x00, 0x00, 0x00, 0x00, 0x00, 0x00, 0x00, 0x00, 0x00, 0x00, 0x00, 
0x00, 0x00, 0x00, 0x00, 0x00, 0x00, 0x00, 0x00, 0x00, 0x00, 0x00, 0x00, 0x00, 0x00, 0x00, 0x00, 
0x00, 0x00, 0x00, 0x00, 0x00, 0x00, 0x00, 0x00, 0x00, 0x00, 0x00, 0x00, 0x00, 0x00, 0x00, 0x00, 
0x00, 0x00, 0x00, 0x00, 0x00, 0x00, 0x00, 0x00, 0x00, 0x00, 0x00, 0x00, 0x00, 0x00, 0x00, 0x00, 
0x00, 0x00, 0x00, 0x00, 0x00, 0x00, 0x00, 0x00, 0x00, 0x00, 0x00, 0x00, 0x00, 0x00, 0x00, 0x00, 
0x00, 0x00, 0x00, 0x00, 0x00, 0x00, 0x00, 0x00, 0x00, 0x00, 0x00, 0x00, 0x00, 0x00, 0x00, 0x00, 
0x00, 0x00, 0x00, 0x00, 0x00, 0x00, 0x00, 0x00, 0x00, 0x00, 0x00, 0x00, 0x00, 0x00, 0x00, 0x00, 
0x00, 0x00, 0x00, 0x00, 0x00, 0x00, 0x00, 0x00, 0x00, 0x00, 0x00, 0x00, 0xf8, 0x00, 0x00, 0x00, 
0x00, 0x00, 0x00, 0x00, 0x00, 0x00, 0x00, 0x00, 0x00, 0x00, 0x03, 0xfe, 0x00, 0x00, 0x00, 0x00, 
0x00, 0x00, 0x00, 0x00, 0x00, 0x00, 0x00, 0x00, 0x00, 0x01, 0xfc, 0x00, 0x00, 0x00, 0x00, 0x00, 
0x00, 0x00, 0x00, 0x00, 0x00, 0x00, 0x00, 0x00, 0x00, 0x70, 0x00, 0x00, 0x00, 0x00, 0x00, 0x00, 
0x00, 0x00, 0x00, 0x00, 0x00, 0x00, 0x00, 0x00, 0x70, 0x00, 0x00, 0x00, 0x00, 0x00, 0x00, 0x00, 
0x00, 0x00, 0x00, 0x00, 0x00, 0x00, 0x00, 0x20, 0x00, 0x00, 0x00, 0x00, 0x00, 0x00, 0x00, 0x00, 
0x00, 0x00, 0x00, 0x00, 0x00, 0x00, 0x00, 0x00, 0x00, 0x00, 0x00, 0x00, 0x00, 0x00, 0x00, 0x00, 
0x00, 0x00, 0x00, 0x00, 0x00, 0x00, 0x00, 0x00, 0x00, 0x00, 0x00, 0x00, 0x00, 0x00, 0x00, 0x00, 
0x00, 0x00, 0x00, 0x00, 0x00, 0x00, 0x00, 0x00, 0x00, 0x00, 0x00, 0x00, 0x00, 0x00, 0x00, 0x00, 
0x00, 0x00, 0x00, 0x00, 0x00, 0x00, 0x00, 0x00, 0x00, 0x00, 0x00, 0x00, 0x00, 0x00, 0x00, 0x00, 
0x00, 0x00, 0x00, 0x00, 0x00, 0x00, 0x00, 0x00, 0x00, 0x00, 0x00, 0x00, 0x00, 0x00, 0x00, 0x00, 
0x00, 0x00, 0x00, 0x00, 0x00, 0x00, 0x00, 0x00, 0x00, 0x00, 0x00, 0x00, 0x00, 0x00, 0x00, 0x00, 
0x00, 0x00, 0x00, 0x00, 0x00, 0x00, 0x00, 0x00, 0x00, 0x00, 0x00, 0x00, 0x00, 0x00, 0x00, 0x00, 
0x00, 0x00, 0x00, 0x00, 0x00, 0x00, 0x00
};

// 'frame_0008_interp_00_08', 116x25px
static const uint8_t digeeBootup_0008[] = {
0x00, 0x00, 0x00, 0x00, 0x00, 0x00, 0x00, 0x00, 0x00, 0x00, 0x00, 0x00, 0x00, 0x00, 0x00, 0x00, 
0x00, 0x00, 0x00, 0x00, 0x00, 0x00, 0x00, 0x00, 0x00, 0x00, 0x00, 0x00, 0x00, 0x00, 0x00, 0x00, 
0x00, 0x00, 0x00, 0x00, 0x00, 0x00, 0x00, 0x00, 0x00, 0x00, 0x00, 0x00, 0x00, 0x00, 0x00, 0x00, 
0x00, 0x00, 0x00, 0x00, 0x00, 0x00, 0x00, 0x00, 0x00, 0x00, 0x00, 0x00, 0x00, 0x00, 0x00, 0x00, 
0x00, 0x00, 0x00, 0x00, 0x00, 0x00, 0x00, 0x00, 0x00, 0x00, 0x00, 0x00, 0x00, 0x00, 0x00, 0x00, 
0x00, 0x00, 0x00, 0x00, 0x00, 0x00, 0x00, 0x00, 0x00, 0x00, 0x00, 0x00, 0x00, 0x00, 0x00, 0x00, 
0x00, 0x00, 0x00, 0x00, 0x00, 0x00, 0x00, 0x00, 0x00, 0x00, 0x00, 0x00, 0x00, 0x00, 0x00, 0x00, 
0x00, 0x00, 0x00, 0x00, 0x00, 0x00, 0x00, 0x00, 0x00, 0x00, 0x00, 0x00, 0x00, 0x00, 0x00, 0x00, 
0x00, 0x00, 0x00, 0x00, 0x00, 0x00, 0x00, 0x00, 0x00, 0x00, 0x00, 0x00, 0x00, 0x00, 0x00, 0x00, 
0x00, 0x00, 0x00, 0x00, 0x00, 0x00, 0x00, 0x00, 0x00, 0x00, 0x00, 0x00, 0x00, 0x00, 0x00, 0x00, 
0x00, 0x00, 0x00, 0x00, 0x00, 0x00, 0x00, 0x00, 0x00, 0x00, 0x00, 0x01, 0xfc, 0x00, 0x00, 0x00, 
0x00, 0x00, 0x00, 0x00, 0x00, 0x00, 0x00, 0x00, 0x00, 0x00, 0x03, 0xfe, 0x00, 0x00, 0x00, 0x00, 
0x00, 0x00, 0x00, 0x00, 0x00, 0x00, 0x00, 0x00, 0x00, 0x01, 0xfc, 0x00, 0x00, 0x00, 0x00, 0x00, 
0x00, 0x00, 0x00, 0x00, 0x00, 0x00, 0x00, 0x00, 0x00, 0xf8, 0x00, 0x00, 0x00, 0x00, 0x00, 0x00, 
0x00, 0x00, 0x00, 0x00, 0x00, 0x00, 0x00, 0x00, 0x70, 0x00, 0x00, 0x00, 0x00, 0x00, 0x00, 0x00, 
0x00, 0x00, 0x00, 0x00, 0x00, 0x00, 0x00, 0x70, 0x00, 0x00, 0x00, 0x00, 0x00, 0x00, 0x00, 0x00, 
0x00, 0x00, 0x00, 0x00, 0x00, 0x00, 0x00, 0x00, 0x00, 0x00, 0x00, 0x00, 0x00, 0x00, 0x00, 0x00, 
0x00, 0x00, 0x00, 0x00, 0x00, 0x00, 0x00, 0x00, 0x00, 0x00, 0x00, 0x00, 0x00, 0x00, 0x00, 0x00, 
0x00, 0x00, 0x00, 0x00, 0x00, 0x00, 0x00, 0x00, 0x00, 0x00, 0x00, 0x00, 0x00, 0x00, 0x00, 0x00, 
0x00, 0x00, 0x00, 0x00, 0x00, 0x00, 0x00, 0x00, 0x00, 0x00, 0x00, 0x00, 0x00, 0x00, 0x00, 0x00, 
0x00, 0x00, 0x00, 0x00, 0x00, 0x00, 0x00, 0x00, 0x00, 0x00, 0x00, 0x00, 0x00, 0x00, 0x00, 0x00, 
0x00, 0x00, 0x00, 0x00, 0x00, 0x00, 0x00, 0x00, 0x00, 0x00, 0x00, 0x00, 0x00, 0x00, 0x00, 0x00, 
0x00, 0x00, 0x00, 0x00, 0x00, 0x00, 0x00, 0x00, 0x00, 0x00, 0x00, 0x00, 0x00, 0x00, 0x00, 0x00, 
0x00, 0x00, 0x00, 0x00, 0x00, 0x00, 0x00
};

// 'frame_0009_interp_00_09', 116x25px
static const uint8_t digeeBootup_0009[] = {
0x00, 0x00, 0x00, 0x00, 0x00, 0x00, 0x00, 0x00, 0x00, 0x00, 0x00, 0x00, 0x00, 0x00, 0x00, 0x00, 
0x00, 0x00, 0x00, 0x00, 0x00, 0x00, 0x00, 0x00, 0x00, 0x00, 0x00, 0x00, 0x00, 0x00, 0x00, 0x00, 
0x00, 0x00, 0x00, 0x00, 0x00, 0x00, 0x00, 0x00, 0x00, 0x00, 0x00, 0x00, 0x00, 0x00, 0x00, 0x00, 
0x00, 0x00, 0x00, 0x00, 0x00, 0x00, 0x00, 0x00, 0x00, 0x00, 0x00, 0x00, 0x00, 0x00, 0x00, 0x00, 
0x00, 0x00, 0x00, 0x00, 0x00, 0x00, 0x00, 0x00, 0x00, 0x00, 0x00, 0x00, 0x00, 0x00, 0x00, 0x00, 
0x00, 0x00, 0x00, 0x00, 0x00, 0x00, 0x00, 0x00, 0x00, 0x00, 0x00, 0x00, 0x00, 0x00, 0x00, 0x00, 
0x00, 0x00, 0x00, 0x00, 0x00, 0x00, 0x00, 0x00, 0x00, 0x00, 0x00, 0x00, 0x00, 0x00, 0x00, 0x00, 
0x00, 0x00, 0x00, 0x00, 0x00, 0x00, 0x00, 0x00, 0x00, 0x00, 0x00, 0x00, 0x00, 0x00, 0x00, 0x00, 
0x00, 0x00, 0x00, 0x00, 0x00, 0x00, 0x00, 0x00, 0x00, 0x00, 0x00, 0x00, 0x00, 0x00, 0x00, 0x00, 
0x00, 0x00, 0x00, 0x00, 0x00, 0x00, 0x00, 0x00, 0x00, 0x00, 0x00, 0x00, 0x00, 0x00, 0x00, 0x00, 
0x00, 0x00, 0x00, 0x00, 0x00, 0x00, 0x00, 0x00, 0x00, 0x00, 0x00, 0x01, 0xfc, 0x00, 0x00, 0x00, 
0x00, 0x00, 0x00, 0x00, 0x00, 0x00, 0x00, 0x00, 0x00, 0x00, 0x03, 0xfe, 0x00, 0x00, 0x00, 0x00, 
0x00, 0x00, 0x00, 0x00, 0x00, 0x00, 0x00, 0x00, 0x00, 0x01, 0xfc, 0x00, 0x00, 0x00, 0x00, 0x00, 
0x00, 0x00, 0x00, 0x00, 0x00, 0x00, 0x00, 0x00, 0x00, 0xf8, 0x00, 0x00, 0x00, 0x00, 0x00, 0x00, 
0x00, 0x00, 0x00, 0x00, 0x00, 0x00, 0x00, 0x00, 0xf8, 0x00, 0x00, 0x00, 0x00, 0x00, 0x00, 0x00, 
0x00, 0x00, 0x00, 0x00, 0x00, 0x00, 0x00, 0x70, 0x00, 0x00, 0x00, 0x00, 0x00, 0x00, 0x00, 0x00, 
0x00, 0x00, 0x00, 0x00, 0x00, 0x00, 0x20, 0x00, 0x00, 0x00, 0x00, 0x00, 0x00, 0x00, 0x00, 0x00, 
0x00, 0x00, 0x00, 0x00, 0x00, 0x00, 0x00, 0x00, 0x00, 0x00, 0x00, 0x00, 0x00, 0x00, 0x00, 0x00, 
0x00, 0x00, 0x00, 0x00, 0x00, 0x00, 0x00, 0x00, 0x00, 0x00, 0x00, 0x00, 0x00, 0x00, 0x00, 0x00, 
0x00, 0x00, 0x00, 0x00, 0x00, 0x00, 0x00, 0x00, 0x00, 0x00, 0x00, 0x00, 0x00, 0x00, 0x00, 0x00, 
0x00, 0x00, 0x00, 0x00, 0x00, 0x00, 0x00, 0x00, 0x00, 0x00, 0x00, 0x00, 0x00, 0x00, 0x00, 0x00, 
0x00, 0x00, 0x00, 0x00, 0x00, 0x00, 0x00, 0x00, 0x00, 0x00, 0x00, 0x00, 0x00, 0x00, 0x00, 0x00, 
0x00, 0x00, 0x00, 0x00, 0x00, 0x00, 0x00, 0x00, 0x00, 0x00, 0x00, 0x00, 0x00, 0x00, 0x00, 0x00, 
0x00, 0x00, 0x00, 0x00, 0x00, 0x00, 0x00
};

// 'frame_0010_interp_00_10', 116x25px
static const uint8_t digeeBootup_0010[] = {
0x00, 0x00, 0x00, 0x00, 0x00, 0x00, 0x00, 0x00, 0x00, 0x00, 0x00, 0x00, 0x00, 0x00, 0x00, 0x00, 
0x00, 0x00, 0x00, 0x00, 0x00, 0x00, 0x00, 0x00, 0x00, 0x00, 0x00, 0x00, 0x00, 0x00, 0x00, 0x00, 
0x00, 0x00, 0x00, 0x00, 0x00, 0x00, 0x00, 0x00, 0x00, 0x00, 0x00, 0x00, 0x00, 0x00, 0x00, 0x00, 
0x00, 0x00, 0x00, 0x00, 0x00, 0x00, 0x00, 0x00, 0x00, 0x00, 0x00, 0x00, 0x00, 0x00, 0x00, 0x00, 
0x00, 0x00, 0x00, 0x00, 0x00, 0x00, 0x00, 0x00, 0x00, 0x00, 0x00, 0x00, 0x00, 0x00, 0x00, 0x00, 
0x00, 0x00, 0x00, 0x00, 0x00, 0x00, 0x00, 0x00, 0x00, 0x00, 0x00, 0x00, 0x00, 0x00, 0x00, 0x00, 
0x00, 0x00, 0x00, 0x00, 0x00, 0x00, 0x00, 0x00, 0x00, 0x00, 0x00, 0x00, 0x00, 0x00, 0x00, 0x00, 
0x00, 0x00, 0x00, 0x00, 0x00, 0x00, 0x00, 0x00, 0x00, 0x00, 0x00, 0x00, 0x00, 0x00, 0x00, 0x00, 
0x00, 0x00, 0x00, 0x00, 0x00, 0x00, 0x00, 0x00, 0x00, 0x00, 0x00, 0x00, 0x00, 0x00, 0x00, 0x00, 
0x00, 0x00, 0x00, 0x00, 0x00, 0x00, 0x00, 0x00, 0x00, 0x00, 0x00, 0x00, 0x00, 0x20, 0x00, 0x00, 
0x00, 0x00, 0x00, 0x00, 0x00, 0x00, 0x00, 0x00, 0x00, 0x00, 0x00, 0x03, 0xfe, 0x00, 0x00, 0x00, 
0x00, 0x00, 0x00, 0x00, 0x00, 0x00, 0x00, 0x00, 0x00, 0x00, 0x03, 0xfe, 0x00, 0x00, 0x00, 0x00, 
0x00, 0x00, 0x00, 0x00, 0x00, 0x00, 0x00, 0x00, 0x00, 0x03, 0xfe, 0x00, 0x00, 0x00, 0x00, 0x00, 
0x00, 0x00, 0x00, 0x00, 0x00, 0x00, 0x00, 0x00, 0x01, 0xfc, 0x00, 0x00, 0x00, 0x00, 0x00, 0x00, 
0x00, 0x00, 0x00, 0x00, 0x00, 0x00, 0x00, 0x00, 0xf8, 0x00, 0x00, 0x00, 0x00, 0x00, 0x00, 0x00, 
0x00, 0x00, 0x00, 0x00, 0x00, 0x00, 0x00, 0x70, 0x00, 0x00, 0x00, 0x00, 0x00, 0x00, 0x00, 0x00, 
0x00, 0x00, 0x00, 0x00, 0x00, 0x00, 0x70, 0x00, 0x00, 0x00, 0x00, 0x00, 0x00, 0x00, 0x00, 0x00, 
0x00, 0x00, 0x00, 0x00, 0x00, 0x20, 0x00, 0x00, 0x00, 0x00, 0x00, 0x00, 0x00, 0x00, 0x00, 0x00, 
0x00, 0x00, 0x00, 0x00, 0x00, 0x00, 0x00, 0x00, 0x00, 0x00, 0x00, 0x00, 0x00, 0x00, 0x00, 0x00, 
0x00, 0x00, 0x00, 0x00, 0x00, 0x00, 0x00, 0x00, 0x00, 0x00, 0x00, 0x00, 0x00, 0x00, 0x00, 0x00, 
0x00, 0x00, 0x00, 0x00, 0x00, 0x00, 0x00, 0x00, 0x00, 0x00, 0x00, 0x00, 0x00, 0x00, 0x00, 0x00, 
0x00, 0x00, 0x00, 0x00, 0x00, 0x00, 0x00, 0x00, 0x00, 0x00, 0x00, 0x00, 0x00, 0x00, 0x00, 0x00, 
0x00, 0x00, 0x00, 0x00, 0x00, 0x00, 0x00, 0x00, 0x00, 0x00, 0x00, 0x00, 0x00, 0x00, 0x00, 0x00, 
0x00, 0x00, 0x00, 0x00, 0x00, 0x00, 0x00
};

// 'frame_0011_interp_00_11', 116x25px
static const uint8_t digeeBootup_0011[] = {
0x00, 0x00, 0x00, 0x00, 0x00, 0x00, 0x00, 0x00, 0x00, 0x00, 0x00, 0x00, 0x00, 0x00, 0x00, 0x00, 
0x00, 0x00, 0x00, 0x00, 0x00, 0x00, 0x00, 0x00, 0x00, 0x00, 0x00, 0x00, 0x00, 0x00, 0x00, 0x00, 
0x00, 0x00, 0x00, 0x00, 0x00, 0x00, 0x00, 0x00, 0x00, 0x00, 0x00, 0x00, 0x00, 0x00, 0x00, 0x00, 
0x00, 0x00, 0x00, 0x00, 0x00, 0x00, 0x00, 0x00, 0x00, 0x00, 0x00, 0x00, 0x00, 0x00, 0x00, 0x00, 
0x00, 0x00, 0x00, 0x00, 0x00, 0x00, 0x00, 0x00, 0x00, 0x00, 0x00, 0x00, 0x00, 0x00, 0x00, 0x00, 
0x00, 0x00, 0x00, 0x00, 0x00, 0x00, 0x00, 0x00, 0x00, 0x00, 0x00, 0x00, 0x00, 0x00, 0x00, 0x00, 
0x00, 0x00, 0x00, 0x00, 0x00, 0x00, 0x00, 0x00, 0x00, 0x00, 0x00, 0x00, 0x00, 0x00, 0x00, 0x00, 
0x00, 0x00, 0x00, 0x00, 0x00, 0x00, 0x00, 0x00, 0x00, 0x00, 0x00, 0x00, 0x00, 0x00, 0x00, 0x00, 
0x00, 0x00, 0x00, 0x00, 0x00, 0x00, 0x00, 0x00, 0x00, 0x00, 0x00, 0x00, 0x00, 0x00, 0x00, 0x00, 
0x00, 0x00, 0x00, 0x00, 0x00, 0x00, 0x00, 0x00, 0x00, 0x00, 0x00, 0x00, 0x00, 0x20, 0x00, 0x00, 
0x00, 0x00, 0x00, 0x00, 0x00, 0x00, 0x00, 0x00, 0x00, 0x00, 0x00, 0x03, 0xfe, 0x00, 0x00, 0x00, 
0x00, 0x00, 0x00, 0x00, 0x00, 0x00, 0x00, 0x00, 0x00, 0x00, 0x03, 0xfe, 0x00, 0x00, 0x00, 0x00, 
0x00, 0x00, 0x00, 0x00, 0x00, 0x00, 0x00, 0x00, 0x00, 0x03, 0xfe, 0x00, 0x00, 0x00, 0x00, 0x00, 
0x00, 0x00, 0x00, 0x00, 0x00, 0x00, 0x00, 0x00, 0x01, 0xfc, 0x00, 0x00, 0x00, 0x00, 0x00, 0x00, 
0x00, 0x00, 0x00, 0x00, 0x00, 0x00, 0x00, 0x00, 0xf8, 0x00, 0x00, 0x00, 0x00, 0x00, 0x00, 0x00, 
0x00, 0x00, 0x00, 0x00, 0x00, 0x00, 0x00, 0xf8, 0x00, 0x00, 0x00, 0x00, 0x00, 0x00, 0x00, 0x00, 
0x00, 0x00, 0x00, 0x00, 0x00, 0x00, 0x70, 0x00, 0x00, 0x00, 0x00, 0x00, 0x00, 0x00, 0x00, 0x00, 
0x00, 0x00, 0x00, 0x00, 0x00, 0x70, 0x00, 0x00, 0x00, 0x00, 0x00, 0x00, 0x00, 0x00, 0x00, 0x00, 
0x00, 0x00, 0x00, 0x00, 0x20, 0x00, 0x00, 0x00, 0x00, 0x00, 0x00, 0x00, 0x00, 0x00, 0x00, 0x00, 
0x00, 0x00, 0x00, 0x00, 0x00, 0x00, 0x00, 0x00, 0x00, 0x00, 0x00, 0x00, 0x00, 0x00, 0x00, 0x00, 
0x00, 0x00, 0x00, 0x00, 0x00, 0x00, 0x00, 0x00, 0x00, 0x00, 0x00, 0x00, 0x00, 0x00, 0x00, 0x00, 
0x00, 0x00, 0x00, 0x00, 0x00, 0x00, 0x00, 0x00, 0x00, 0x00, 0x00, 0x00, 0x00, 0x00, 0x00, 0x00, 
0x00, 0x00, 0x00, 0x00, 0x00, 0x00, 0x00, 0x00, 0x00, 0x00, 0x00, 0x00, 0x00, 0x00, 0x00, 0x00, 
0x00, 0x00, 0x00, 0x00, 0x00, 0x00, 0x00
};

// 'frame_0012_interp_00_12', 116x25px
static const uint8_t digeeBootup_0012[] = {
0x00, 0x00, 0x00, 0x00, 0x00, 0x00, 0x00, 0x00, 0x00, 0x00, 0x00, 0x00, 0x00, 0x00, 0x00, 0x00, 
0x00, 0x00, 0x00, 0x00, 0x00, 0x00, 0x00, 0x00, 0x00, 0x00, 0x00, 0x00, 0x00, 0x00, 0x00, 0x00, 
0x00, 0x00, 0x00, 0x00, 0x00, 0x00, 0x00, 0x00, 0x00, 0x00, 0x00, 0x00, 0x00, 0x00, 0x00, 0x00, 
0x00, 0x00, 0x00, 0x00, 0x00, 0x00, 0x00, 0x00, 0x00, 0x00, 0x00, 0x00, 0x00, 0x00, 0x00, 0x00, 
0x00, 0x00, 0x00, 0x00, 0x00, 0x00, 0x00, 0x00, 0x00, 0x00, 0x00, 0x00, 0x00, 0x00, 0x00, 0x00, 
0x00, 0x00, 0x00, 0x00, 0x00, 0x00, 0x00, 0x00, 0x00, 0x00, 0x00, 0x00, 0x00, 0x00, 0x00, 0x00, 
0x00, 0x00, 0x00, 0x00, 0x00, 0x00, 0x00, 0x00, 0x00, 0x00, 0x00, 0x00, 0x00, 0x00, 0x00, 0x00, 
0x00, 0x00, 0x00, 0x00, 0x00, 0x00, 0x00, 0x00, 0x00, 0x00, 0x00, 0x00, 0x00, 0x00, 0x00, 0x00, 
0x00, 0x00, 0x00, 0x00, 0x00, 0x00, 0x00, 0x00, 0x00, 0x00, 0x00, 0x00, 0x00, 0x00, 0x00, 0x00, 
0x00, 0x00, 0x00, 0x00, 0x00, 0x00, 0x00, 0x00, 0x00, 0x00, 0x00, 0x00, 0x00, 0x70, 0x00, 0x00, 
0x00, 0x00, 0x00, 0x00, 0x00, 0x00, 0x00, 0x00, 0x00, 0x00, 0x00, 0x03, 0xfe, 0x00, 0x00, 0x00, 
0x00, 0x00, 0x00, 0x00, 0x00, 0x00, 0x00, 0x00, 0x00, 0x00, 0x03, 0xfe, 0x00, 0x00, 0x00, 0x00, 
0x00, 0x00, 0x00, 0x00, 0x00, 0x00, 0x00, 0x00, 0x00, 0x03, 0xfe, 0x00, 0x00, 0x00, 0x00, 0x00, 
0x00, 0x00, 0x00, 0x00, 0x00, 0x00, 0x00, 0x00, 0x01, 0xfc, 0x00, 0x00, 0x00, 0x00, 0x00, 0x00, 
0x00, 0x00, 0x00, 0x00, 0x00, 0x00, 0x00, 0x01, 0xfc, 0x00, 0x00, 0x00, 0x00, 0x00, 0x00, 0x00, 
0x00, 0x00, 0x00, 0x00, 0x00, 0x00, 0x00, 0xf8, 0x00, 0x00, 0x00, 0x00, 0x00, 0x00, 0x00, 0x00, 
0x00, 0x00, 0x00, 0x00, 0x00, 0x00, 0xf8, 0x00, 0x00, 0x00, 0x00, 0x00, 0x00, 0x00, 0x00, 0x00, 
0x00, 0x00, 0x00, 0x00, 0x00, 0x70, 0x00, 0x00, 0x00, 0x00, 0x00, 0x00, 0x00, 0x00, 0x00, 0x00, 
0x00, 0x00, 0x00, 0x00, 0x70, 0x00, 0x00, 0x00, 0x00, 0x00, 0x00, 0x00, 0x00, 0x00, 0x00, 0x00, 
0x00, 0x00, 0x00, 0x00, 0x00, 0x00, 0x00, 0x00, 0x00, 0x00, 0x00, 0x00, 0x00, 0x00, 0x00, 0x00, 
0x00, 0x00, 0x00, 0x00, 0x00, 0x00, 0x00, 0x00, 0x00, 0x00, 0x00, 0x00, 0x00, 0x00, 0x00, 0x00, 
0x00, 0x00, 0x00, 0x00, 0x00, 0x00, 0x00, 0x00, 0x00, 0x00, 0x00, 0x00, 0x00, 0x00, 0x00, 0x00, 
0x00, 0x00, 0x00, 0x00, 0x00, 0x00, 0x00, 0x00, 0x00, 0x00, 0x00, 0x00, 0x00, 0x00, 0x00, 0x00, 
0x00, 0x00, 0x00, 0x00, 0x00, 0x00, 0x00
};

// 'frame_0013_interp_00_13', 116x25px
static const uint8_t digeeBootup_0013[] = {
0x00, 0x00, 0x00, 0x00, 0x00, 0x00, 0x00, 0x00, 0x00, 0x00, 0x00, 0x00, 0x00, 0x00, 0x00, 0x00, 
0x00, 0x00, 0x00, 0x00, 0x00, 0x00, 0x00, 0x00, 0x00, 0x00, 0x00, 0x00, 0x00, 0x00, 0x00, 0x00, 
0x00, 0x00, 0x00, 0x00, 0x00, 0x00, 0x00, 0x00, 0x00, 0x00, 0x00, 0x00, 0x00, 0x00, 0x00, 0x00, 
0x00, 0x00, 0x00, 0x00, 0x00, 0x00, 0x00, 0x00, 0x00, 0x00, 0x00, 0x00, 0x00, 0x00, 0x00, 0x00, 
0x00, 0x00, 0x00, 0x00, 0x00, 0x00, 0x00, 0x00, 0x00, 0x00, 0x00, 0x00, 0x00, 0x00, 0x00, 0x00, 
0x00, 0x00, 0x00, 0x00, 0x00, 0x00, 0x00, 0x00, 0x00, 0x00, 0x00, 0x00, 0x00, 0x00, 0x00, 0x00, 
0x00, 0x00, 0x00, 0x00, 0x00, 0x00, 0x00, 0x00, 0x00, 0x00, 0x00, 0x00, 0x00, 0x00, 0x00, 0x00, 
0x00, 0x00, 0x00, 0x00, 0x00, 0x00, 0x00, 0x00, 0x00, 0x00, 0x00, 0x00, 0x00, 0x00, 0x00, 0x00, 
0x00, 0x00, 0x00, 0x00, 0x00, 0x00, 0x00, 0x00, 0x00, 0x00, 0x00, 0x00, 0x00, 0x00, 0x00, 0x00, 
0x00, 0x00, 0x00, 0x00, 0x00, 0x00, 0x00, 0x00, 0x00, 0x00, 0x00, 0x00, 0x00, 0x70, 0x00, 0x00, 
0x00, 0x00, 0x00, 0x00, 0x00, 0x00, 0x00, 0x00, 0x00, 0x00, 0x00, 0x03, 0xfe, 0x00, 0x00, 0x00, 
0x00, 0x00, 0x00, 0x00, 0x00, 0x00, 0x00, 0x00, 0x00, 0x00, 0x03, 0xfe, 0x00, 0x80, 0x00, 0x00, 
0x00, 0x00, 0x00, 0x00, 0x00, 0x00, 0x00, 0x00, 0x00, 0x03, 0xfe, 0x00, 0x00, 0x00, 0x00, 0x00, 
0x00, 0x00, 0x00, 0x00, 0x00, 0x00, 0x00, 0x00, 0x01, 0xfc, 0x00, 0x00, 0x00, 0x00, 0x00, 0x00, 
0x00, 0x00, 0x00, 0x00, 0x00, 0x00, 0x00, 0x01, 0xfc, 0x00, 0x00, 0x00, 0x00, 0x00, 0x00, 0x00, 
0x00, 0x00, 0x00, 0x00, 0x00, 0x00, 0x00, 0xf8, 0x00, 0x00, 0x00, 0x00, 0x00, 0x00, 0x00, 0x00, 
0x00, 0x00, 0x00, 0x00, 0x00, 0x00, 0xf8, 0x00, 0x00, 0x00, 0x00, 0x00, 0x00, 0x00, 0x00, 0x00, 
0x00, 0x00, 0x00, 0x00, 0x00, 0xf0, 0x00, 0x00, 0x00, 0x00, 0x00, 0x00, 0x00, 0x00, 0x00, 0x00, 
0x00, 0x00, 0x00, 0x00, 0xf0, 0x00, 0x00, 0x00, 0x00, 0x00, 0x00, 0x00, 0x00, 0x00, 0x00, 0x00, 
0x00, 0x00, 0x00, 0x70, 0x00, 0x00, 0x00, 0x00, 0x00, 0x00, 0x00, 0x00, 0x00, 0x00, 0x00, 0x00, 
0x00, 0x00, 0x00, 0x00, 0x00, 0x00, 0x00, 0x00, 0x00, 0x00, 0x00, 0x00, 0x00, 0x00, 0x00, 0x00, 
0x00, 0x00, 0x00, 0x00, 0x00, 0x00, 0x00, 0x00, 0x00, 0x00, 0x00, 0x00, 0x00, 0x00, 0x00, 0x00, 
0x00, 0x00, 0x00, 0x00, 0x00, 0x00, 0x00, 0x00, 0x00, 0x00, 0x00, 0x00, 0x00, 0x00, 0x00, 0x00, 
0x00, 0x00, 0x00, 0x00, 0x00, 0x00, 0x00
};

// 'frame_0014_interp_00_14', 116x25px
static const uint8_t digeeBootup_0014[] = {
0x00, 0x00, 0x00, 0x00, 0x00, 0x00, 0x00, 0x00, 0x00, 0x00, 0x00, 0x00, 0x00, 0x00, 0x00, 0x00, 
0x00, 0x00, 0x00, 0x00, 0x00, 0x00, 0x00, 0x00, 0x00, 0x00, 0x00, 0x00, 0x00, 0x00, 0x00, 0x00, 
0x00, 0x00, 0x00, 0x00, 0x00, 0x00, 0x00, 0x00, 0x00, 0x00, 0x00, 0x00, 0x00, 0x00, 0x00, 0x00, 
0x00, 0x00, 0x00, 0x00, 0x00, 0x00, 0x00, 0x00, 0x00, 0x00, 0x00, 0x00, 0x00, 0x00, 0x00, 0x00, 
0x00, 0x00, 0x00, 0x00, 0x00, 0x00, 0x00, 0x00, 0x00, 0x00, 0x00, 0x00, 0x00, 0x00, 0x00, 0x00, 
0x00, 0x00, 0x00, 0x00, 0x00, 0x00, 0x00, 0x00, 0x00, 0x00, 0x00, 0x00, 0x00, 0x00, 0x00, 0x00, 
0x00, 0x00, 0x00, 0x00, 0x00, 0x00, 0x00, 0x00, 0x00, 0x00, 0x00, 0x00, 0x00, 0x00, 0x00, 0x00, 
0x00, 0x00, 0x00, 0x00, 0x00, 0x00, 0x00, 0x00, 0x00, 0x00, 0x00, 0x00, 0x00, 0x00, 0x00, 0x00, 
0x00, 0x00, 0x00, 0x00, 0x00, 0x00, 0x00, 0x00, 0x00, 0x00, 0x00, 0x00, 0x00, 0x00, 0x00, 0x00, 
0x00, 0x00, 0x00, 0x00, 0x00, 0x00, 0x00, 0x00, 0x00, 0x00, 0x00, 0x04, 0x01, 0xfc, 0x01, 0x00, 
0x00, 0x00, 0x00, 0x00, 0x00, 0x00, 0x00, 0x00, 0x00, 0x00, 0x06, 0x03, 0xfe, 0x03, 0x80, 0x00, 
0x00, 0x00, 0x00, 0x00, 0x00, 0x00, 0x00, 0x00, 0x00, 0x06, 0x03, 0xfe, 0x03, 0x80, 0x00, 0x00, 
0x00, 0x00, 0x00, 0x00, 0x00, 0x00, 0x00, 0x00, 0x06, 0x03, 0xfe, 0x03, 0x80, 0x00, 0x00, 0x00, 
0x00, 0x00, 0x00, 0x00, 0x00, 0x00, 0x00, 0x04, 0x03, 0xfe, 0x01, 0x00, 0x00, 0x00, 0x00, 0x00, 
0x00, 0x00, 0x00, 0x00, 0x00, 0x00, 0x00, 0x01, 0xfc, 0x00, 0x00, 0x00, 0x00, 0x00, 0x00, 0x00, 
0x00, 0x00, 0x00, 0x00, 0x00, 0x00, 0x01, 0xfc, 0x00, 0x00, 0x00, 0x00, 0x00, 0x00, 0x00, 0x00, 
0x00, 0x00, 0x00, 0x00, 0x00, 0x00, 0xf8, 0x00, 0x00, 0x00, 0x00, 0x00, 0x00, 0x00, 0x00, 0x00, 
0x00, 0x00, 0x00, 0x00, 0x00, 0xf8, 0x00, 0x00, 0x00, 0x00, 0x00, 0x00, 0x00, 0x00, 0x00, 0x00, 
0x00, 0x00, 0x00, 0x00, 0xf0, 0x00, 0x00, 0x00, 0x00, 0x00, 0x00, 0x00, 0x00, 0x00, 0x00, 0x00, 
0x00, 0x00, 0x00, 0xf0, 0x00, 0x00, 0x00, 0x00, 0x00, 0x00, 0x00, 0x00, 0x00, 0x00, 0x00, 0x00, 
0x00, 0x00, 0x00, 0x00, 0x00, 0x00, 0x00, 0x00, 0x00, 0x00, 0x00, 0x00, 0x00, 0x00, 0x00, 0x00, 
0x00, 0x00, 0x00, 0x00, 0x00, 0x00, 0x00, 0x00, 0x00, 0x00, 0x00, 0x00, 0x00, 0x00, 0x00, 0x00, 
0x00, 0x00, 0x00, 0x00, 0x00, 0x00, 0x00, 0x00, 0x00, 0x00, 0x00, 0x00, 0x00, 0x00, 0x00, 0x00, 
0x00, 0x00, 0x00, 0x00, 0x00, 0x00, 0x00
};

// 'frame_0015_interp_00_15', 116x25px
static const uint8_t digeeBootup_0015[] = {
0x00, 0x00, 0x00, 0x00, 0x00, 0x00, 0x00, 0x00, 0x00, 0x00, 0x00, 0x00, 0x00, 0x00, 0x00, 0x00, 
0x00, 0x00, 0x00, 0x00, 0x00, 0x00, 0x00, 0x00, 0x00, 0x00, 0x00, 0x00, 0x00, 0x00, 0x00, 0x00, 
0x00, 0x00, 0x00, 0x00, 0x00, 0x00, 0x00, 0x00, 0x00, 0x00, 0x00, 0x00, 0x00, 0x00, 0x00, 0x00, 
0x00, 0x00, 0x00, 0x00, 0x00, 0x00, 0x00, 0x00, 0x00, 0x00, 0x00, 0x00, 0x00, 0x00, 0x00, 0x00, 
0x00, 0x00, 0x00, 0x00, 0x00, 0x00, 0x00, 0x00, 0x00, 0x00, 0x00, 0x00, 0x00, 0x00, 0x00, 0x00, 
0x00, 0x00, 0x00, 0x00, 0x00, 0x00, 0x00, 0x00, 0x00, 0x00, 0x00, 0x00, 0x00, 0x00, 0x00, 0x00, 
0x00, 0x00, 0x00, 0x00, 0x00, 0x00, 0x00, 0x00, 0x00, 0x00, 0x00, 0x00, 0x00, 0x00, 0x00, 0x00, 
0x00, 0x00, 0x00, 0x00, 0x00, 0x00, 0x00, 0x00, 0x00, 0x00, 0x00, 0x00, 0x00, 0x00, 0x00, 0x00, 
0x00, 0x00, 0x00, 0x00, 0x00, 0x00, 0x00, 0x00, 0x00, 0x00, 0x00, 0x00, 0x06, 0x00, 0x00, 0x03, 
0x00, 0x00, 0x00, 0x00, 0x00, 0x00, 0x00, 0x00, 0x00, 0x00, 0x00, 0x06, 0x01, 0xfc, 0x03, 0x80, 
0x00, 0x00, 0x00, 0x00, 0x00, 0x00, 0x00, 0x00, 0x00, 0x00, 0x07, 0x03, 0xfe, 0x07, 0x80, 0x00, 
0x00, 0x00, 0x00, 0x00, 0x00, 0x00, 0x00, 0x00, 0x00, 0x07, 0x03, 0xfe, 0x07, 0xc0, 0x00, 0x00, 
0x00, 0x00, 0x00, 0x00, 0x00, 0x00, 0x00, 0x00, 0x07, 0x03, 0xfe, 0x07, 0x80, 0x00, 0x00, 0x00, 
0x00, 0x00, 0x00, 0x00, 0x00, 0x00, 0x00, 0x06, 0x03, 0xfe, 0x03, 0x80, 0x00, 0x00, 0x00, 0x00, 
0x00, 0x00, 0x00, 0x00, 0x00, 0x00, 0x06, 0x01, 0xfc, 0x03, 0x00, 0x00, 0x00, 0x00, 0x00, 0x00, 
0x00, 0x00, 0x00, 0x00, 0x00, 0x00, 0x01, 0xfc, 0x00, 0x00, 0x00, 0x00, 0x00, 0x00, 0x00, 0x00, 
0x00, 0x00, 0x00, 0x00, 0x00, 0x00, 0xf8, 0x00, 0x00, 0x00, 0x00, 0x00, 0x00, 0x00, 0x00, 0x00, 
0x00, 0x00, 0x00, 0x00, 0x00, 0xf8, 0x00, 0x00, 0x00, 0x00, 0x00, 0x00, 0x00, 0x00, 0x00, 0x00, 
0x00, 0x00, 0x00, 0x01, 0xf8, 0x00, 0x00, 0x00, 0x00, 0x00, 0x00, 0x00, 0x00, 0x00, 0x00, 0x00, 
0x00, 0x00, 0x01, 0xf0, 0x00, 0x00, 0x00, 0x00, 0x00, 0x00, 0x00, 0x00, 0x00, 0x00, 0x00, 0x00, 
0x00, 0x00, 0x00, 0x00, 0x00, 0x00, 0x00, 0x00, 0x00, 0x00, 0x00, 0x00, 0x00, 0x00, 0x00, 0x00, 
0x00, 0x00, 0x00, 0x00, 0x00, 0x00, 0x00, 0x00, 0x00, 0x00, 0x00, 0x00, 0x00, 0x00, 0x00, 0x00, 
0x00, 0x00, 0x00, 0x00, 0x00, 0x00, 0x00, 0x00, 0x00, 0x00, 0x00, 0x00, 0x00, 0x00, 0x00, 0x00, 
0x00, 0x00, 0x00, 0x00, 0x00, 0x00, 0x00
};

// 'frame_0016_interp_00_16', 116x25px
static const uint8_t digeeBootup_0016[] = {
0x00, 0x00, 0x00, 0x00, 0x00, 0x00, 0x00, 0x00, 0x00, 0x00, 0x00, 0x00, 0x00, 0x00, 0x00, 0x00, 
0x00, 0x00, 0x00, 0x00, 0x00, 0x00, 0x00, 0x00, 0x00, 0x00, 0x00, 0x00, 0x00, 0x00, 0x00, 0x00, 
0x00, 0x00, 0x00, 0x00, 0x00, 0x00, 0x00, 0x00, 0x00, 0x00, 0x00, 0x00, 0x00, 0x00, 0x00, 0x00, 
0x00, 0x00, 0x00, 0x00, 0x70, 0x00, 0x00, 0x00, 0x00, 0x00, 0x00, 0x00, 0x00, 0x00, 0x00, 0x00, 
0x00, 0x00, 0x00, 0x00, 0x00, 0x00, 0x00, 0x00, 0x00, 0x00, 0x00, 0x00, 0x00, 0x00, 0x00, 0x00, 
0x00, 0x00, 0x00, 0x00, 0x00, 0x00, 0x00, 0x00, 0x00, 0x00, 0x00, 0x00, 0x00, 0x00, 0x00, 0x00, 
0x00, 0x00, 0x00, 0x00, 0x00, 0x00, 0x00, 0x00, 0x00, 0x00, 0x00, 0x00, 0x00, 0x00, 0x00, 0x00, 
0x00, 0x00, 0x00, 0x00, 0x00, 0x00, 0x00, 0x00, 0x00, 0x00, 0x00, 0x00, 0x00, 0x01, 0x00, 0x00, 
0x00, 0x00, 0x00, 0x00, 0x00, 0x00, 0x00, 0x00, 0x00, 0x00, 0x00, 0x00, 0x0f, 0x00, 0x00, 0x07, 
0x80, 0x00, 0x00, 0x00, 0x00, 0x00, 0x00, 0x00, 0x00, 0x00, 0x00, 0x0f, 0x01, 0xfc, 0x07, 0x80, 
0x00, 0x00, 0x00, 0x00, 0x00, 0x00, 0x00, 0x00, 0x00, 0x00, 0x0f, 0x03, 0xfe, 0x07, 0xc0, 0x00, 
0x00, 0x00, 0x00, 0x00, 0x00, 0x00, 0x00, 0x00, 0x00, 0x0f, 0x03, 0xfe, 0x07, 0xc0, 0x00, 0x00, 
0x00, 0x00, 0x00, 0x00, 0x00, 0x00, 0x00, 0x00, 0x0f, 0x03, 0xfe, 0x07, 0xc0, 0x00, 0x00, 0x00, 
0x00, 0x00, 0x00, 0x00, 0x00, 0x00, 0x00, 0x0f, 0x03, 0xfe, 0x07, 0x80, 0x00, 0x00, 0x00, 0x00, 
0x00, 0x00, 0x00, 0x00, 0x00, 0x00, 0x0f, 0x01, 0xfc, 0x07, 0x80, 0x00, 0x00, 0x00, 0x00, 0x00, 
0x00, 0x00, 0x00, 0x00, 0x00, 0x01, 0x01, 0xfc, 0x00, 0x00, 0x00, 0x00, 0x00, 0x00, 0x00, 0x00, 
0x00, 0x00, 0x00, 0x00, 0x00, 0x01, 0xfc, 0x00, 0x00, 0x00, 0x00, 0x00, 0x00, 0x00, 0x00, 0x00, 
0x00, 0x00, 0x00, 0x00, 0x01, 0xf8, 0x00, 0x00, 0x00, 0x00, 0x00, 0x00, 0x00, 0x00, 0x00, 0x00, 
0x00, 0x00, 0x00, 0x01, 0xf8, 0x00, 0x00, 0x00, 0x00, 0x00, 0x00, 0x00, 0x00, 0x00, 0x00, 0x00, 
0x00, 0x00, 0x01, 0xf8, 0x00, 0x00, 0x00, 0x00, 0x00, 0x00, 0x00, 0x00, 0x00, 0x00, 0x00, 0x00, 
0x00, 0x00, 0x70, 0x00, 0x00, 0x00, 0x00, 0x00, 0x00, 0x00, 0x00, 0x00, 0x00, 0x00, 0x00, 0x00, 
0x00, 0x00, 0x00, 0x00, 0x00, 0x00, 0x00, 0x00, 0x00, 0x00, 0x00, 0x00, 0x00, 0x00, 0x00, 0x00, 
0x00, 0x00, 0x00, 0x00, 0x00, 0x00, 0x00, 0x00, 0x00, 0x00, 0x00, 0x00, 0x00, 0x00, 0x00, 0x00, 
0x00, 0x00, 0x00, 0x00, 0x00, 0x00, 0x00
};

// 'frame_0017_interp_00_17', 116x25px
static const uint8_t digeeBootup_0017[] = {
0x00, 0x00, 0x00, 0x00, 0x00, 0x00, 0x00, 0x00, 0x00, 0x00, 0x00, 0x00, 0x00, 0x00, 0x00, 0x00, 
0x00, 0x00, 0x00, 0x00, 0x00, 0x00, 0x00, 0x00, 0x00, 0x00, 0x00, 0x00, 0x00, 0x00, 0x00, 0x00, 
0x00, 0x00, 0x00, 0x00, 0x00, 0x00, 0x00, 0x00, 0x00, 0x00, 0x00, 0x00, 0x00, 0x00, 0x00, 0x00, 
0x00, 0x00, 0x00, 0x07, 0xf8, 0x00, 0x00, 0x00, 0x00, 0x00, 0x00, 0x00, 0x00, 0x00, 0x00, 0x00, 
0x00, 0x00, 0x00, 0x00, 0x00, 0x00, 0x00, 0x00, 0x00, 0x00, 0x00, 0x00, 0x00, 0x00, 0x00, 0x00, 
0x00, 0x00, 0x00, 0x00, 0x00, 0x00, 0x00, 0x00, 0x00, 0x00, 0x00, 0x00, 0x00, 0x00, 0x00, 0x00, 
0x00, 0x00, 0x00, 0x00, 0x00, 0x00, 0x00, 0x00, 0x00, 0x00, 0x00, 0x00, 0x00, 0x00, 0x00, 0x00, 
0x00, 0x00, 0x00, 0x00, 0x00, 0x00, 0x00, 0x00, 0x00, 0x00, 0x00, 0x00, 0x00, 0x03, 0x00, 0x00, 
0x06, 0x00, 0x00, 0x00, 0x00, 0x00, 0x00, 0x00, 0x00, 0x00, 0x00, 0x00, 0x0f, 0x00, 0x00, 0x07, 
0x80, 0x00, 0x00, 0x00, 0x00, 0x00, 0x00, 0x00, 0x00, 0x00, 0x00, 0x0f, 0x01, 0xfc, 0x07, 0xc0, 
0x00, 0x00, 0x00, 0x00, 0x00, 0x00, 0x00, 0x00, 0x00, 0x00, 0x0f, 0x83, 0xfe, 0x0f, 0xc0, 0x00, 
0x00, 0x00, 0x00, 0x00, 0x00, 0x00, 0x00, 0x00, 0x00, 0x0f, 0x83, 0xfe, 0x0f, 0xe0, 0x00, 0x00, 
0x00, 0x00, 0x00, 0x00, 0x00, 0x00, 0x00, 0x00, 0x0f, 0x83, 0xfe, 0x0f, 0xc0, 0x00, 0x00, 0x00, 
0x00, 0x00, 0x00, 0x00, 0x00, 0x00, 0x00, 0x0f, 0x03, 0xfe, 0x07, 0xc0, 0x00, 0x00, 0x00, 0x00, 
0x00, 0x00, 0x00, 0x00, 0x00, 0x00, 0x0f, 0x03, 0xfe, 0x07, 0x80, 0x00, 0x00, 0x00, 0x00, 0x00, 
0x00, 0x00, 0x00, 0x00, 0x00, 0x03, 0x01, 0xfc, 0x06, 0x00, 0x00, 0x00, 0x00, 0x00, 0x00, 0x00, 
0x00, 0x00, 0x00, 0x00, 0x00, 0x01, 0xfc, 0x00, 0x00, 0x00, 0x00, 0x00, 0x00, 0x00, 0x00, 0x00, 
0x00, 0x00, 0x00, 0x00, 0x01, 0xfc, 0x00, 0x00, 0x00, 0x00, 0x00, 0x00, 0x00, 0x00, 0x00, 0x00, 
0x00, 0x00, 0x00, 0x03, 0xf8, 0x00, 0x00, 0x00, 0x00, 0x00, 0x00, 0x00, 0x00, 0x00, 0x00, 0x00, 
0x00, 0x00, 0x03, 0xf8, 0x00, 0x00, 0x00, 0x00, 0x00, 0x00, 0x00, 0x00, 0x00, 0x00, 0x00, 0x00, 
0x00, 0x07, 0xf8, 0x00, 0x00, 0x00, 0x00, 0x00, 0x00, 0x00, 0x00, 0x00, 0x00, 0x00, 0x00, 0x00, 
0x00, 0x00, 0x00, 0x00, 0x00, 0x00, 0x00, 0x00, 0x00, 0x00, 0x00, 0x00, 0x00, 0x00, 0x00, 0x00, 
0x00, 0x00, 0x00, 0x00, 0x00, 0x00, 0x00, 0x00, 0x00, 0x00, 0x00, 0x00, 0x00, 0x00, 0x00, 0x00, 
0x00, 0x00, 0x00, 0x00, 0x00, 0x00, 0x00
};

// 'frame_0018_interp_00_18', 116x25px
static const uint8_t digeeBootup_0018[] = {
0x00, 0x00, 0x00, 0x00, 0x00, 0x00, 0x00, 0x00, 0x00, 0x00, 0x00, 0x00, 0x00, 0x00, 0x00, 0x00, 
0x00, 0x00, 0x00, 0x00, 0x00, 0x00, 0x00, 0x00, 0x00, 0x00, 0x00, 0x00, 0x00, 0x00, 0x00, 0x00, 
0x00, 0x00, 0x00, 0x00, 0x00, 0x00, 0x00, 0x00, 0x00, 0x00, 0x00, 0x00, 0x00, 0x00, 0x00, 0x00, 
0x00, 0x00, 0x00, 0x0f, 0xf8, 0x00, 0x00, 0x00, 0x00, 0x00, 0x00, 0x00, 0x00, 0x00, 0x00, 0x00, 
0x00, 0x00, 0x00, 0x70, 0x00, 0x00, 0x00, 0x00, 0x00, 0x00, 0x00, 0x00, 0x00, 0x00, 0x00, 0x00, 
0x00, 0x00, 0x00, 0x00, 0x00, 0x00, 0x00, 0x00, 0x00, 0x00, 0x00, 0x00, 0x00, 0x00, 0x00, 0x00, 
0x00, 0x00, 0x00, 0x00, 0x00, 0x00, 0x00, 0x00, 0x00, 0x00, 0x00, 0x00, 0x00, 0x00, 0x00, 0x00, 
0x00, 0x00, 0x00, 0x00, 0x00, 0x00, 0x00, 0x00, 0x00, 0x00, 0x00, 0x00, 0x00, 0x0f, 0x80, 0x00, 
0x0f, 0x80, 0x00, 0x00, 0x00, 0x00, 0x00, 0x00, 0x00, 0x00, 0x00, 0x00, 0x0f, 0x80, 0x00, 0x0f, 
0xc0, 0x00, 0x00, 0x00, 0x00, 0x00, 0x00, 0x00, 0x00, 0x00, 0x00, 0x0f, 0x81, 0xfc, 0x0f, 0xc0, 
0x00, 0x00, 0x00, 0x00, 0x00, 0x00, 0x00, 0x00, 0x00, 0x00, 0x0f, 0x83, 0xfe, 0x0f, 0xe0, 0x00, 
0x00, 0x00, 0x00, 0x00, 0x00, 0x00, 0x00, 0x00, 0x00, 0x0f, 0x83, 0xfe, 0x0f, 0xf0, 0x00, 0x00, 
0x00, 0x00, 0x00, 0x00, 0x00, 0x00, 0x00, 0x00, 0x0f, 0x83, 0xfe, 0x0f, 0xe0, 0x00, 0x00, 0x00, 
0x00, 0x00, 0x00, 0x00, 0x00, 0x00, 0x00, 0x0f, 0x83, 0xfe, 0x0f, 0xc0, 0x00, 0x00, 0x00, 0x00, 
0x00, 0x00, 0x00, 0x00, 0x00, 0x00, 0x0f, 0x83, 0xfe, 0x0f, 0xc0, 0x00, 0x00, 0x00, 0x00, 0x00, 
0x00, 0x00, 0x00, 0x00, 0x00, 0x0f, 0x81, 0xfc, 0x0f, 0x80, 0x00, 0x00, 0x00, 0x00, 0x00, 0x00, 
0x00, 0x00, 0x00, 0x00, 0x00, 0x01, 0xfc, 0x00, 0x00, 0x00, 0x00, 0x00, 0x00, 0x00, 0x00, 0x00, 
0x00, 0x00, 0x00, 0x00, 0x01, 0xfc, 0x00, 0x00, 0x00, 0x00, 0x00, 0x00, 0x00, 0x00, 0x00, 0x00, 
0x00, 0x00, 0x00, 0x03, 0xfc, 0x00, 0x00, 0x00, 0x00, 0x00, 0x00, 0x00, 0x00, 0x00, 0x00, 0x00, 
0x00, 0x00, 0x07, 0xf8, 0x00, 0x00, 0x00, 0x00, 0x00, 0x00, 0x00, 0x00, 0x00, 0x00, 0x00, 0x00, 
0x00, 0x0f, 0xf8, 0x00, 0x00, 0x00, 0x00, 0x00, 0x00, 0x00, 0x00, 0x00, 0x00, 0x00, 0x00, 0x00, 
0x00, 0x00, 0x00, 0x00, 0x00, 0x00, 0x00, 0x00, 0x00, 0x00, 0x00, 0x00, 0x00, 0x00, 0x00, 0x00, 
0x00, 0x00, 0x00, 0x00, 0x00, 0x00, 0x00, 0x00, 0x00, 0x00, 0x00, 0x00, 0x00, 0x00, 0x00, 0x00, 
0x00, 0x00, 0x00, 0x00, 0x00, 0x00, 0x00
};

// 'frame_0019_interp_00_19', 116x25px
static const uint8_t digeeBootup_0019[] = {
0x00, 0x00, 0x00, 0x00, 0x00, 0x00, 0x00, 0x00, 0x00, 0x00, 0x00, 0x00, 0x00, 0x00, 0x00, 0x00, 
0x00, 0x00, 0x00, 0x00, 0x00, 0x00, 0x00, 0x00, 0x00, 0x00, 0x00, 0x00, 0x00, 0x00, 0x00, 0x00, 
0x00, 0x00, 0x00, 0x00, 0x00, 0x00, 0x00, 0x00, 0x00, 0x00, 0x00, 0x00, 0x00, 0x00, 0x00, 0x00, 
0x00, 0x00, 0x00, 0x0f, 0xf8, 0x00, 0x00, 0x00, 0x00, 0x00, 0x00, 0x00, 0x00, 0x00, 0x00, 0x00, 
0x00, 0x00, 0x0f, 0xf8, 0x00, 0x00, 0x00, 0x00, 0x00, 0x00, 0x00, 0x00, 0x00, 0x00, 0x00, 0x00, 
0x00, 0x00, 0x00, 0x00, 0x00, 0x00, 0x00, 0x00, 0x00, 0x00, 0x00, 0x00, 0x00, 0x00, 0x00, 0x00, 
0x00, 0x00, 0x00, 0x00, 0x00, 0x00, 0x00, 0x00, 0x00, 0x00, 0x00, 0x00, 0x00, 0x00, 0x00, 0x80, 
0x00, 0x00, 0x00, 0x00, 0x00, 0x00, 0x00, 0x00, 0x00, 0x00, 0x00, 0x00, 0x00, 0x1f, 0x80, 0x00, 
0x0f, 0xc0, 0x00, 0x00, 0x00, 0x00, 0x00, 0x00, 0x00, 0x00, 0x00, 0x00, 0x1f, 0x80, 0x00, 0x0f, 
0xc0, 0x00, 0x00, 0x00, 0x00, 0x00, 0x00, 0x00, 0x00, 0x00, 0x00, 0x1f, 0x81, 0xfc, 0x0f, 0xc0, 
0x00, 0x00, 0x00, 0x00, 0x00, 0x00, 0x00, 0x00, 0x00, 0x00, 0x1f, 0x83, 0xfe, 0x0f, 0xe0, 0x00, 
0x00, 0x00, 0x00, 0x00, 0x00, 0x00, 0x00, 0x00, 0x00, 0x1f, 0x83, 0xfe, 0x0f, 0xf0, 0x00, 0x00, 
0x00, 0x00, 0x00, 0x00, 0x00, 0x00, 0x00, 0x00, 0x1f, 0x83, 0xfe, 0x0f, 0xe0, 0x00, 0x00, 0x00, 
0x00, 0x00, 0x00, 0x00, 0x00, 0x00, 0x00, 0x1f, 0x83, 0xfe, 0x0f, 0xc0, 0x00, 0x00, 0x00, 0x00, 
0x00, 0x00, 0x00, 0x00, 0x00, 0x00, 0x1f, 0x83, 0xfe, 0x0f, 0xc0, 0x00, 0x00, 0x00, 0x00, 0x00, 
0x00, 0x00, 0x00, 0x00, 0x00, 0x1f, 0x83, 0xfe, 0x0f, 0xc0, 0x00, 0x00, 0x00, 0x00, 0x00, 0x00, 
0x00, 0x00, 0x00, 0x00, 0x00, 0x81, 0xfc, 0x00, 0x00, 0x00, 0x00, 0x00, 0x00, 0x00, 0x00, 0x00, 
0x00, 0x00, 0x00, 0x00, 0x01, 0xfc, 0x00, 0x00, 0x00, 0x00, 0x00, 0x00, 0x00, 0x00, 0x00, 0x00, 
0x00, 0x00, 0x00, 0x03, 0xfc, 0x00, 0x00, 0x00, 0x00, 0x00, 0x00, 0x00, 0x00, 0x00, 0x00, 0x00, 
0x00, 0x00, 0x0f, 0xfc, 0x00, 0x00, 0x00, 0x00, 0x00, 0x00, 0x00, 0x00, 0x00, 0x00, 0x00, 0x00, 
0x00, 0x0f, 0xf8, 0x00, 0x00, 0x00, 0x00, 0x00, 0x00, 0x00, 0x00, 0x00, 0x00, 0x00, 0x00, 0x00, 
0x00, 0x00, 0x00, 0x00, 0x00, 0x00, 0x00, 0x00, 0x00, 0x00, 0x00, 0x00, 0x00, 0x00, 0x00, 0x00, 
0x00, 0x00, 0x00, 0x00, 0x00, 0x00, 0x00, 0x00, 0x00, 0x00, 0x00, 0x00, 0x00, 0x00, 0x00, 0x00, 
0x00, 0x00, 0x00, 0x00, 0x00, 0x00, 0x00
};

// 'frame_0020_interp_00_20', 116x25px
static const uint8_t digeeBootup_0020[] = {
0x00, 0x00, 0x00, 0x00, 0x00, 0x00, 0x00, 0x00, 0x00, 0x00, 0x00, 0x00, 0x00, 0x00, 0x00, 0x00, 
0x00, 0x00, 0x00, 0x00, 0x00, 0x00, 0x00, 0x00, 0x00, 0x00, 0x00, 0x00, 0x00, 0x00, 0x00, 0x00, 
0x00, 0x00, 0x00, 0x00, 0x01, 0xf8, 0x00, 0x00, 0x00, 0x00, 0x00, 0x00, 0x00, 0x00, 0x00, 0x00, 
0x00, 0x00, 0x00, 0x1f, 0xfc, 0x00, 0x00, 0x00, 0x00, 0x00, 0x00, 0x00, 0x00, 0x00, 0x00, 0x00, 
0x00, 0x00, 0x3f, 0xf8, 0x00, 0x00, 0x00, 0x00, 0x00, 0x00, 0x00, 0x00, 0x00, 0x00, 0x00, 0x00, 
0x00, 0x00, 0x00, 0x00, 0x00, 0x00, 0x00, 0x00, 0x00, 0x00, 0x00, 0x00, 0x00, 0x00, 0x00, 0x00, 
0x00, 0x00, 0x00, 0x00, 0x00, 0x00, 0x00, 0x00, 0x00, 0x00, 0x00, 0x00, 0x00, 0x00, 0x03, 0x80, 
0x00, 0x06, 0x00, 0x00, 0x00, 0x00, 0x00, 0x00, 0x00, 0x00, 0x00, 0x00, 0x00, 0x1f, 0x80, 0x00, 
0x0f, 0xc0, 0x00, 0x00, 0x00, 0x00, 0x00, 0x00, 0x00, 0x00, 0x00, 0x00, 0x1f, 0x80, 0x00, 0x0f, 
0xc0, 0x00, 0x00, 0x00, 0x00, 0x00, 0x00, 0x00, 0x00, 0x00, 0x00, 0x1f, 0x81, 0xfc, 0x0f, 0xe0, 
0x00, 0x00, 0x00, 0x00, 0x00, 0x00, 0x00, 0x00, 0x00, 0x00, 0x1f, 0x83, 0xfe, 0x0f, 0xf0, 0x00, 
0x00, 0x00, 0x00, 0x00, 0x00, 0x00, 0x00, 0x00, 0x00, 0x1f, 0x83, 0xfe, 0x0f, 0xf8, 0x00, 0x00, 
0x00, 0x00, 0x00, 0x00, 0x00, 0x00, 0x00, 0x00, 0x1f, 0x83, 0xfe, 0x0f, 0xf0, 0x00, 0x00, 0x00, 
0x00, 0x00, 0x00, 0x00, 0x00, 0x01, 0x00, 0x1f, 0x83, 0xfe, 0x0f, 0xe0, 0x00, 0x00, 0x00, 0x00, 
0x00, 0x00, 0x00, 0x00, 0x01, 0x00, 0x1f, 0x83, 0xfe, 0x0f, 0xc0, 0x00, 0x00, 0x00, 0x00, 0x00, 
0x00, 0x00, 0x00, 0x01, 0x00, 0x1f, 0x83, 0xfe, 0x0f, 0xc0, 0x00, 0x00, 0x00, 0x00, 0x00, 0x00, 
0x00, 0x00, 0x01, 0x00, 0x03, 0x81, 0xfc, 0x06, 0x00, 0x00, 0x00, 0x00, 0x00, 0x00, 0x00, 0x00, 
0x00, 0x01, 0x00, 0x00, 0x03, 0xfc, 0x00, 0x00, 0x00, 0x00, 0x00, 0x00, 0x00, 0x00, 0x00, 0x00, 
0x01, 0x00, 0x00, 0x03, 0xfc, 0x00, 0x00, 0x00, 0x00, 0x00, 0x00, 0x00, 0x00, 0x00, 0x00, 0x00, 
0x00, 0x00, 0x3f, 0xfc, 0x00, 0x00, 0x00, 0x00, 0x00, 0x00, 0x00, 0x00, 0x00, 0x00, 0x00, 0x00, 
0x00, 0x1f, 0xfc, 0x00, 0x00, 0x00, 0x00, 0x00, 0x00, 0x00, 0x00, 0x00, 0x00, 0x00, 0x00, 0x00, 
0x01, 0xf8, 0x00, 0x00, 0x00, 0x00, 0x00, 0x00, 0x00, 0x00, 0x00, 0x00, 0x00, 0x00, 0x00, 0x00, 
0x00, 0x00, 0x00, 0x00, 0x00, 0x00, 0x00, 0x00, 0x00, 0x00, 0x00, 0x00, 0x00, 0x00, 0x00, 0x00, 
0x00, 0x00, 0x00, 0x00, 0x00, 0x00, 0x00
};

// 'frame_0021_interp_00_21', 116x25px
static const uint8_t digeeBootup_0021[] = {
0x00, 0x00, 0x00, 0x00, 0x00, 0x00, 0x00, 0x00, 0x00, 0x00, 0x00, 0x00, 0x00, 0x00, 0x00, 0x00, 
0x00, 0x00, 0x00, 0x00, 0x00, 0x00, 0x00, 0x00, 0x00, 0x00, 0x00, 0x00, 0x00, 0x00, 0x00, 0x00, 
0x00, 0x00, 0x00, 0x00, 0x0f, 0xf8, 0x00, 0x00, 0x00, 0x00, 0x00, 0x00, 0x00, 0x00, 0x00, 0x00, 
0x00, 0x00, 0x00, 0x1f, 0xfc, 0x00, 0x00, 0x00, 0x00, 0x00, 0x00, 0x00, 0x00, 0x00, 0x00, 0x00, 
0x00, 0x00, 0x3f, 0xfc, 0x00, 0x00, 0x00, 0x00, 0x00, 0x00, 0x00, 0x00, 0x00, 0x00, 0x00, 0x00, 
0x00, 0x00, 0x00, 0x00, 0x00, 0x00, 0x00, 0x00, 0x00, 0x00, 0x00, 0x00, 0x00, 0x00, 0x00, 0x00, 
0x00, 0x00, 0x00, 0x00, 0x00, 0x00, 0x00, 0x00, 0x00, 0x00, 0x00, 0x00, 0x00, 0x00, 0x0f, 0x80, 
0x00, 0x0f, 0x80, 0x00, 0x00, 0x00, 0x00, 0x00, 0x00, 0x00, 0x00, 0x00, 0x00, 0x1f, 0x80, 0x00, 
0x0f, 0xc0, 0x00, 0x00, 0x00, 0x00, 0x00, 0x00, 0x00, 0x00, 0x00, 0x00, 0x1f, 0x80, 0x00, 0x0f, 
0xe0, 0x00, 0x00, 0x00, 0x00, 0x00, 0x00, 0x00, 0x00, 0x00, 0x00, 0x1f, 0xc1, 0xfc, 0x1f, 0xe0, 
0x00, 0x00, 0x00, 0x00, 0x00, 0x00, 0x00, 0x00, 0x00, 0x00, 0x1f, 0xc3, 0xfe, 0x1f, 0xf0, 0x00, 
0x00, 0x00, 0x00, 0x00, 0x00, 0x00, 0x00, 0x00, 0x00, 0x1f, 0xc3, 0xfe, 0x1f, 0xfe, 0x00, 0x00, 
0x00, 0x00, 0x00, 0x00, 0x00, 0x00, 0x00, 0x80, 0x1f, 0xc3, 0xfe, 0x1f, 0xf0, 0x00, 0x00, 0x00, 
0x00, 0x00, 0x00, 0x00, 0x00, 0x01, 0x80, 0x1f, 0xc3, 0xfe, 0x1f, 0xe0, 0x00, 0x00, 0x00, 0x00, 
0x00, 0x00, 0x00, 0x00, 0x01, 0x80, 0x1f, 0x83, 0xfe, 0x0f, 0xe0, 0x00, 0x00, 0x00, 0x00, 0x00, 
0x00, 0x00, 0x00, 0x01, 0x80, 0x1f, 0x83, 0xfe, 0x0f, 0xc0, 0x00, 0x00, 0x00, 0x00, 0x00, 0x00, 
0x00, 0x00, 0x01, 0x00, 0x0f, 0x83, 0xfe, 0x0f, 0x80, 0x00, 0x00, 0x00, 0x00, 0x00, 0x00, 0x00, 
0x00, 0x01, 0x00, 0x00, 0x03, 0xfc, 0x00, 0x00, 0x00, 0x00, 0x00, 0x00, 0x00, 0x00, 0x00, 0x00, 
0x01, 0x00, 0x00, 0x07, 0xfc, 0x00, 0x00, 0x00, 0x00, 0x00, 0x00, 0x00, 0x00, 0x00, 0x00, 0x00, 
0x00, 0x00, 0x3f, 0xfc, 0x00, 0x00, 0x00, 0x00, 0x00, 0x00, 0x00, 0x00, 0x00, 0x00, 0x00, 0x00, 
0x00, 0x1f, 0xfc, 0x00, 0x00, 0x00, 0x00, 0x00, 0x00, 0x00, 0x00, 0x00, 0x00, 0x00, 0x00, 0x00, 
0x0f, 0xf8, 0x00, 0x00, 0x00, 0x00, 0x00, 0x00, 0x00, 0x00, 0x00, 0x00, 0x00, 0x00, 0x00, 0x00, 
0x00, 0x00, 0x00, 0x00, 0x00, 0x00, 0x00, 0x00, 0x00, 0x00, 0x00, 0x00, 0x00, 0x00, 0x00, 0x00, 
0x00, 0x00, 0x00, 0x00, 0x00, 0x00, 0x00
};

// 'frame_0022_interp_00_22', 116x25px
static const uint8_t digeeBootup_0022[] = {
0x00, 0x00, 0x00, 0x00, 0x00, 0x00, 0x00, 0x00, 0x00, 0x00, 0x00, 0x00, 0x00, 0x00, 0x00, 0x00, 
0x00, 0x00, 0x00, 0x00, 0x00, 0x00, 0x00, 0x00, 0x00, 0x00, 0x00, 0x00, 0x00, 0x00, 0x00, 0x00, 
0x00, 0x00, 0x00, 0x00, 0x0f, 0xf8, 0x00, 0x00, 0x00, 0x00, 0x00, 0x00, 0x00, 0x00, 0x00, 0x00, 
0x00, 0x00, 0x00, 0x1f, 0xfc, 0x00, 0x01, 0x00, 0x00, 0x00, 0x00, 0x00, 0x00, 0x00, 0x00, 0x00, 
0x00, 0x00, 0x3f, 0xfc, 0x00, 0x00, 0x00, 0x00, 0x00, 0x00, 0x00, 0x00, 0x00, 0x00, 0x00, 0x00, 
0x00, 0x40, 0xf8, 0x00, 0x00, 0x00, 0x00, 0x00, 0x00, 0x00, 0x00, 0x00, 0x00, 0x00, 0x00, 0x00, 
0x80, 0x00, 0x00, 0x00, 0x00, 0x00, 0x00, 0x00, 0x00, 0x00, 0x00, 0x00, 0x00, 0x00, 0x1f, 0x80, 
0x00, 0x0f, 0xc0, 0x00, 0x00, 0x00, 0x00, 0x00, 0x00, 0x00, 0x00, 0x00, 0x00, 0x3f, 0xc0, 0x00, 
0x1f, 0xe0, 0x00, 0x00, 0x00, 0x00, 0x00, 0x00, 0x00, 0x00, 0x00, 0x00, 0x3f, 0xc0, 0x00, 0x1f, 
0xe0, 0x00, 0x00, 0x00, 0x00, 0x00, 0x00, 0x00, 0x00, 0x00, 0x00, 0x3f, 0xc1, 0xfc, 0x1f, 0xf0, 
0x00, 0x00, 0x00, 0x00, 0x00, 0x00, 0x00, 0x00, 0x00, 0x00, 0x3f, 0xc3, 0xfe, 0x1f, 0xf8, 0x00, 
0x00, 0x00, 0x00, 0x00, 0x00, 0x00, 0x00, 0x00, 0x00, 0x3f, 0xc3, 0xfe, 0x1f, 0xff, 0xc0, 0x00, 
0x20, 0x00, 0x00, 0x00, 0x00, 0x00, 0x03, 0x80, 0x3f, 0xc3, 0xfe, 0x1f, 0xf8, 0x00, 0x00, 0x00, 
0x00, 0x00, 0x00, 0x00, 0x00, 0x03, 0x80, 0x3f, 0xc3, 0xfe, 0x1f, 0xf0, 0x00, 0x00, 0x00, 0x00, 
0x00, 0x00, 0x00, 0x00, 0x03, 0x80, 0x3f, 0xc3, 0xfe, 0x1f, 0xe0, 0x00, 0x00, 0x00, 0x00, 0x00, 
0x00, 0x00, 0x00, 0x03, 0x80, 0x3f, 0xc3, 0xfe, 0x1f, 0xe0, 0x00, 0x00, 0x00, 0x00, 0x00, 0x00, 
0x00, 0x00, 0x03, 0x80, 0x1f, 0x83, 0xfe, 0x0f, 0xc0, 0x00, 0x00, 0x00, 0x00, 0x00, 0x00, 0x00, 
0x00, 0x03, 0x80, 0x00, 0x87, 0xfe, 0x00, 0x00, 0x00, 0x00, 0x00, 0x00, 0x00, 0x00, 0x00, 0x00, 
0x03, 0x80, 0x00, 0x47, 0xfc, 0x00, 0x00, 0x00, 0x00, 0x00, 0x00, 0x00, 0x00, 0x00, 0x00, 0x03, 
0x80, 0x00, 0x3f, 0xfc, 0x00, 0x00, 0x00, 0x00, 0x00, 0x00, 0x00, 0x00, 0x00, 0x00, 0x00, 0x00, 
0x00, 0x1f, 0xfc, 0x00, 0x00, 0x00, 0x00, 0x00, 0x00, 0x00, 0x00, 0x00, 0x00, 0x00, 0x00, 0x00, 
0x0f, 0xf8, 0x00, 0x00, 0x00, 0x00, 0x00, 0x00, 0x00, 0x00, 0x00, 0x00, 0x00, 0x00, 0x00, 0x00, 
0x00, 0x00, 0x00, 0x00, 0x00, 0x00, 0x00, 0x00, 0x00, 0x00, 0x00, 0x00, 0x00, 0x00, 0x00, 0x00, 
0x00, 0x00, 0x00, 0x00, 0x00, 0x00, 0x00
};

// 'frame_0023_interp_00_23', 116x25px
static const uint8_t digeeBootup_0023[] = {
0x00, 0x00, 0x00, 0x00, 0x00, 0x00, 0x00, 0x00, 0x00, 0x00, 0x00, 0x00, 0x00, 0x00, 0x00, 0x00, 
0x00, 0x00, 0x00, 0x00, 0x00, 0x00, 0x00, 0x00, 0x00, 0x00, 0x00, 0x00, 0x00, 0x00, 0x00, 0x00, 
0x00, 0x00, 0x00, 0x00, 0x1f, 0xfc, 0x00, 0x00, 0x00, 0x00, 0x00, 0x00, 0x00, 0x00, 0x00, 0x00, 
0x00, 0x00, 0x00, 0x3f, 0xfc, 0x00, 0x03, 0xc0, 0x00, 0x00, 0x00, 0x00, 0x00, 0x00, 0x00, 0x00, 
0x00, 0x00, 0x3f, 0xfc, 0x00, 0x00, 0x00, 0x00, 0x00, 0x00, 0x00, 0x00, 0x00, 0x00, 0x00, 0x00, 
0x00, 0x4f, 0xfc, 0x00, 0x00, 0x00, 0x00, 0x00, 0x00, 0x00, 0x00, 0x00, 0x00, 0x00, 0x00, 0x00, 
0x80, 0x00, 0x00, 0x00, 0x00, 0x00, 0x00, 0x00, 0x00, 0x00, 0x00, 0x00, 0x00, 0x00, 0x1f, 0xc0, 
0x00, 0x1f, 0xe0, 0x00, 0x00, 0x00, 0x00, 0x00, 0x00, 0x00, 0x00, 0x00, 0x00, 0x3f, 0xc0, 0x00, 
0x1f, 0xe0, 0x00, 0x00, 0x00, 0x00, 0x00, 0x00, 0x00, 0x00, 0x00, 0x00, 0x3f, 0xc0, 0x00, 0x1f, 
0xe0, 0x00, 0x00, 0x00, 0x00, 0x00, 0x00, 0x00, 0x00, 0x00, 0x00, 0x3f, 0xc1, 0xfc, 0x1f, 0xf0, 
0x00, 0x00, 0x40, 0x00, 0x00, 0x00, 0x00, 0x00, 0x00, 0x00, 0x3f, 0xc3, 0xfe, 0x1f, 0xfc, 0x00, 
0x00, 0x60, 0x00, 0x00, 0x00, 0x00, 0x00, 0x00, 0xc0, 0x3f, 0xc3, 0xfe, 0x1f, 0xff, 0xe0, 0x00, 
0x70, 0x00, 0x00, 0x00, 0x00, 0x00, 0x03, 0xc0, 0x3f, 0xc3, 0xfe, 0x1f, 0xfc, 0x00, 0x00, 0x60, 
0x00, 0x00, 0x00, 0x00, 0x00, 0x03, 0xc0, 0x3f, 0xc3, 0xfe, 0x1f, 0xf0, 0x00, 0x00, 0x40, 0x00, 
0x00, 0x00, 0x00, 0x00, 0x03, 0xc0, 0x3f, 0xc3, 0xfe, 0x1f, 0xe0, 0x00, 0x00, 0x00, 0x00, 0x00, 
0x00, 0x00, 0x00, 0x03, 0xc0, 0x3f, 0xc3, 0xfe, 0x1f, 0xe0, 0x00, 0x00, 0x00, 0x00, 0x00, 0x00, 
0x00, 0x00, 0x03, 0xc0, 0x1f, 0xc3, 0xfe, 0x1f, 0xe0, 0x00, 0x00, 0x00, 0x00, 0x00, 0x00, 0x00, 
0x00, 0x03, 0xc0, 0x00, 0x87, 0xfe, 0x00, 0x00, 0x00, 0x00, 0x00, 0x00, 0x00, 0x00, 0x00, 0x00, 
0x03, 0xc0, 0x00, 0x4f, 0xfe, 0x00, 0x00, 0x00, 0x00, 0x00, 0x00, 0x00, 0x00, 0x00, 0x00, 0x03, 
0xc0, 0x00, 0x3f, 0xfc, 0x00, 0x00, 0x00, 0x00, 0x00, 0x00, 0x00, 0x00, 0x00, 0x00, 0x00, 0x00, 
0x00, 0x3f, 0xfc, 0x00, 0x01, 0xe0, 0x00, 0x00, 0x00, 0x00, 0x00, 0x00, 0x00, 0x00, 0x00, 0x00, 
0x1f, 0xfc, 0x00, 0x00, 0x00, 0x00, 0x00, 0x00, 0x00, 0x00, 0x00, 0x00, 0x00, 0x00, 0x00, 0x00, 
0x00, 0x00, 0x00, 0x00, 0x00, 0x00, 0x00, 0x00, 0x00, 0x00, 0x00, 0x00, 0x00, 0x00, 0x00, 0x00, 
0x00, 0x00, 0x00, 0x00, 0x00, 0x00, 0x00
};

// 'frame_0024_interp_00_24', 116x25px
static const uint8_t digeeBootup_0024[] = {
0x00, 0x00, 0x00, 0x00, 0x00, 0x00, 0x00, 0x00, 0x00, 0x00, 0x00, 0x00, 0x00, 0x00, 0x00, 0x00, 
0x00, 0x00, 0x00, 0x00, 0x00, 0x00, 0x00, 0x00, 0x00, 0x00, 0x00, 0x00, 0x00, 0x00, 0x00, 0x00, 
0x00, 0x00, 0x00, 0x00, 0x1f, 0xfc, 0x00, 0x00, 0x00, 0x00, 0x00, 0x00, 0x00, 0x00, 0x00, 0x00, 
0x03, 0xc0, 0x00, 0x3f, 0xfc, 0x00, 0x07, 0xe0, 0x00, 0x00, 0x00, 0x00, 0x00, 0x00, 0x00, 0x00, 
0x00, 0x00, 0x3f, 0xfe, 0x00, 0x04, 0x00, 0x00, 0x00, 0x00, 0x00, 0x00, 0x00, 0x00, 0x00, 0x00, 
0x00, 0x7f, 0xfc, 0x00, 0x00, 0x00, 0x00, 0x00, 0x00, 0x00, 0x00, 0x00, 0x00, 0x00, 0x00, 0x00, 
0xc0, 0x00, 0x08, 0x00, 0x00, 0x00, 0x00, 0x00, 0x00, 0x00, 0x00, 0x00, 0x00, 0x00, 0x1f, 0xc0, 
0x00, 0x1f, 0xe0, 0x00, 0x00, 0x00, 0x00, 0x00, 0x00, 0x00, 0x00, 0x00, 0x00, 0x3f, 0xc0, 0x00, 
0x1f, 0xe0, 0x00, 0x00, 0x00, 0x00, 0x00, 0x00, 0x00, 0x00, 0x00, 0x00, 0x3f, 0xc0, 0x00, 0x1f, 
0xe0, 0x00, 0x00, 0xc0, 0x00, 0x00, 0x00, 0x00, 0x00, 0x00, 0x00, 0x3f, 0xc1, 0xfc, 0x1f, 0xf0, 
0x00, 0x00, 0xe0, 0x00, 0x00, 0x00, 0x00, 0x00, 0x00, 0x00, 0x3f, 0xc3, 0xfe, 0x1f, 0xff, 0x00, 
0x00, 0xf0, 0x00, 0x00, 0x00, 0x00, 0x00, 0x07, 0xc0, 0x3f, 0xc3, 0xfe, 0x1f, 0xff, 0xe0, 0x00, 
0xf0, 0x00, 0x00, 0x00, 0x00, 0x00, 0x07, 0xc0, 0x3f, 0xc3, 0xfe, 0x1f, 0xff, 0x00, 0x00, 0xf0, 
0x00, 0x00, 0x00, 0x00, 0x00, 0x07, 0xc0, 0x3f, 0xc3, 0xfe, 0x1f, 0xf0, 0x00, 0x00, 0xe0, 0x00, 
0x00, 0x00, 0x00, 0x00, 0x07, 0xc0, 0x3f, 0xc3, 0xfe, 0x1f, 0xe0, 0x00, 0x00, 0xc0, 0x00, 0x00, 
0x00, 0x00, 0x00, 0x07, 0xc0, 0x3f, 0xc3, 0xfe, 0x1f, 0xe0, 0x00, 0x00, 0x00, 0x00, 0x00, 0x00, 
0x00, 0x00, 0x07, 0xc0, 0x1f, 0xc3, 0xfe, 0x1f, 0xe0, 0x00, 0x00, 0x00, 0x00, 0x00, 0x00, 0x00, 
0x00, 0x07, 0xc0, 0x00, 0xc7, 0xfe, 0x08, 0x00, 0x00, 0x00, 0x00, 0x00, 0x00, 0x00, 0x00, 0x00, 
0x07, 0xc0, 0x00, 0x7f, 0xfe, 0x00, 0x00, 0x00, 0x00, 0x00, 0x00, 0x00, 0x00, 0x00, 0x00, 0x07, 
0xc0, 0x00, 0x3f, 0xfe, 0x00, 0x04, 0x00, 0x00, 0x00, 0x00, 0x00, 0x00, 0x00, 0x00, 0x03, 0xc0, 
0x00, 0x3f, 0xfc, 0x00, 0x07, 0xfc, 0x00, 0x00, 0x00, 0x00, 0x00, 0x00, 0x00, 0x00, 0x00, 0x00, 
0x1f, 0xfc, 0x00, 0x00, 0x00, 0x00, 0x00, 0x00, 0x00, 0x00, 0x00, 0x00, 0x00, 0x00, 0x00, 0x00, 
0x00, 0x00, 0x00, 0x00, 0x00, 0x00, 0x00, 0x00, 0x00, 0x00, 0x00, 0x00, 0x00, 0x00, 0x00, 0x00, 
0x00, 0x00, 0x00, 0x00, 0x00, 0x00, 0x00
};

// 'frame_0025_interp_00_25', 116x25px
static const uint8_t digeeBootup_0025[] = {
0x00, 0x00, 0x00, 0x00, 0x00, 0x00, 0x00, 0x00, 0x00, 0x00, 0x00, 0x00, 0x00, 0x00, 0x00, 0x00, 
0x00, 0x00, 0x00, 0x00, 0x00, 0x00, 0xf8, 0x00, 0x00, 0x00, 0x00, 0x00, 0x00, 0x00, 0x00, 0x00, 
0x00, 0x00, 0x00, 0x00, 0x1f, 0xfe, 0x00, 0x03, 0x80, 0x00, 0x00, 0x00, 0x00, 0x00, 0x00, 0x00, 
0x07, 0xc0, 0x00, 0x7f, 0xfe, 0x00, 0x07, 0xe0, 0x00, 0x00, 0x00, 0x00, 0x00, 0x00, 0x00, 0x00, 
0x00, 0x00, 0x7f, 0xfe, 0x00, 0x07, 0xc0, 0x00, 0x00, 0x00, 0x00, 0x04, 0x00, 0x00, 0x00, 0x00, 
0x00, 0xff, 0xfc, 0x00, 0x00, 0x00, 0x00, 0x00, 0x00, 0x00, 0x04, 0x00, 0x00, 0x00, 0x00, 0x03, 
0xc0, 0x00, 0x0e, 0x10, 0x00, 0x00, 0x00, 0x00, 0x00, 0x04, 0x00, 0x00, 0x00, 0x00, 0x3f, 0xc0, 
0x00, 0x1f, 0xe0, 0x00, 0x00, 0x00, 0x00, 0x00, 0x04, 0x00, 0x00, 0x00, 0x00, 0x3f, 0xc0, 0x00, 
0x1f, 0xe0, 0x00, 0x00, 0x00, 0x00, 0x00, 0x04, 0x00, 0x00, 0x00, 0x00, 0x3f, 0xc0, 0x00, 0x1f, 
0xf0, 0x00, 0x00, 0xe0, 0x00, 0x00, 0x04, 0x00, 0x00, 0x00, 0x00, 0x3f, 0xc1, 0xfc, 0x1f, 0xf8, 
0x00, 0x00, 0xf0, 0x00, 0x00, 0x04, 0x00, 0x00, 0x00, 0x00, 0x3f, 0xc3, 0xfe, 0x1f, 0xff, 0xe0, 
0x00, 0xf0, 0x00, 0x00, 0x04, 0x00, 0x00, 0x07, 0xe0, 0x3f, 0xc3, 0xfe, 0x1f, 0xff, 0xe0, 0x00, 
0xf8, 0x00, 0x00, 0x04, 0x00, 0x00, 0x07, 0xe0, 0x3f, 0xc3, 0xfe, 0x1f, 0xff, 0xe0, 0x00, 0xf0, 
0x00, 0x00, 0x04, 0x00, 0x00, 0x07, 0xe0, 0x3f, 0xc3, 0xfe, 0x1f, 0xf8, 0x00, 0x00, 0xf0, 0x00, 
0x00, 0x04, 0x00, 0x00, 0x07, 0xe0, 0x3f, 0xc3, 0xfe, 0x1f, 0xf0, 0x00, 0x00, 0xe0, 0x00, 0x00, 
0x04, 0x00, 0x00, 0x07, 0xe0, 0x3f, 0xc3, 0xfe, 0x1f, 0xe0, 0x00, 0x00, 0x00, 0x00, 0x00, 0x04, 
0x00, 0x00, 0x07, 0xe0, 0x3f, 0xc3, 0xfe, 0x1f, 0xe0, 0x00, 0x00, 0x00, 0x00, 0x00, 0x04, 0x00, 
0x00, 0x07, 0xc0, 0x03, 0xc7, 0xfe, 0x0e, 0x10, 0x00, 0x00, 0x00, 0x00, 0x00, 0x04, 0x00, 0x00, 
0x07, 0xc0, 0x00, 0xff, 0xfe, 0x00, 0x00, 0x00, 0x00, 0x00, 0x00, 0x00, 0x00, 0x00, 0x00, 0x07, 
0xc0, 0x00, 0x7f, 0xfe, 0x00, 0x07, 0xc0, 0x00, 0x00, 0x00, 0x00, 0x00, 0x00, 0x00, 0x07, 0xc0, 
0x00, 0x7f, 0xfe, 0x00, 0x07, 0xfc, 0x00, 0x00, 0x00, 0x00, 0x00, 0x00, 0x00, 0x00, 0x00, 0x00, 
0x1f, 0xfe, 0x00, 0x01, 0x80, 0x00, 0x00, 0x00, 0x00, 0x00, 0x00, 0x00, 0x00, 0x00, 0x00, 0x00, 
0xf8, 0x00, 0x00, 0x00, 0x00, 0x00, 0x00, 0x00, 0x00, 0x00, 0x00, 0x00, 0x00, 0x00, 0x00, 0x00, 
0x00, 0x00, 0x00, 0x00, 0x00, 0x00, 0x00
};

// 'frame_0026_interp_00_26', 116x25px
static const uint8_t digeeBootup_0026[] = {
0x00, 0x00, 0x00, 0x00, 0x00, 0x00, 0x00, 0x00, 0x00, 0x00, 0x00, 0x00, 0x00, 0x00, 0x00, 0x00, 
0x00, 0x00, 0x00, 0x00, 0x00, 0x1f, 0xfc, 0x00, 0x00, 0x00, 0x00, 0x00, 0x00, 0x00, 0x00, 0x00, 
0x00, 0x00, 0xc0, 0x00, 0x3f, 0xfe, 0x00, 0x03, 0xe0, 0x00, 0x00, 0x00, 0x00, 0x00, 0x00, 0x00, 
0x07, 0xe0, 0x00, 0x7f, 0xfe, 0x00, 0x07, 0xf0, 0x00, 0x00, 0x00, 0x00, 0x03, 0x00, 0x00, 0x01, 
0xc0, 0x00, 0x7f, 0xfe, 0x00, 0x07, 0xf0, 0x00, 0x00, 0x00, 0x00, 0x06, 0x00, 0x00, 0x00, 0x00, 
0x00, 0xff, 0xfc, 0x00, 0x08, 0x00, 0x00, 0x00, 0x00, 0x00, 0x06, 0x00, 0x00, 0x00, 0x00, 0x0f, 
0xc0, 0x00, 0x0f, 0x90, 0x00, 0x00, 0x00, 0x00, 0x00, 0x06, 0x00, 0x00, 0x00, 0x00, 0x3f, 0xc0, 
0x00, 0x1f, 0xe0, 0x02, 0x00, 0x00, 0x00, 0x00, 0x06, 0x00, 0x00, 0x00, 0x00, 0x3f, 0xc0, 0x00, 
0x1f, 0xe0, 0x02, 0x01, 0xe0, 0x00, 0x00, 0x06, 0x00, 0x00, 0x00, 0x00, 0x3f, 0xc0, 0x00, 0x1f, 
0xf0, 0x00, 0x01, 0xf0, 0x00, 0x00, 0x06, 0x00, 0x00, 0x00, 0x00, 0x3f, 0xc1, 0xfc, 0x1f, 0xf8, 
0x00, 0x01, 0xf0, 0x00, 0x00, 0x06, 0x00, 0x00, 0x03, 0xc0, 0x3f, 0xc3, 0xfe, 0x1f, 0xff, 0xf0, 
0x01, 0xf8, 0x00, 0x00, 0x06, 0x00, 0x00, 0x07, 0xe0, 0x3f, 0xc3, 0xfe, 0x1f, 0xff, 0xf0, 0x01, 
0xfc, 0x00, 0x00, 0x06, 0x00, 0x00, 0x07, 0xe0, 0x3f, 0xc3, 0xfe, 0x1f, 0xff, 0xe0, 0x01, 0xf8, 
0x00, 0x00, 0x06, 0x00, 0x00, 0x07, 0xe0, 0x3f, 0xc3, 0xfe, 0x1f, 0xf8, 0x00, 0x01, 0xf0, 0x00, 
0x00, 0x06, 0x00, 0x00, 0x07, 0xe0, 0x3f, 0xc3, 0xfe, 0x1f, 0xf0, 0x00, 0x01, 0xf0, 0x00, 0x00, 
0x06, 0x00, 0x00, 0x07, 0xe0, 0x3f, 0xc3, 0xfe, 0x1f, 0xe0, 0x00, 0x01, 0xe0, 0x00, 0x00, 0x06, 
0x00, 0x00, 0x07, 0xe0, 0x3f, 0xc3, 0xfe, 0x1f, 0xe0, 0x00, 0x00, 0x00, 0x00, 0x00, 0x06, 0x00, 
0x00, 0x07, 0xe0, 0x0f, 0xc7, 0xfe, 0x0f, 0x90, 0x00, 0x00, 0x00, 0x00, 0x00, 0x06, 0x00, 0x00, 
0x07, 0xe0, 0x00, 0xff, 0xfe, 0x00, 0x08, 0x00, 0x00, 0x00, 0x00, 0x00, 0x03, 0x00, 0x00, 0x07, 
0xe0, 0x00, 0x7f, 0xfe, 0x00, 0x07, 0xfc, 0x00, 0x00, 0x00, 0x00, 0x00, 0x00, 0x00, 0x07, 0xe0, 
0x00, 0x7f, 0xfe, 0x00, 0x07, 0xfe, 0x00, 0x00, 0x00, 0x00, 0x00, 0x00, 0x00, 0x00, 0xc0, 0x00, 
0x3f, 0xfe, 0x00, 0x01, 0xf8, 0x00, 0x00, 0x00, 0x00, 0x00, 0x00, 0x00, 0x00, 0x00, 0x00, 0x1f, 
0xfc, 0x00, 0x00, 0x00, 0x00, 0x00, 0x00, 0x00, 0x00, 0x00, 0x00, 0x00, 0x00, 0x00, 0x00, 0x00, 
0x00, 0x00, 0x00, 0x00, 0x00, 0x00, 0x00
};

// 'frame_0027_interp_00_27', 116x25px
static const uint8_t digeeBootup_0027[] = {
0x00, 0x00, 0x00, 0x00, 0x00, 0x00, 0x00, 0x00, 0x00, 0x00, 0x00, 0x00, 0x00, 0x00, 0x00, 0x00, 
0x00, 0x00, 0x00, 0x00, 0x00, 0x1f, 0xfc, 0x00, 0x00, 0x00, 0x00, 0x00, 0x00, 0x00, 0x00, 0x00, 
0x00, 0x07, 0xc0, 0x00, 0x3f, 0xfe, 0x00, 0x07, 0xe0, 0x00, 0x00, 0x00, 0x00, 0x00, 0x0f, 0x00, 
0x0f, 0xe0, 0x00, 0x7f, 0xfe, 0x00, 0x07, 0xf0, 0x00, 0x00, 0x00, 0x00, 0x0f, 0x80, 0x00, 0x07, 
0xc0, 0x00, 0x7f, 0xfe, 0x00, 0x07, 0xf0, 0x00, 0x00, 0x00, 0x00, 0x0f, 0x00, 0x00, 0x00, 0x00, 
0x00, 0xff, 0xfc, 0x00, 0x08, 0x00, 0x00, 0x00, 0x00, 0x00, 0x0e, 0x00, 0x00, 0x00, 0x00, 0x3f, 
0xc0, 0x00, 0x0f, 0xf0, 0x00, 0x00, 0x00, 0x00, 0x00, 0x0e, 0x00, 0x00, 0x00, 0x00, 0x7f, 0xc0, 
0x00, 0x1f, 0xf0, 0x02, 0x00, 0x00, 0x00, 0x00, 0x0e, 0x00, 0x00, 0x00, 0x00, 0x7f, 0xc0, 0x00, 
0x1f, 0xf0, 0x02, 0x01, 0xf0, 0x00, 0x00, 0x0e, 0x00, 0x00, 0x00, 0x00, 0x7f, 0xc0, 0x00, 0x1f, 
0xf8, 0x00, 0x01, 0xf0, 0x00, 0x00, 0x0e, 0x00, 0x00, 0x00, 0x00, 0x7f, 0xc1, 0xfc, 0x1f, 0xf8, 
0x00, 0x01, 0xf8, 0x00, 0x00, 0x0e, 0x00, 0x00, 0x07, 0xe0, 0x7f, 0xc3, 0xfe, 0x1f, 0xff, 0xf0, 
0x01, 0xfc, 0x00, 0x00, 0x0e, 0x00, 0x00, 0x0f, 0xe0, 0x7f, 0xc3, 0xfe, 0x1f, 0xff, 0xf0, 0x01, 
0xff, 0xc0, 0x00, 0x0e, 0x00, 0x00, 0x0f, 0xe0, 0x7f, 0xc3, 0xfe, 0x1f, 0xff, 0xe0, 0x01, 0xfc, 
0x00, 0x00, 0x0e, 0x00, 0x00, 0x0f, 0xe0, 0x7f, 0xc3, 0xfe, 0x1f, 0xf8, 0x00, 0x01, 0xf8, 0x00, 
0x00, 0x0e, 0x00, 0x00, 0x0f, 0xe0, 0x7f, 0xc3, 0xfe, 0x1f, 0xf8, 0x00, 0x01, 0xf0, 0x00, 0x00, 
0x0e, 0x00, 0x00, 0x0f, 0xe0, 0x7f, 0xc3, 0xfe, 0x1f, 0xf0, 0x00, 0x01, 0xf0, 0x00, 0x00, 0x0e, 
0x00, 0x00, 0x0f, 0xe0, 0x7f, 0xc3, 0xfe, 0x1f, 0xf0, 0x00, 0x00, 0x00, 0x00, 0x00, 0x0e, 0x00, 
0x00, 0x0f, 0xe0, 0x3f, 0xc7, 0xfe, 0x0f, 0xf0, 0x00, 0x00, 0x00, 0x00, 0x00, 0x0f, 0x00, 0x00, 
0x0f, 0xe0, 0x00, 0xff, 0xfe, 0x00, 0x08, 0x00, 0x00, 0x00, 0x00, 0x00, 0x0f, 0x80, 0x00, 0x0f, 
0xe0, 0x00, 0x7f, 0xfe, 0x00, 0x07, 0xfe, 0x00, 0x00, 0x00, 0x00, 0x00, 0x0f, 0x00, 0x0f, 0xe0, 
0x00, 0x7f, 0xfe, 0x00, 0x07, 0xff, 0x00, 0x00, 0x00, 0x00, 0x00, 0x00, 0x00, 0x07, 0xc0, 0x00, 
0x3f, 0xfe, 0x00, 0x03, 0xfc, 0x00, 0x00, 0x00, 0x00, 0x00, 0x00, 0x00, 0x00, 0x00, 0x00, 0x1f, 
0xfc, 0x00, 0x00, 0x00, 0x00, 0x00, 0x00, 0x00, 0x00, 0x00, 0x00, 0x00, 0x00, 0x00, 0x00, 0x00, 
0x00, 0x00, 0x00, 0x00, 0x00, 0x00, 0x00
};

// 'frame_0028_interp_00_28', 116x25px
static const uint8_t digeeBootup_0028[] = {
0x00, 0x00, 0x00, 0x00, 0x00, 0x00, 0x00, 0x00, 0x00, 0x00, 0x00, 0x00, 0x00, 0x00, 0x00, 0x00, 
0x00, 0x00, 0x00, 0x00, 0x00, 0x1f, 0xfc, 0x00, 0x00, 0x00, 0x00, 0x00, 0x00, 0x00, 0x00, 0x00, 
0x00, 0x07, 0xe0, 0x00, 0x3f, 0xfe, 0x00, 0x0f, 0xf0, 0x00, 0x00, 0x00, 0x00, 0x0f, 0xff, 0x80, 
0x0f, 0xe0, 0x00, 0x7f, 0xfe, 0x00, 0x0f, 0xf0, 0x00, 0x00, 0xf8, 0x00, 0x1f, 0xc0, 0x00, 0x07, 
0xe0, 0x00, 0x7f, 0xfe, 0x00, 0x0f, 0xf0, 0x00, 0x00, 0x00, 0x00, 0x1f, 0x80, 0x00, 0x00, 0x00, 
0x00, 0xff, 0xfc, 0x00, 0x1e, 0x08, 0x00, 0x00, 0x00, 0x00, 0x1f, 0x00, 0x00, 0x00, 0x00, 0x3f, 
0xc0, 0x00, 0x0f, 0xf8, 0x04, 0x00, 0x00, 0x00, 0x00, 0x1f, 0x00, 0x08, 0x00, 0x00, 0x7f, 0xc0, 
0x00, 0x1f, 0xf0, 0x02, 0x01, 0x80, 0x00, 0x00, 0x1f, 0x00, 0x0c, 0x00, 0x00, 0x7f, 0xc0, 0x00, 
0x1f, 0xf0, 0x02, 0x03, 0xf0, 0x00, 0x00, 0x1f, 0x00, 0x0c, 0x00, 0x00, 0x7f, 0xc0, 0x00, 0x1f, 
0xf8, 0x04, 0x03, 0xf8, 0x00, 0x00, 0x1f, 0x00, 0x0c, 0x00, 0x00, 0x7f, 0xc1, 0xfc, 0x1f, 0xff, 
0x08, 0x03, 0xfc, 0x00, 0x00, 0x1f, 0x00, 0x0c, 0x07, 0xe0, 0x7f, 0xc3, 0xfe, 0x1f, 0xff, 0xf0, 
0x03, 0xfc, 0x00, 0x00, 0x1f, 0x00, 0x0c, 0x0f, 0xe0, 0x7f, 0xc3, 0xfe, 0x1f, 0xff, 0xf0, 0x03, 
0xff, 0xf8, 0x00, 0x1f, 0x00, 0x0c, 0x0f, 0xe0, 0x7f, 0xc3, 0xfe, 0x1f, 0xff, 0xf0, 0x03, 0xfc, 
0x00, 0x00, 0x1f, 0x00, 0x0c, 0x0f, 0xe0, 0x7f, 0xc3, 0xfe, 0x1f, 0xff, 0x00, 0x03, 0xfc, 0x00, 
0x00, 0x1f, 0x00, 0x0c, 0x0f, 0xe0, 0x7f, 0xc3, 0xfe, 0x1f, 0xf8, 0x00, 0x03, 0xf8, 0x00, 0x00, 
0x1f, 0x00, 0x0c, 0x0f, 0xe0, 0x7f, 0xc3, 0xfe, 0x1f, 0xf0, 0x00, 0x03, 0xf0, 0x00, 0x00, 0x1f, 
0x00, 0x08, 0x0f, 0xe0, 0x7f, 0xc3, 0xfe, 0x1f, 0xf0, 0x00, 0x01, 0x80, 0x00, 0x00, 0x1f, 0x00, 
0x00, 0x0f, 0xe0, 0x3f, 0xc7, 0xfe, 0x0f, 0xf8, 0x00, 0x00, 0x00, 0x00, 0x00, 0x1f, 0x80, 0x00, 
0x0f, 0xe0, 0x00, 0xff, 0xfe, 0x00, 0x1e, 0x00, 0x00, 0x00, 0x00, 0x00, 0x1f, 0xc0, 0x00, 0x0f, 
0xe0, 0x00, 0x7f, 0xfe, 0x00, 0x0f, 0xfe, 0x00, 0x00, 0x00, 0x00, 0x0f, 0xff, 0x80, 0x0f, 0xe0, 
0x00, 0x7f, 0xfe, 0x00, 0x0f, 0xff, 0x00, 0x00, 0x7e, 0x00, 0x00, 0x00, 0x00, 0x07, 0xe0, 0x00, 
0x3f, 0xfe, 0x00, 0x0b, 0xfc, 0x00, 0x00, 0x00, 0x00, 0x00, 0x00, 0x00, 0x00, 0x00, 0x00, 0x1f, 
0xfc, 0x00, 0x00, 0x00, 0x00, 0x00, 0x00, 0x00, 0x00, 0x00, 0x00, 0x00, 0x00, 0x00, 0x00, 0x00, 
0x00, 0x00, 0x00, 0x00, 0x00, 0x00, 0x00
};

// 'frame_0029_interp_00_29', 116x25px
static const uint8_t digeeBootup_0029[] = {
0x00, 0x00, 0x00, 0x00, 0x00, 0x00, 0x00, 0x00, 0x00, 0x00, 0x00, 0x00, 0x00, 0x00, 0x00, 0x00, 
0x00, 0x00, 0x00, 0x00, 0x00, 0x1f, 0xfc, 0x00, 0x07, 0x80, 0x00, 0x00, 0x00, 0x00, 0x00, 0x07, 
0x00, 0x0f, 0xe0, 0x00, 0x3f, 0xfe, 0x00, 0x0f, 0xf0, 0x00, 0x00, 0x00, 0x00, 0x1f, 0xff, 0x80, 
0x0f, 0xf0, 0x00, 0x7f, 0xfe, 0x00, 0x0f, 0xf0, 0x00, 0x01, 0xf8, 0x00, 0x1f, 0xe7, 0xc0, 0x0f, 
0xf0, 0x00, 0x7f, 0xfe, 0x00, 0x0f, 0xf0, 0x00, 0x01, 0x00, 0x00, 0x1f, 0xc0, 0x00, 0x00, 0x20, 
0x00, 0xff, 0xfc, 0x00, 0x1f, 0xe8, 0x00, 0x00, 0x00, 0x00, 0x1f, 0x80, 0x00, 0x00, 0x00, 0x3f, 
0xc0, 0x00, 0x0f, 0xf8, 0x04, 0x00, 0x00, 0x00, 0x00, 0x1f, 0x00, 0x08, 0x00, 0x00, 0x7f, 0xc0, 
0x00, 0x1f, 0xf0, 0x03, 0x01, 0xf8, 0x00, 0x00, 0x1f, 0x00, 0x0c, 0x00, 0x00, 0x7f, 0xc0, 0x00, 
0x1f, 0xf0, 0x03, 0x03, 0xf8, 0x00, 0x00, 0x1f, 0x00, 0x0c, 0x00, 0x00, 0x7f, 0xc0, 0x00, 0x1f, 
0xf8, 0x04, 0x03, 0xf8, 0x00, 0x00, 0x1f, 0x00, 0x0c, 0x00, 0x60, 0x7f, 0xc1, 0xfc, 0x1f, 0xff, 
0xf8, 0x03, 0xfc, 0x00, 0x00, 0x1f, 0x00, 0x0c, 0x0f, 0xf0, 0x7f, 0xc3, 0xfe, 0x1f, 0xff, 0xf0, 
0x03, 0xff, 0x80, 0x00, 0x1f, 0x00, 0x0c, 0x0f, 0xf0, 0x7f, 0xc3, 0xfe, 0x1f, 0xff, 0xf0, 0x03, 
0xff, 0xf8, 0x00, 0x1f, 0x00, 0x0c, 0x0f, 0xf0, 0x7f, 0xc3, 0xfe, 0x1f, 0xff, 0xf0, 0x03, 0xff, 
0x80, 0x00, 0x1f, 0x00, 0x0c, 0x0f, 0xf0, 0x7f, 0xc3, 0xfe, 0x1f, 0xff, 0xf0, 0x03, 0xfc, 0x00, 
0x00, 0x1f, 0x00, 0x0c, 0x0f, 0xf0, 0x7f, 0xc3, 0xfe, 0x1f, 0xf8, 0x00, 0x03, 0xf8, 0x00, 0x00, 
0x1f, 0x00, 0x0c, 0x0f, 0xf0, 0x7f, 0xc3, 0xfe, 0x1f, 0xf0, 0x00, 0x03, 0xf8, 0x00, 0x00, 0x1f, 
0x00, 0x08, 0x0f, 0xf0, 0x7f, 0xc3, 0xfe, 0x1f, 0xf0, 0x00, 0x01, 0xf8, 0x00, 0x00, 0x1f, 0x80, 
0x00, 0x0f, 0xf0, 0x3f, 0xc7, 0xfe, 0x0f, 0xf8, 0x00, 0x00, 0x00, 0x00, 0x00, 0x1f, 0xc0, 0x00, 
0x0f, 0xf0, 0x00, 0xff, 0xfe, 0x00, 0x1f, 0xe0, 0x00, 0x00, 0x00, 0x00, 0x1f, 0xe7, 0xc0, 0x0f, 
0xf0, 0x00, 0x7f, 0xfe, 0x00, 0x0f, 0xff, 0x00, 0x01, 0x00, 0x00, 0x1f, 0xff, 0x80, 0x0f, 0xf0, 
0x00, 0x7f, 0xfe, 0x00, 0x0f, 0xff, 0x00, 0x01, 0xff, 0x00, 0x00, 0x07, 0x00, 0x0f, 0xe0, 0x00, 
0x3f, 0xfe, 0x00, 0x0f, 0xfe, 0x00, 0x00, 0x00, 0x00, 0x00, 0x00, 0x00, 0x00, 0x00, 0x00, 0x1f, 
0xfc, 0x00, 0x03, 0x80, 0x00, 0x00, 0x00, 0x00, 0x00, 0x00, 0x00, 0x00, 0x00, 0x00, 0x00, 0x00, 
0x00, 0x00, 0x00, 0x00, 0x00, 0x00, 0x00
};

// 'frame_0030_interp_00_30', 116x25px
static const uint8_t digeeBootup_0030[] = {
0x00, 0x00, 0x00, 0x00, 0x00, 0x00, 0x00, 0x00, 0x00, 0x00, 0x00, 0x00, 0x00, 0x00, 0x00, 0x00, 
0x00, 0x00, 0x01, 0xe0, 0x00, 0x1f, 0xfc, 0x00, 0x07, 0xf0, 0x00, 0x00, 0x00, 0x00, 0x1f, 0xff, 
0x00, 0x0f, 0xf0, 0x00, 0x3f, 0xfe, 0x00, 0x0f, 0xf8, 0x00, 0x00, 0xf8, 0x00, 0x1f, 0xff, 0x80, 
0x0f, 0xf0, 0x00, 0x7f, 0xfe, 0x00, 0x0f, 0xf8, 0x00, 0x01, 0xfc, 0x00, 0x1f, 0xff, 0xc0, 0x0f, 
0xf0, 0x00, 0x7f, 0xfe, 0x00, 0x0f, 0xf8, 0x00, 0x01, 0xfc, 0x00, 0x1f, 0xc0, 0x20, 0x07, 0xe0, 
0x00, 0xff, 0xfc, 0x00, 0x1f, 0xfc, 0x00, 0x00, 0x00, 0x00, 0x1f, 0x80, 0x10, 0x00, 0x00, 0x3f, 
0xc0, 0x00, 0x0f, 0xf8, 0x0f, 0x00, 0x00, 0x00, 0x00, 0x1f, 0x80, 0x0c, 0x00, 0x00, 0x7f, 0xc0, 
0x00, 0x1f, 0xf0, 0x07, 0x03, 0xf8, 0x00, 0x80, 0x1f, 0x80, 0x0c, 0x00, 0x00, 0x7f, 0xc0, 0x00, 
0x1f, 0xf0, 0x07, 0x03, 0xf8, 0x00, 0x80, 0x1f, 0x80, 0x0c, 0x00, 0x00, 0x7f, 0xc0, 0x00, 0x1f, 
0xf8, 0x0f, 0x03, 0xf8, 0x00, 0x00, 0x1f, 0x80, 0x0c, 0x07, 0xe0, 0x7f, 0xc1, 0xfc, 0x1f, 0xff, 
0xfc, 0x03, 0xfc, 0x00, 0x00, 0x1f, 0x80, 0x0c, 0x0f, 0xf0, 0x7f, 0xc3, 0xfe, 0x1f, 0xff, 0xf8, 
0x03, 0xff, 0xfc, 0x00, 0x1f, 0x80, 0x0c, 0x0f, 0xf0, 0x7f, 0xc3, 0xfe, 0x1f, 0xff, 0xf8, 0x03, 
0xff, 0xfc, 0x00, 0x1f, 0x80, 0x0c, 0x0f, 0xf0, 0x7f, 0xc3, 0xfe, 0x1f, 0xff, 0xf8, 0x03, 0xff, 
0xf8, 0x00, 0x1f, 0x80, 0x0c, 0x0f, 0xf0, 0x7f, 0xc3, 0xfe, 0x1f, 0xff, 0xf0, 0x03, 0xfc, 0x00, 
0x00, 0x1f, 0x80, 0x0c, 0x0f, 0xf0, 0x7f, 0xc3, 0xfe, 0x1f, 0xf8, 0x00, 0x03, 0xf8, 0x00, 0x00, 
0x1f, 0x80, 0x0c, 0x0f, 0xf0, 0x7f, 0xc3, 0xfe, 0x1f, 0xf0, 0x00, 0x03, 0xf8, 0x00, 0x00, 0x1f, 
0x80, 0x0c, 0x0f, 0xf0, 0x7f, 0xc3, 0xfe, 0x1f, 0xf0, 0x00, 0x03, 0xf8, 0x00, 0x00, 0x1f, 0x80, 
0x10, 0x0f, 0xf0, 0x3f, 0xc7, 0xfe, 0x0f, 0xf8, 0x00, 0x00, 0x00, 0x00, 0x00, 0x1f, 0xc0, 0x20, 
0x0f, 0xf0, 0x00, 0xff, 0xfe, 0x00, 0x1f, 0xff, 0x00, 0x00, 0x00, 0x00, 0x1f, 0xff, 0xc0, 0x0f, 
0xf0, 0x00, 0x7f, 0xfe, 0x00, 0x0f, 0xff, 0x00, 0x01, 0xff, 0x80, 0x1f, 0xff, 0x80, 0x0f, 0xf0, 
0x00, 0x7f, 0xfe, 0x00, 0x0f, 0xff, 0x00, 0x01, 0xff, 0xc0, 0x1f, 0xff, 0x00, 0x0f, 0xf0, 0x00, 
0x3f, 0xfe, 0x00, 0x0f, 0xfe, 0x00, 0x00, 0x7f, 0x00, 0x00, 0x00, 0x00, 0x01, 0xe0, 0x00, 0x1f, 
0xfc, 0x00, 0x03, 0xfc, 0x00, 0x00, 0x00, 0x00, 0x00, 0x00, 0x00, 0x00, 0x00, 0x00, 0x00, 0x00, 
0x00, 0x00, 0x00, 0x00, 0x00, 0x00, 0x00
};

// 'frame_0031_interp_00_31', 116x25px
static const uint8_t digeeBootup_0031[] = {
0x00, 0x00, 0x00, 0x00, 0x00, 0x00, 0x00, 0x00, 0x00, 0x00, 0x00, 0x00, 0x00, 0x00, 0x00, 0x00, 
0x00, 0x00, 0x0f, 0xe0, 0x00, 0x1f, 0xfc, 0x00, 0x07, 0xf0, 0x00, 0x00, 0x00, 0x00, 0x1f, 0xff, 
0x80, 0x1f, 0xf0, 0x00, 0x3f, 0xfe, 0x00, 0x0f, 0xf8, 0x00, 0x01, 0xf8, 0x00, 0x3f, 0xff, 0xc0, 
0x1f, 0xf0, 0x00, 0x7f, 0xfe, 0x00, 0x0f, 0xf8, 0x00, 0x01, 0xfc, 0x00, 0x3f, 0xff, 0xc0, 0x1f, 
0xf0, 0x00, 0x7f, 0xfe, 0x00, 0x0f, 0xf8, 0x00, 0x01, 0xfc, 0x00, 0x3f, 0xe0, 0x20, 0x0f, 0xe0, 
0x00, 0xff, 0xfc, 0x00, 0x1f, 0xfc, 0x00, 0x02, 0x00, 0x00, 0x3f, 0xc0, 0x10, 0x00, 0x00, 0x3f, 
0xc0, 0x00, 0x0f, 0xf8, 0x0f, 0x00, 0x04, 0x00, 0x00, 0x3f, 0x80, 0x0c, 0x00, 0x00, 0x7f, 0xc0, 
0x00, 0x1f, 0xf0, 0x07, 0x87, 0xf8, 0x00, 0x80, 0x3f, 0x80, 0x0c, 0x00, 0x00, 0x7f, 0xc0, 0x00, 
0x1f, 0xf0, 0x07, 0x87, 0xf8, 0x00, 0x80, 0x3f, 0x80, 0x0e, 0x00, 0x00, 0x7f, 0xc0, 0x00, 0x1f, 
0xf8, 0x0f, 0x07, 0xfc, 0x00, 0x00, 0x3f, 0x80, 0x0e, 0x0f, 0xe0, 0x7f, 0xc1, 0xfc, 0x1f, 0xff, 
0xfc, 0x07, 0xfe, 0x00, 0x00, 0x3f, 0x80, 0x0e, 0x1f, 0xf0, 0x7f, 0xc3, 0xfe, 0x1f, 0xff, 0xf8, 
0x07, 0xff, 0xfc, 0x00, 0x3f, 0x80, 0x0e, 0x1f, 0xf0, 0x7f, 0xc3, 0xfe, 0x1f, 0xff, 0xf8, 0x07, 
0xff, 0xfc, 0x00, 0x3f, 0x80, 0x0e, 0x1f, 0xf0, 0x7f, 0xc3, 0xfe, 0x1f, 0xff, 0xf8, 0x07, 0xff, 
0xf8, 0x00, 0x3f, 0x80, 0x0e, 0x1f, 0xf0, 0x7f, 0xc3, 0xfe, 0x1f, 0xff, 0xf0, 0x07, 0xfe, 0x00, 
0x00, 0x3f, 0x80, 0x0e, 0x1f, 0xf0, 0x7f, 0xc3, 0xfe, 0x1f, 0xf8, 0x00, 0x07, 0xfc, 0x00, 0x00, 
0x3f, 0x80, 0x0c, 0x1f, 0xf0, 0x7f, 0xc3, 0xfe, 0x1f, 0xf0, 0x00, 0x07, 0xf8, 0x00, 0x00, 0x3f, 
0x80, 0x0c, 0x1f, 0xf0, 0x7f, 0xc3, 0xfe, 0x1f, 0xf0, 0x00, 0x07, 0xf8, 0x00, 0x00, 0x3f, 0xc0, 
0x10, 0x1f, 0xf0, 0x3f, 0xc7, 0xfe, 0x0f, 0xf8, 0x00, 0x00, 0x04, 0x00, 0x00, 0x3f, 0xe0, 0x20, 
0x1f, 0xf0, 0x00, 0xff, 0xfe, 0x00, 0x1f, 0xff, 0x00, 0x02, 0x00, 0x00, 0x3f, 0xff, 0xc0, 0x1f, 
0xf0, 0x00, 0x7f, 0xfe, 0x00, 0x0f, 0xff, 0x80, 0x01, 0xff, 0x80, 0x3f, 0xff, 0xc0, 0x1f, 0xf0, 
0x00, 0x7f, 0xfe, 0x00, 0x0f, 0xff, 0x80, 0x01, 0xff, 0xc0, 0x1f, 0xff, 0x80, 0x1f, 0xf0, 0x00, 
0x3f, 0xfe, 0x00, 0x0f, 0xff, 0x80, 0x00, 0xff, 0x00, 0x00, 0x00, 0x00, 0x0f, 0xe0, 0x00, 0x1f, 
0xfc, 0x00, 0x03, 0xfe, 0x00, 0x00, 0x00, 0x00, 0x00, 0x00, 0x00, 0x00, 0x00, 0x00, 0x00, 0x00, 
0x00, 0x00, 0x00, 0x00, 0x00, 0x00, 0x00
};

// 'frame_0032_interp_00_32', 116x25px
static const uint8_t digeeBootup_0032[] = {
0x00, 0x00, 0x00, 0x00, 0x00, 0x00, 0x00, 0x00, 0x00, 0x00, 0x00, 0x00, 0x00, 0x00, 0x00, 0x00, 
0x00, 0x80, 0x0f, 0xe0, 0x00, 0x1f, 0xfc, 0x00, 0x07, 0xf0, 0x00, 0x00, 0x00, 0x00, 0x3f, 0xff, 
0xc0, 0x1f, 0xf0, 0x00, 0x3f, 0xfe, 0x00, 0x0f, 0xf8, 0x00, 0x01, 0xfc, 0x00, 0x3f, 0xff, 0xe0, 
0x1f, 0xf0, 0x00, 0x7f, 0xfe, 0x00, 0x0f, 0xf8, 0x00, 0x01, 0xfc, 0x00, 0x3f, 0xff, 0xe0, 0x1f, 
0xf0, 0x00, 0x7f, 0xfe, 0x00, 0x0f, 0xf8, 0x00, 0x01, 0xfc, 0x00, 0x3f, 0xe1, 0xf0, 0x0f, 0xe0, 
0x00, 0xff, 0xfc, 0x00, 0x1f, 0xfc, 0x00, 0x06, 0x02, 0x00, 0x3f, 0xc0, 0x3c, 0x00, 0x00, 0x3f, 
0xc0, 0x00, 0x0f, 0xf8, 0x0f, 0x03, 0xfe, 0x01, 0x00, 0x3f, 0x80, 0x1e, 0x00, 0x00, 0x7f, 0xc0, 
0x00, 0x1f, 0xf0, 0x07, 0x87, 0xfc, 0x00, 0xc0, 0x3f, 0x80, 0x1e, 0x00, 0x00, 0x7f, 0xc0, 0x00, 
0x1f, 0xf0, 0x07, 0x87, 0xfc, 0x00, 0xc0, 0x3f, 0x80, 0x1e, 0x00, 0x00, 0x7f, 0xc0, 0x00, 0x1f, 
0xf8, 0x0f, 0x07, 0xfe, 0x01, 0x00, 0x3f, 0x80, 0x1e, 0x0f, 0xe0, 0x7f, 0xc1, 0xfc, 0x1f, 0xff, 
0xfc, 0x07, 0xfe, 0x02, 0x00, 0x3f, 0x80, 0x1e, 0x1f, 0xf0, 0x7f, 0xc3, 0xfe, 0x1f, 0xff, 0xf8, 
0x07, 0xff, 0xfc, 0x00, 0x3f, 0x80, 0x1e, 0x1f, 0xf0, 0x7f, 0xc3, 0xfe, 0x1f, 0xff, 0xf8, 0x07, 
0xff, 0xfc, 0x00, 0x3f, 0x80, 0x1e, 0x1f, 0xf0, 0x7f, 0xc3, 0xfe, 0x1f, 0xff, 0xf8, 0x07, 0xff, 
0xfc, 0x00, 0x3f, 0x80, 0x1e, 0x1f, 0xf0, 0x7f, 0xc3, 0xfe, 0x1f, 0xff, 0xf0, 0x07, 0xfe, 0x00, 
0x00, 0x3f, 0x80, 0x1e, 0x1f, 0xf0, 0x7f, 0xc3, 0xfe, 0x1f, 0xf8, 0x00, 0x07, 0xfe, 0x00, 0x00, 
0x3f, 0x80, 0x1e, 0x1f, 0xf0, 0x7f, 0xc3, 0xfe, 0x1f, 0xf0, 0x00, 0x07, 0xfc, 0x00, 0x00, 0x3f, 
0x80, 0x1e, 0x1f, 0xf0, 0x7f, 0xc3, 0xfe, 0x1f, 0xf0, 0x00, 0x07, 0xfc, 0x00, 0x00, 0x3f, 0xc0, 
0x3c, 0x1f, 0xf0, 0x3f, 0xc7, 0xfe, 0x0f, 0xf8, 0x00, 0x03, 0xfe, 0x00, 0x00, 0x3f, 0xe1, 0xf0, 
0x1f, 0xf0, 0x00, 0xff, 0xfe, 0x00, 0x1f, 0xff, 0x00, 0x06, 0x00, 0x00, 0x3f, 0xff, 0xe0, 0x1f, 
0xf0, 0x00, 0x7f, 0xfe, 0x00, 0x0f, 0xff, 0x80, 0x01, 0xff, 0xc0, 0x3f, 0xff, 0xe0, 0x1f, 0xf0, 
0x00, 0x7f, 0xfe, 0x00, 0x0f, 0xff, 0x80, 0x01, 0xff, 0xc0, 0x3f, 0xff, 0xc0, 0x1f, 0xf0, 0x00, 
0x3f, 0xfe, 0x00, 0x0f, 0xff, 0x80, 0x00, 0xff, 0x80, 0x00, 0x00, 0x80, 0x0f, 0xe0, 0x00, 0x1f, 
0xfc, 0x00, 0x03, 0xfe, 0x00, 0x00, 0x00, 0x00, 0x00, 0x00, 0x00, 0x00, 0x00, 0x00, 0x00, 0x00, 
0x00, 0x00, 0x00, 0x00, 0x00, 0x00, 0x00
};

// 'frame_0033_interp_00_33', 116x25px
static const uint8_t digeeBootup_0033[] = {
0x00, 0x00, 0x00, 0x00, 0x00, 0x00, 0x00, 0x00, 0x00, 0x00, 0x00, 0x00, 0x00, 0x00, 0x00, 0x0f, 
0xff, 0x80, 0x0f, 0xe0, 0x00, 0x1f, 0xfc, 0x00, 0x07, 0xf0, 0x00, 0x01, 0xfc, 0x00, 0x3f, 0xff, 
0xc0, 0x1f, 0xf0, 0x00, 0x3f, 0xfe, 0x00, 0x0f, 0xf8, 0x00, 0x03, 0xfe, 0x00, 0x3f, 0xff, 0xe0, 
0x1f, 0xf0, 0x00, 0x7f, 0xfe, 0x00, 0x0f, 0xf8, 0x00, 0x03, 0xfe, 0x00, 0x3f, 0xff, 0xe0, 0x1f, 
0xf0, 0x00, 0x7f, 0xfe, 0x00, 0x0f, 0xf8, 0x00, 0x03, 0xfe, 0x00, 0x3f, 0xff, 0xf0, 0x0f, 0xe0, 
0x00, 0xff, 0xfc, 0x00, 0x1f, 0xfc, 0x00, 0x07, 0xff, 0x00, 0x3f, 0xe0, 0x3c, 0x00, 0x00, 0x3f, 
0xc0, 0x00, 0x0f, 0xf8, 0x0f, 0x03, 0xfe, 0x03, 0xc0, 0x3f, 0xc0, 0x1e, 0x00, 0x00, 0x7f, 0xc0, 
0x00, 0x1f, 0xf0, 0x07, 0x87, 0xfc, 0x01, 0xc0, 0x3f, 0xc0, 0x1e, 0x00, 0x00, 0x7f, 0xc0, 0x00, 
0x1f, 0xf0, 0x07, 0x87, 0xfc, 0x01, 0xc0, 0x3f, 0xc0, 0x1e, 0x00, 0x00, 0x7f, 0xc0, 0x00, 0x1f, 
0xf8, 0x0f, 0x07, 0xfe, 0x03, 0xc0, 0x3f, 0xc0, 0x1e, 0x0f, 0xe0, 0x7f, 0xc1, 0xfc, 0x1f, 0xff, 
0xfc, 0x07, 0xff, 0xff, 0x00, 0x3f, 0xc0, 0x1e, 0x1f, 0xf0, 0x7f, 0xc3, 0xfe, 0x1f, 0xff, 0xf8, 
0x07, 0xff, 0xfe, 0x00, 0x3f, 0xc0, 0x1e, 0x1f, 0xf0, 0x7f, 0xc3, 0xfe, 0x1f, 0xff, 0xf8, 0x07, 
0xff, 0xfe, 0x00, 0x3f, 0xc0, 0x1e, 0x1f, 0xf0, 0x7f, 0xc3, 0xfe, 0x1f, 0xff, 0xf8, 0x07, 0xff, 
0xfe, 0x00, 0x3f, 0xc0, 0x1e, 0x1f, 0xf0, 0x7f, 0xc3, 0xfe, 0x1f, 0xff, 0xf0, 0x07, 0xff, 0xfc, 
0x00, 0x3f, 0xc0, 0x1e, 0x1f, 0xf0, 0x7f, 0xc3, 0xfe, 0x1f, 0xf8, 0x00, 0x07, 0xfe, 0x00, 0x00, 
0x3f, 0xc0, 0x1e, 0x1f, 0xf0, 0x7f, 0xc3, 0xfe, 0x1f, 0xf0, 0x00, 0x07, 0xfc, 0x00, 0x00, 0x3f, 
0xc0, 0x1e, 0x1f, 0xf0, 0x7f, 0xc3, 0xfe, 0x1f, 0xf0, 0x00, 0x07, 0xfc, 0x00, 0x00, 0x3f, 0xe0, 
0x3c, 0x1f, 0xf0, 0x3f, 0xc7, 0xfe, 0x0f, 0xf8, 0x00, 0x03, 0xfe, 0x00, 0x00, 0x3f, 0xff, 0xf0, 
0x1f, 0xf0, 0x00, 0xff, 0xfe, 0x00, 0x1f, 0xff, 0x00, 0x07, 0xff, 0xc0, 0x3f, 0xff, 0xe0, 0x1f, 
0xf0, 0x00, 0x7f, 0xfe, 0x00, 0x0f, 0xff, 0x80, 0x03, 0xff, 0xc0, 0x3f, 0xff, 0xe0, 0x1f, 0xf0, 
0x00, 0x7f, 0xfe, 0x00, 0x0f, 0xff, 0x80, 0x03, 0xff, 0xc0, 0x3f, 0xff, 0xc0, 0x1f, 0xf0, 0x00, 
0x3f, 0xfe, 0x00, 0x0f, 0xff, 0x80, 0x03, 0xff, 0x80, 0x0f, 0xff, 0x80, 0x0f, 0xe0, 0x00, 0x1f, 
0xfc, 0x00, 0x03, 0xfe, 0x00, 0x00, 0xff, 0x80, 0x00, 0x00, 0x00, 0x00, 0x00, 0x00, 0x00, 0x00, 
0x00, 0x00, 0x00, 0x00, 0x00, 0x00, 0x00
};

// 'frame_0034_interp_00_34', 116x25px
static const uint8_t digeeBootup_0034[] = {
0x00, 0x00, 0x00, 0x00, 0x00, 0x00, 0x00, 0x00, 0x00, 0x00, 0x00, 0x00, 0x00, 0x00, 0x00, 0x3f, 
0xff, 0x80, 0x0f, 0xe0, 0x00, 0x1f, 0xfc, 0x00, 0x07, 0xf0, 0x00, 0x01, 0xfc, 0x00, 0x7f, 0xff, 
0xc0, 0x1f, 0xf0, 0x00, 0x3f, 0xfe, 0x00, 0x0f, 0xf8, 0x00, 0x03, 0xfe, 0x00, 0x7f, 0xff, 0xe0, 
0x1f, 0xf0, 0x00, 0x7f, 0xfe, 0x00, 0x0f, 0xf8, 0x00, 0x03, 0xfe, 0x00, 0x7f, 0xff, 0xe0, 0x1f, 
0xf0, 0x00, 0x7f, 0xfe, 0x00, 0x0f, 0xf8, 0x00, 0x03, 0xfe, 0x00, 0x7f, 0xff, 0xf0, 0x0f, 0xe0, 
0x00, 0xff, 0xfc, 0x00, 0x1f, 0xfc, 0x00, 0x07, 0xff, 0x00, 0x7f, 0xe0, 0x3c, 0x00, 0x00, 0x3f, 
0xc0, 0x00, 0x0f, 0xf8, 0x0f, 0x03, 0xfe, 0x03, 0xc0, 0x7f, 0xc0, 0x1e, 0x00, 0x00, 0x7f, 0xc0, 
0x00, 0x1f, 0xf0, 0x07, 0x87, 0xfc, 0x01, 0xe0, 0x7f, 0xc0, 0x1e, 0x00, 0x00, 0x7f, 0xc0, 0x00, 
0x1f, 0xf0, 0x07, 0x87, 0xfc, 0x01, 0xe0, 0x7f, 0xc0, 0x1e, 0x00, 0x00, 0x7f, 0xc0, 0x00, 0x1f, 
0xf8, 0x0f, 0x07, 0xfe, 0x03, 0xc0, 0x7f, 0xc0, 0x1e, 0x0f, 0xe0, 0x7f, 0xc1, 0xfc, 0x1f, 0xff, 
0xfc, 0x07, 0xff, 0xff, 0x00, 0x7f, 0xc0, 0x1e, 0x1f, 0xf0, 0x7f, 0xc3, 0xfe, 0x1f, 0xff, 0xf8, 
0x07, 0xff, 0xfe, 0x00, 0x7f, 0xc0, 0x1e, 0x1f, 0xf0, 0x7f, 0xc3, 0xfe, 0x1f, 0xff, 0xf8, 0x07, 
0xff, 0xfe, 0x00, 0x7f, 0xc0, 0x1e, 0x1f, 0xf0, 0x7f, 0xc3, 0xfe, 0x1f, 0xff, 0xf8, 0x07, 0xff, 
0xfe, 0x00, 0x7f, 0xc0, 0x1e, 0x1f, 0xf0, 0x7f, 0xc3, 0xfe, 0x1f, 0xff, 0xf0, 0x07, 0xff, 0xfc, 
0x00, 0x7f, 0xc0, 0x1e, 0x1f, 0xf0, 0x7f, 0xc3, 0xfe, 0x1f, 0xf8, 0x00, 0x07, 0xfe, 0x00, 0x00, 
0x7f, 0xc0, 0x1e, 0x1f, 0xf0, 0x7f, 0xc3, 0xfe, 0x1f, 0xf0, 0x00, 0x07, 0xfc, 0x00, 0x00, 0x7f, 
0xc0, 0x1e, 0x1f, 0xf0, 0x7f, 0xc3, 0xfe, 0x1f, 0xf0, 0x00, 0x07, 0xfc, 0x00, 0x00, 0x7f, 0xe0, 
0x3c, 0x1f, 0xf0, 0x3f, 0xc7, 0xfe, 0x0f, 0xf8, 0x00, 0x03, 0xfe, 0x00, 0x00, 0x7f, 0xff, 0xf0, 
0x1f, 0xf0, 0x00, 0xff, 0xfe, 0x00, 0x1f, 0xff, 0x00, 0x07, 0xff, 0xc0, 0x7f, 0xff, 0xe0, 0x1f, 
0xf0, 0x00, 0x7f, 0xfe, 0x00, 0x0f, 0xff, 0x80, 0x03, 0xff, 0xe0, 0x7f, 0xff, 0xe0, 0x1f, 0xf0, 
0x00, 0x7f, 0xfe, 0x00, 0x0f, 0xff, 0x80, 0x03, 0xff, 0xe0, 0x7f, 0xff, 0xc0, 0x1f, 0xf0, 0x00, 
0x3f, 0xfe, 0x00, 0x0f, 0xff, 0x80, 0x03, 0xff, 0xe0, 0x3f, 0xff, 0x80, 0x0f, 0xe0, 0x00, 0x1f, 
0xfc, 0x00, 0x03, 0xfe, 0x00, 0x00, 0xff, 0x80, 0x00, 0x00, 0x00, 0x00, 0x00, 0x00, 0x00, 0x00, 
0x00, 0x00, 0x00, 0x00, 0x00, 0x00, 0x00
};

// 'frame_0035_interp_00_35', 116x25px
static const uint8_t digeeBootup_0035[] = {
0x00, 0x00, 0x00, 0x00, 0x00, 0x00, 0x00, 0x00, 0x00, 0x00, 0x00, 0x00, 0x00, 0x00, 0x00, 0x3f, 
0xff, 0x80, 0x0f, 0xe0, 0x00, 0x1f, 0xfc, 0x00, 0x07, 0xf0, 0x00, 0x01, 0xfc, 0x00, 0x7f, 0xff, 
0xc0, 0x1f, 0xf0, 0x00, 0x3f, 0xfe, 0x00, 0x0f, 0xf8, 0x00, 0x03, 0xfe, 0x00, 0x7f, 0xff, 0xe0, 
0x1f, 0xf0, 0x00, 0x7f, 0xfe, 0x00, 0x0f, 0xf8, 0x00, 0x03, 0xfe, 0x00, 0x7f, 0xff, 0xe0, 0x1f, 
0xf0, 0x00, 0x7f, 0xfe, 0x00, 0x0f, 0xf8, 0x00, 0x03, 0xfe, 0x00, 0x7f, 0xff, 0xf0, 0x0f, 0xe0, 
0x00, 0xff, 0xfc, 0x00, 0x1f, 0xfc, 0x00, 0x07, 0xff, 0x00, 0x7f, 0xe0, 0x3c, 0x00, 0x00, 0x3f, 
0xc0, 0x00, 0x0f, 0xf8, 0x0f, 0x03, 0xfe, 0x03, 0xc0, 0x7f, 0xc0, 0x1e, 0x00, 0x00, 0x7f, 0xc0, 
0x00, 0x1f, 0xf0, 0x07, 0x87, 0xfc, 0x01, 0xe0, 0x7f, 0xc0, 0x1e, 0x00, 0x00, 0x7f, 0xc0, 0x00, 
0x1f, 0xf0, 0x07, 0x87, 0xfc, 0x01, 0xe0, 0x7f, 0xc0, 0x1e, 0x00, 0x00, 0x7f, 0xc0, 0x00, 0x1f, 
0xf8, 0x0f, 0x07, 0xfe, 0x03, 0xc0, 0x7f, 0xc0, 0x1e, 0x0f, 0xe0, 0x7f, 0xc1, 0xfc, 0x1f, 0xff, 
0xfc, 0x07, 0xff, 0xff, 0x00, 0x7f, 0xc0, 0x1e, 0x1f, 0xf0, 0x7f, 0xc3, 0xfe, 0x1f, 0xff, 0xf8, 
0x07, 0xff, 0xfe, 0x00, 0x7f, 0xc0, 0x1e, 0x1f, 0xf0, 0x7f, 0xc3, 0xfe, 0x1f, 0xff, 0xf8, 0x07, 
0xff, 0xfe, 0x00, 0x7f, 0xc0, 0x1e, 0x1f, 0xf0, 0x7f, 0xc3, 0xfe, 0x1f, 0xff, 0xf8, 0x07, 0xff, 
0xfe, 0x00, 0x7f, 0xc0, 0x1e, 0x1f, 0xf0, 0x7f, 0xc3, 0xfe, 0x1f, 0xff, 0xf0, 0x07, 0xff, 0xfc, 
0x00, 0x7f, 0xc0, 0x1e, 0x1f, 0xf0, 0x7f, 0xc3, 0xfe, 0x1f, 0xf8, 0x00, 0x07, 0xfe, 0x00, 0x00, 
0x7f, 0xc0, 0x1e, 0x1f, 0xf0, 0x7f, 0xc3, 0xfe, 0x1f, 0xf0, 0x00, 0x07, 0xfc, 0x00, 0x00, 0x7f, 
0xc0, 0x1e, 0x1f, 0xf0, 0x7f, 0xc3, 0xfe, 0x1f, 0xf0, 0x00, 0x07, 0xfc, 0x00, 0x00, 0x7f, 0xe0, 
0x3c, 0x1f, 0xf0, 0x3f, 0xc7, 0xfe, 0x0f, 0xf8, 0x00, 0x03, 0xfe, 0x00, 0x00, 0x7f, 0xff, 0xf0, 
0x1f, 0xf0, 0x00, 0xff, 0xfe, 0x00, 0x1f, 0xff, 0x00, 0x07, 0xff, 0xc0, 0x7f, 0xff, 0xe0, 0x1f, 
0xf0, 0x00, 0x7f, 0xfe, 0x00, 0x0f, 0xff, 0x80, 0x03, 0xff, 0xe0, 0x7f, 0xff, 0xe0, 0x1f, 0xf0, 
0x00, 0x7f, 0xfe, 0x00, 0x0f, 0xff, 0x80, 0x03, 0xff, 0xe0, 0x7f, 0xff, 0xc0, 0x1f, 0xf0, 0x00, 
0x3f, 0xfe, 0x00, 0x0f, 0xff, 0x80, 0x03, 0xff, 0xe0, 0x3f, 0xff, 0x80, 0x0f, 0xe0, 0x00, 0x1f, 
0xfc, 0x00, 0x03, 0xfe, 0x00, 0x00, 0xff, 0x80, 0x00, 0x00, 0x00, 0x00, 0x00, 0x00, 0x00, 0x00, 
0x00, 0x00, 0x00, 0x00, 0x00, 0x00, 0x00
};

// 'frame_0036_interp_00_36', 116x25px
static const uint8_t digeeBootup_0036[] = {
0x00, 0x00, 0x00, 0x00, 0x00, 0x00, 0x00, 0x00, 0x00, 0x00, 0x00, 0x00, 0x00, 0x00, 0x00, 0x3f, 
0xff, 0x80, 0x0f, 0xe0, 0x00, 0x1f, 0xfc, 0x00, 0x07, 0xf0, 0x00, 0x01, 0xfc, 0x00, 0x7f, 0xff, 
0xc0, 0x1f, 0xf0, 0x00, 0x3f, 0xfe, 0x00, 0x0f, 0xf8, 0x00, 0x03, 0xfe, 0x00, 0x7f, 0xff, 0xe0, 
0x1f, 0xf0, 0x00, 0x7f, 0xfe, 0x00, 0x0f, 0xf8, 0x00, 0x03, 0xfe, 0x00, 0x7f, 0xff, 0xe0, 0x1f, 
0xf0, 0x00, 0x7f, 0xfe, 0x00, 0x0f, 0xf8, 0x00, 0x03, 0xfe, 0x00, 0x7f, 0xff, 0xf0, 0x0f, 0xe0, 
0x00, 0xff, 0xfc, 0x00, 0x1f, 0xfc, 0x00, 0x07, 0xff, 0x00, 0x7f, 0xe0, 0x3c, 0x00, 0x00, 0x3f, 
0xc0, 0x00, 0x0f, 0xf8, 0x0f, 0x03, 0xfe, 0x03, 0xc0, 0x7f, 0xc0, 0x1e, 0x00, 0x00, 0x7f, 0xc0, 
0x00, 0x1f, 0xf0, 0x07, 0x87, 0xfc, 0x01, 0xe0, 0x7f, 0xc0, 0x1e, 0x00, 0x00, 0x7f, 0xc0, 0x00, 
0x1f, 0xf0, 0x07, 0x87, 0xfc, 0x01, 0xe0, 0x7f, 0xc0, 0x1e, 0x00, 0x00, 0x7f, 0xc0, 0x00, 0x1f, 
0xf8, 0x0f, 0x07, 0xfe, 0x03, 0xc0, 0x7f, 0xc0, 0x1e, 0x0f, 0xe0, 0x7f, 0xc1, 0xfc, 0x1f, 0xff, 
0xfc, 0x07, 0xff, 0xff, 0x00, 0x7f, 0xc0, 0x1e, 0x1f, 0xf0, 0x7f, 0xc3, 0xfe, 0x1f, 0xff, 0xf8, 
0x07, 0xff, 0xfe, 0x00, 0x7f, 0xc0, 0x1e, 0x1f, 0xf0, 0x7f, 0xc3, 0xfe, 0x1f, 0xff, 0xf8, 0x07, 
0xff, 0xfe, 0x00, 0x7f, 0xc0, 0x1e, 0x1f, 0xf0, 0x7f, 0xc3, 0xfe, 0x1f, 0xff, 0xf8, 0x07, 0xff, 
0xfe, 0x00, 0x7f, 0xc0, 0x1e, 0x1f, 0xf0, 0x7f, 0xc3, 0xfe, 0x1f, 0xff, 0xf0, 0x07, 0xff, 0xfc, 
0x00, 0x7f, 0xc0, 0x1e, 0x1f, 0xf0, 0x7f, 0xc3, 0xfe, 0x1f, 0xf8, 0x00, 0x07, 0xfe, 0x00, 0x00, 
0x7f, 0xc0, 0x1e, 0x1f, 0xf0, 0x7f, 0xc3, 0xfe, 0x1f, 0xf0, 0x00, 0x07, 0xfc, 0x00, 0x00, 0x7f, 
0xc0, 0x1e, 0x1f, 0xf0, 0x7f, 0xc3, 0xfe, 0x1f, 0xf0, 0x00, 0x07, 0xfc, 0x00, 0x00, 0x7f, 0xe0, 
0x3c, 0x1f, 0xf0, 0x3f, 0xc7, 0xfe, 0x0f, 0xf8, 0x00, 0x03, 0xfe, 0x00, 0x00, 0x7f, 0xff, 0xf0, 
0x1f, 0xf0, 0x00, 0xff, 0xfe, 0x00, 0x1f, 0xff, 0x00, 0x07, 0xff, 0xc0, 0x7f, 0xff, 0xe0, 0x1f, 
0xf0, 0x00, 0x7f, 0xfe, 0x00, 0x0f, 0xff, 0x80, 0x03, 0xff, 0xe0, 0x7f, 0xff, 0xe0, 0x1f, 0xf0, 
0x00, 0x7f, 0xfe, 0x00, 0x0f, 0xff, 0x80, 0x03, 0xff, 0xe0, 0x7f, 0xff, 0xc0, 0x1f, 0xf0, 0x00, 
0x3f, 0xfe, 0x00, 0x0f, 0xff, 0x80, 0x03, 0xff, 0xe0, 0x3f, 0xff, 0x80, 0x0f, 0xe0, 0x00, 0x1f, 
0xfc, 0x00, 0x03, 0xfe, 0x00, 0x00, 0xff, 0x80, 0x00, 0x00, 0x00, 0x00, 0x00, 0x00, 0x00, 0x00, 
0x00, 0x00, 0x00, 0x00, 0x00, 0x00, 0x00
};

// 'frame_0037_interp_00_37', 116x25px
static const uint8_t digeeBootup_0037[] = {
0x00, 0x00, 0x00, 0x00, 0x00, 0x00, 0x00, 0x00, 0x00, 0x00, 0x00, 0x00, 0x00, 0x00, 0x00, 0x3f, 
0xff, 0x80, 0x0f, 0xe0, 0x00, 0x1f, 0xfc, 0x00, 0x07, 0xf0, 0x00, 0x01, 0xfc, 0x00, 0x7f, 0xff, 
0xc0, 0x1f, 0xf0, 0x00, 0x3f, 0xfe, 0x00, 0x0f, 0xf8, 0x00, 0x03, 0xfe, 0x00, 0x7f, 0xff, 0xe0, 
0x1f, 0xf0, 0x00, 0x7f, 0xfe, 0x00, 0x0f, 0xf8, 0x00, 0x03, 0xfe, 0x00, 0x7f, 0xff, 0xe0, 0x1f, 
0xf0, 0x00, 0x7f, 0xfe, 0x00, 0x0f, 0xf8, 0x00, 0x03, 0xfe, 0x00, 0x7f, 0xff, 0xf0, 0x0f, 0xe0, 
0x00, 0xff, 0xfc, 0x00, 0x1f, 0xfc, 0x00, 0x07, 0xff, 0x00, 0x7f, 0xe0, 0x3c, 0x00, 0x00, 0x3f, 
0xc0, 0x00, 0x0f, 0xf8, 0x0f, 0x03, 0xfe, 0x03, 0xc0, 0x7f, 0xc0, 0x1e, 0x00, 0x00, 0x7f, 0xc0, 
0x00, 0x1f, 0xf0, 0x07, 0x87, 0xfc, 0x01, 0xe0, 0x7f, 0xc0, 0x1e, 0x00, 0x00, 0x7f, 0xc0, 0x00, 
0x1f, 0xf0, 0x07, 0x87, 0xfc, 0x01, 0xe0, 0x7f, 0xc0, 0x1e, 0x00, 0x00, 0x7f, 0xc0, 0x00, 0x1f, 
0xf8, 0x0f, 0x07, 0xfe, 0x03, 0xc0, 0x7f, 0xc0, 0x1e, 0x0f, 0xe0, 0x7f, 0xc1, 0xfc, 0x1f, 0xff, 
0xfc, 0x07, 0xff, 0xff, 0x00, 0x7f, 0xc0, 0x1e, 0x1f, 0xf0, 0x7f, 0xc3, 0xfe, 0x1f, 0xff, 0xf8, 
0x07, 0xff, 0xfe, 0x00, 0x7f, 0xc0, 0x1e, 0x1f, 0xf0, 0x7f, 0xc3, 0xfe, 0x1f, 0xff, 0xf8, 0x07, 
0xff, 0xfe, 0x00, 0x7f, 0xc0, 0x1e, 0x1f, 0xf0, 0x7f, 0xc3, 0xfe, 0x1f, 0xff, 0xf8, 0x07, 0xff, 
0xfe, 0x00, 0x7f, 0xc0, 0x1e, 0x1f, 0xf0, 0x7f, 0xc3, 0xfe, 0x1f, 0xff, 0xf0, 0x07, 0xff, 0xfc, 
0x00, 0x7f, 0xc0, 0x1e, 0x1f, 0xf0, 0x7f, 0xc3, 0xfe, 0x1f, 0xf8, 0x00, 0x07, 0xfe, 0x00, 0x00, 
0x7f, 0xc0, 0x1e, 0x1f, 0xf0, 0x7f, 0xc3, 0xfe, 0x1f, 0xf0, 0x00, 0x07, 0xfc, 0x00, 0x00, 0x7f, 
0xc0, 0x1e, 0x1f, 0xf0, 0x7f, 0xc3, 0xfe, 0x1f, 0xf0, 0x00, 0x07, 0xfc, 0x00, 0x00, 0x7f, 0xe0, 
0x3c, 0x1f, 0xf0, 0x3f, 0xc7, 0xfe, 0x0f, 0xf8, 0x00, 0x03, 0xfe, 0x00, 0x00, 0x7f, 0xff, 0xf0, 
0x1f, 0xf0, 0x00, 0xff, 0xfe, 0x00, 0x1f, 0xff, 0x00, 0x07, 0xff, 0xc0, 0x7f, 0xff, 0xe0, 0x1f, 
0xf0, 0x00, 0x7f, 0xfe, 0x00, 0x0f, 0xff, 0x80, 0x03, 0xff, 0xe0, 0x7f, 0xff, 0xe0, 0x1f, 0xf0, 
0x00, 0x7f, 0xfe, 0x00, 0x0f, 0xff, 0x80, 0x03, 0xff, 0xe0, 0x7f, 0xff, 0xc0, 0x1f, 0xf0, 0x00, 
0x3f, 0xfe, 0x00, 0x0f, 0xff, 0x80, 0x03, 0xff, 0xe0, 0x3f, 0xff, 0x80, 0x0f, 0xe0, 0x00, 0x1f, 
0xfc, 0x00, 0x03, 0xfe, 0x00, 0x00, 0xff, 0x80, 0x00, 0x00, 0x00, 0x00, 0x00, 0x00, 0x00, 0x00, 
0x00, 0x00, 0x00, 0x00, 0x00, 0x00, 0x00
};

// 'frame_0038_interp_00_38', 116x25px
static const uint8_t digeeBootup_0038[] = {
0x00, 0x00, 0x00, 0x00, 0x00, 0x00, 0x00, 0x00, 0x00, 0x00, 0x00, 0x00, 0x00, 0x00, 0x00, 0x3f, 
0xff, 0x80, 0x0f, 0xe0, 0x00, 0x1f, 0xfc, 0x00, 0x07, 0xf0, 0x00, 0x01, 0xfc, 0x00, 0x7f, 0xff, 
0xc0, 0x1f, 0xf0, 0x00, 0x3f, 0xfe, 0x00, 0x0f, 0xf8, 0x00, 0x03, 0xfe, 0x00, 0x7f, 0xff, 0xe0, 
0x1f, 0xf0, 0x00, 0x7f, 0xfe, 0x00, 0x0f, 0xf8, 0x00, 0x03, 0xfe, 0x00, 0x7f, 0xff, 0xe0, 0x1f, 
0xf0, 0x00, 0x7f, 0xfe, 0x00, 0x0f, 0xf8, 0x00, 0x03, 0xfe, 0x00, 0x7f, 0xff, 0xf0, 0x0f, 0xe0, 
0x00, 0xff, 0xfc, 0x00, 0x1f, 0xfc, 0x00, 0x07, 0xff, 0x00, 0x7f, 0xe0, 0x3c, 0x00, 0x00, 0x3f, 
0xc0, 0x00, 0x0f, 0xf8, 0x0f, 0x03, 0xfe, 0x03, 0xc0, 0x7f, 0xc0, 0x1e, 0x00, 0x00, 0x7f, 0xc0, 
0x00, 0x1f, 0xf0, 0x07, 0x87, 0xfc, 0x01, 0xe0, 0x7f, 0xc0, 0x1e, 0x00, 0x00, 0x7f, 0xc0, 0x00, 
0x1f, 0xf0, 0x07, 0x87, 0xfc, 0x01, 0xe0, 0x7f, 0xc0, 0x1e, 0x00, 0x00, 0x7f, 0xc0, 0x00, 0x1f, 
0xf8, 0x0f, 0x07, 0xfe, 0x03, 0xc0, 0x7f, 0xc0, 0x1e, 0x0f, 0xe0, 0x7f, 0xc1, 0xfc, 0x1f, 0xff, 
0xfc, 0x07, 0xff, 0xff, 0x00, 0x7f, 0xc0, 0x1e, 0x1f, 0xf0, 0x7f, 0xc3, 0xfe, 0x1f, 0xff, 0xf8, 
0x07, 0xff, 0xfe, 0x00, 0x7f, 0xc0, 0x1e, 0x1f, 0xf0, 0x7f, 0xc3, 0xfe, 0x1f, 0xff, 0xf8, 0x07, 
0xff, 0xfe, 0x00, 0x7f, 0xc0, 0x1e, 0x1f, 0xf0, 0x7f, 0xc3, 0xfe, 0x1f, 0xff, 0xf8, 0x07, 0xff, 
0xfe, 0x00, 0x7f, 0xc0, 0x1e, 0x1f, 0xf0, 0x7f, 0xc3, 0xfe, 0x1f, 0xff, 0xf0, 0x07, 0xff, 0xfc, 
0x00, 0x7f, 0xc0, 0x1e, 0x1f, 0xf0, 0x7f, 0xc3, 0xfe, 0x1f, 0xf8, 0x00, 0x07, 0xfe, 0x00, 0x00, 
0x7f, 0xc0, 0x1e, 0x1f, 0xf0, 0x7f, 0xc3, 0xfe, 0x1f, 0xf0, 0x00, 0x07, 0xfc, 0x00, 0x00, 0x7f, 
0xc0, 0x1e, 0x1f, 0xf0, 0x7f, 0xc3, 0xfe, 0x1f, 0xf0, 0x00, 0x07, 0xfc, 0x00, 0x00, 0x7f, 0xe0, 
0x3c, 0x1f, 0xf0, 0x3f, 0xc7, 0xfe, 0x0f, 0xf8, 0x00, 0x03, 0xfe, 0x00, 0x00, 0x7f, 0xff, 0xf0, 
0x1f, 0xf0, 0x00, 0xff, 0xfe, 0x00, 0x1f, 0xff, 0x00, 0x07, 0xff, 0xc0, 0x7f, 0xff, 0xe0, 0x1f, 
0xf0, 0x00, 0x7f, 0xfe, 0x00, 0x0f, 0xff, 0x80, 0x03, 0xff, 0xe0, 0x7f, 0xff, 0xe0, 0x1f, 0xf0, 
0x00, 0x7f, 0xfe, 0x00, 0x0f, 0xff, 0x80, 0x03, 0xff, 0xe0, 0x7f, 0xff, 0xc0, 0x1f, 0xf0, 0x00, 
0x3f, 0xfe, 0x00, 0x0f, 0xff, 0x80, 0x03, 0xff, 0xe0, 0x3f, 0xff, 0x80, 0x0f, 0xe0, 0x00, 0x1f, 
0xfc, 0x00, 0x03, 0xfe, 0x00, 0x00, 0xff, 0x80, 0x00, 0x00, 0x00, 0x00, 0x00, 0x00, 0x00, 0x00, 
0x00, 0x00, 0x00, 0x00, 0x00, 0x00, 0x00
};

// 'frame_0039_interp_00_39', 116x25px
static const uint8_t digeeBootup_0039[] = {
0x00, 0x00, 0x00, 0x00, 0x00, 0x00, 0x00, 0x00, 0x00, 0x00, 0x00, 0x00, 0x00, 0x00, 0x00, 0x3f, 
0xff, 0x80, 0x0f, 0xe0, 0x00, 0x1f, 0xfc, 0x00, 0x07, 0xf0, 0x00, 0x01, 0xfc, 0x00, 0x7f, 0xff, 
0xc0, 0x1f, 0xf0, 0x00, 0x3f, 0xfe, 0x00, 0x0f, 0xf8, 0x00, 0x03, 0xfe, 0x00, 0x7f, 0xff, 0xe0, 
0x1f, 0xf0, 0x00, 0x7f, 0xfe, 0x00, 0x0f, 0xf8, 0x00, 0x03, 0xfe, 0x00, 0x7f, 0xff, 0xe0, 0x1f, 
0xf0, 0x00, 0x7f, 0xfe, 0x00, 0x0f, 0xf8, 0x00, 0x03, 0xfe, 0x00, 0x7f, 0xff, 0xf0, 0x0f, 0xe0, 
0x00, 0xff, 0xfc, 0x00, 0x1f, 0xfc, 0x00, 0x07, 0xff, 0x00, 0x7f, 0xe0, 0x3c, 0x00, 0x00, 0x3f, 
0xc0, 0x00, 0x0f, 0xf8, 0x0f, 0x03, 0xfe, 0x03, 0xc0, 0x7f, 0xc0, 0x1e, 0x00, 0x00, 0x7f, 0xc0, 
0x00, 0x1f, 0xf0, 0x07, 0x87, 0xfc, 0x01, 0xe0, 0x7f, 0xc0, 0x1e, 0x00, 0x00, 0x7f, 0xc0, 0x00, 
0x1f, 0xf0, 0x07, 0x87, 0xfc, 0x01, 0xe0, 0x7f, 0xc0, 0x1e, 0x00, 0x00, 0x7f, 0xc0, 0x00, 0x1f, 
0xf8, 0x0f, 0x07, 0xfe, 0x03, 0xc0, 0x7f, 0xc0, 0x1e, 0x0f, 0xe0, 0x7f, 0xc1, 0xfc, 0x1f, 0xff, 
0xfc, 0x07, 0xff, 0xff, 0x00, 0x7f, 0xc0, 0x1e, 0x1f, 0xf0, 0x7f, 0xc3, 0xfe, 0x1f, 0xff, 0xf8, 
0x07, 0xff, 0xfe, 0x00, 0x7f, 0xc0, 0x1e, 0x1f, 0xf0, 0x7f, 0xc3, 0xfe, 0x1f, 0xff, 0xf8, 0x07, 
0xff, 0xfe, 0x00, 0x7f, 0xc0, 0x1e, 0x1f, 0xf0, 0x7f, 0xc3, 0xfe, 0x1f, 0xff, 0xf8, 0x07, 0xff, 
0xfe, 0x00, 0x7f, 0xc0, 0x1e, 0x1f, 0xf0, 0x7f, 0xc3, 0xfe, 0x1f, 0xff, 0xf0, 0x07, 0xff, 0xfc, 
0x00, 0x7f, 0xc0, 0x1e, 0x1f, 0xf0, 0x7f, 0xc3, 0xfe, 0x1f, 0xf8, 0x00, 0x07, 0xfe, 0x00, 0x00, 
0x7f, 0xc0, 0x1e, 0x1f, 0xf0, 0x7f, 0xc3, 0xfe, 0x1f, 0xf0, 0x00, 0x07, 0xfc, 0x00, 0x00, 0x7f, 
0xc0, 0x1e, 0x1f, 0xf0, 0x7f, 0xc3, 0xfe, 0x1f, 0xf0, 0x00, 0x07, 0xfc, 0x00, 0x00, 0x7f, 0xe0, 
0x3c, 0x1f, 0xf0, 0x3f, 0xc7, 0xfe, 0x0f, 0xf8, 0x00, 0x03, 0xfe, 0x00, 0x00, 0x7f, 0xff, 0xf0, 
0x1f, 0xf0, 0x00, 0xff, 0xfe, 0x00, 0x1f, 0xff, 0x00, 0x07, 0xff, 0xc0, 0x7f, 0xff, 0xe0, 0x1f, 
0xf0, 0x00, 0x7f, 0xfe, 0x00, 0x0f, 0xff, 0x80, 0x03, 0xff, 0xe0, 0x7f, 0xff, 0xe0, 0x1f, 0xf0, 
0x00, 0x7f, 0xfe, 0x00, 0x0f, 0xff, 0x80, 0x03, 0xff, 0xe0, 0x7f, 0xff, 0xc0, 0x1f, 0xf0, 0x00, 
0x3f, 0xfe, 0x00, 0x0f, 0xff, 0x80, 0x03, 0xff, 0xe0, 0x3f, 0xff, 0x80, 0x0f, 0xe0, 0x00, 0x1f, 
0xfc, 0x00, 0x03, 0xfe, 0x00, 0x00, 0xff, 0x80, 0x00, 0x00, 0x00, 0x00, 0x00, 0x00, 0x00, 0x00, 
0x00, 0x00, 0x00, 0x00, 0x00, 0x00, 0x00
};

// 'frame_0040_interp_00_40', 116x25px
static const uint8_t digeeBootup_0040[] = {
0x00, 0x00, 0x00, 0x00, 0x00, 0x00, 0x00, 0x00, 0x00, 0x00, 0x00, 0x00, 0x00, 0x00, 0x00, 0x3f, 
0xff, 0x80, 0x0f, 0xe0, 0x00, 0x1f, 0xfc, 0x00, 0x07, 0xf0, 0x00, 0x01, 0xfc, 0x00, 0x7f, 0xff, 
0xc0, 0x1f, 0xf0, 0x00, 0x3f, 0xfe, 0x00, 0x0f, 0xf8, 0x00, 0x03, 0xfe, 0x00, 0x7f, 0xff, 0xe0, 
0x1f, 0xf0, 0x00, 0x7f, 0xfe, 0x00, 0x0f, 0xf8, 0x00, 0x03, 0xfe, 0x00, 0x7f, 0xff, 0xe0, 0x1f, 
0xf0, 0x00, 0x7f, 0xfe, 0x00, 0x0f, 0xf8, 0x00, 0x03, 0xfe, 0x00, 0x7f, 0xff, 0xf0, 0x0f, 0xe0, 
0x00, 0xff, 0xfc, 0x00, 0x1f, 0xfc, 0x00, 0x07, 0xff, 0x00, 0x7f, 0xe0, 0x3c, 0x00, 0x00, 0x3f, 
0xc0, 0x00, 0x0f, 0xf8, 0x0f, 0x03, 0xfe, 0x03, 0xc0, 0x7f, 0xc0, 0x1e, 0x00, 0x00, 0x7f, 0xc0, 
0x00, 0x1f, 0xf0, 0x07, 0x87, 0xfc, 0x01, 0xe0, 0x7f, 0xc0, 0x1e, 0x00, 0x00, 0x7f, 0xc0, 0x00, 
0x1f, 0xf0, 0x07, 0x87, 0xfc, 0x01, 0xe0, 0x7f, 0xc0, 0x1e, 0x00, 0x00, 0x7f, 0xc0, 0x00, 0x1f, 
0xf8, 0x0f, 0x07, 0xfe, 0x03, 0xc0, 0x7f, 0xc0, 0x1e, 0x0f, 0xe0, 0x7f, 0xc1, 0xfc, 0x1f, 0xff, 
0xfc, 0x07, 0xff, 0xff, 0x00, 0x7f, 0xc0, 0x1e, 0x1f, 0xf0, 0x7f, 0xc3, 0xfe, 0x1f, 0xff, 0xf8, 
0x07, 0xff, 0xfe, 0x00, 0x7f, 0xc0, 0x1e, 0x1f, 0xf0, 0x7f, 0xc3, 0xfe, 0x1f, 0xff, 0xf8, 0x07, 
0xff, 0xfe, 0x00, 0x7f, 0xc0, 0x1e, 0x1f, 0xf0, 0x7f, 0xc3, 0xfe, 0x1f, 0xff, 0xf8, 0x07, 0xff, 
0xfe, 0x00, 0x7f, 0xc0, 0x1e, 0x1f, 0xf0, 0x7f, 0xc3, 0xfe, 0x1f, 0xff, 0xf0, 0x07, 0xff, 0xfc, 
0x00, 0x7f, 0xc0, 0x1e, 0x1f, 0xf0, 0x7f, 0xc3, 0xfe, 0x1f, 0xf8, 0x00, 0x07, 0xfe, 0x00, 0x00, 
0x7f, 0xc0, 0x1e, 0x1f, 0xf0, 0x7f, 0xc3, 0xfe, 0x1f, 0xf0, 0x00, 0x07, 0xfc, 0x00, 0x00, 0x7f, 
0xc0, 0x1e, 0x1f, 0xf0, 0x7f, 0xc3, 0xfe, 0x1f, 0xf0, 0x00, 0x07, 0xfc, 0x00, 0x00, 0x7f, 0xe0, 
0x3c, 0x1f, 0xf0, 0x3f, 0xc7, 0xfe, 0x0f, 0xf8, 0x00, 0x03, 0xfe, 0x00, 0x00, 0x7f, 0xff, 0xf0, 
0x1f, 0xf0, 0x00, 0xff, 0xfe, 0x00, 0x1f, 0xff, 0x00, 0x07, 0xff, 0xc0, 0x7f, 0xff, 0xe0, 0x1f, 
0xf0, 0x00, 0x7f, 0xfe, 0x00, 0x0f, 0xff, 0x80, 0x03, 0xff, 0xe0, 0x7f, 0xff, 0xe0, 0x1f, 0xf0, 
0x00, 0x7f, 0xfe, 0x00, 0x0f, 0xff, 0x80, 0x03, 0xff, 0xe0, 0x7f, 0xff, 0xc0, 0x1f, 0xf0, 0x00, 
0x3f, 0xfe, 0x00, 0x0f, 0xff, 0x80, 0x03, 0xff, 0xe0, 0x3f, 0xff, 0x80, 0x0f, 0xe0, 0x00, 0x1f, 
0xfc, 0x00, 0x03, 0xfe, 0x00, 0x00, 0xff, 0x80, 0x00, 0x00, 0x00, 0x00, 0x00, 0x00, 0x00, 0x00, 
0x00, 0x00, 0x00, 0x00, 0x00, 0x00, 0x00
};

// 'frame_0041_interp_00_41', 116x25px
static const uint8_t digeeBootup_0041[] = {
0x00, 0x00, 0x00, 0x00, 0x00, 0x00, 0x00, 0x00, 0x00, 0x00, 0x00, 0x00, 0x00, 0x00, 0x00, 0x3f, 
0xff, 0x80, 0x0f, 0xe0, 0x00, 0x1f, 0xfc, 0x00, 0x07, 0xf0, 0x00, 0x01, 0xfc, 0x00, 0x7f, 0xff, 
0xc0, 0x1f, 0xf0, 0x00, 0x3f, 0xfe, 0x00, 0x0f, 0xf8, 0x00, 0x03, 0xfe, 0x00, 0x7f, 0xff, 0xe0, 
0x1f, 0xf0, 0x00, 0x7f, 0xfe, 0x00, 0x0f, 0xf8, 0x00, 0x03, 0xfe, 0x00, 0x7f, 0xff, 0xe0, 0x1f, 
0xf0, 0x00, 0x7f, 0xfe, 0x00, 0x0f, 0xf8, 0x00, 0x03, 0xfe, 0x00, 0x7f, 0xff, 0xf0, 0x0f, 0xe0, 
0x00, 0xff, 0xfc, 0x00, 0x1f, 0xfc, 0x00, 0x07, 0xff, 0x00, 0x7f, 0xe0, 0x3c, 0x00, 0x00, 0x3f, 
0xc0, 0x00, 0x0f, 0xf8, 0x0f, 0x03, 0xfe, 0x03, 0xc0, 0x7f, 0xc0, 0x1e, 0x00, 0x00, 0x7f, 0xc0, 
0x00, 0x1f, 0xf0, 0x07, 0x87, 0xfc, 0x01, 0xe0, 0x7f, 0xc0, 0x1e, 0x00, 0x00, 0x7f, 0xc0, 0x00, 
0x1f, 0xf0, 0x07, 0x87, 0xfc, 0x01, 0xe0, 0x7f, 0xc0, 0x1e, 0x00, 0x00, 0x7f, 0xc0, 0x00, 0x1f, 
0xf8, 0x0f, 0x07, 0xfe, 0x03, 0xc0, 0x7f, 0xc0, 0x1e, 0x0f, 0xe0, 0x7f, 0xc1, 0xfc, 0x1f, 0xff, 
0xfc, 0x07, 0xff, 0xff, 0x00, 0x7f, 0xc0, 0x1e, 0x1f, 0xf0, 0x7f, 0xc3, 0xfe, 0x1f, 0xff, 0xf8, 
0x07, 0xff, 0xfe, 0x00, 0x7f, 0xc0, 0x1e, 0x1f, 0xf0, 0x7f, 0xc3, 0xfe, 0x1f, 0xff, 0xf8, 0x07, 
0xff, 0xfe, 0x00, 0x7f, 0xc0, 0x1e, 0x1f, 0xf0, 0x7f, 0xc3, 0xfe, 0x1f, 0xff, 0xf8, 0x07, 0xff, 
0xfe, 0x00, 0x7f, 0xc0, 0x1e, 0x1f, 0xf0, 0x7f, 0xc3, 0xfe, 0x1f, 0xff, 0xf0, 0x07, 0xff, 0xfc, 
0x00, 0x7f, 0xc0, 0x1e, 0x1f, 0xf0, 0x7f, 0xc3, 0xfe, 0x1f, 0xf8, 0x00, 0x07, 0xfe, 0x00, 0x00, 
0x7f, 0xc0, 0x1e, 0x1f, 0xf0, 0x7f, 0xc3, 0xfe, 0x1f, 0xf0, 0x00, 0x07, 0xfc, 0x00, 0x00, 0x7f, 
0xc0, 0x1e, 0x1f, 0xf0, 0x7f, 0xc3, 0xfe, 0x1f, 0xf0, 0x00, 0x07, 0xfc, 0x00, 0x00, 0x7f, 0xe0, 
0x3c, 0x1f, 0xf0, 0x3f, 0xc7, 0xfe, 0x0f, 0xf8, 0x00, 0x03, 0xfe, 0x00, 0x00, 0x7f, 0xff, 0xf0, 
0x1f, 0xf0, 0x00, 0xff, 0xfe, 0x00, 0x1f, 0xff, 0x00, 0x07, 0xff, 0xc0, 0x7f, 0xff, 0xe0, 0x1f, 
0xf0, 0x00, 0x7f, 0xfe, 0x00, 0x0f, 0xff, 0x80, 0x03, 0xff, 0xe0, 0x7f, 0xff, 0xe0, 0x1f, 0xf0, 
0x00, 0x7f, 0xfe, 0x00, 0x0f, 0xff, 0x80, 0x03, 0xff, 0xe0, 0x7f, 0xff, 0xc0, 0x1f, 0xf0, 0x00, 
0x3f, 0xfe, 0x00, 0x0f, 0xff, 0x80, 0x03, 0xff, 0xe0, 0x3f, 0xff, 0x80, 0x0f, 0xe0, 0x00, 0x1f, 
0xfc, 0x00, 0x03, 0xfe, 0x00, 0x00, 0xff, 0x80, 0x00, 0x00, 0x00, 0x00, 0x00, 0x00, 0x00, 0x00, 
0x00, 0x00, 0x00, 0x00, 0x00, 0x00, 0x00
};

// 'frame_0042_interp_00_42', 116x25px
static const uint8_t digeeBootup_0042[] = {
0x00, 0x00, 0x00, 0x00, 0x00, 0x00, 0x00, 0x00, 0x00, 0x00, 0x00, 0x00, 0x00, 0x00, 0x00, 0x3f, 
0xff, 0x80, 0x0f, 0xe0, 0x00, 0x1f, 0xfc, 0x00, 0x07, 0xf0, 0x00, 0x01, 0xfc, 0x00, 0x7f, 0xff, 
0xc0, 0x1f, 0xf0, 0x00, 0x3f, 0xfe, 0x00, 0x0f, 0xf8, 0x00, 0x03, 0xfe, 0x00, 0x7f, 0xff, 0xe0, 
0x1f, 0xf0, 0x00, 0x7f, 0xfe, 0x00, 0x0f, 0xf8, 0x00, 0x03, 0xfe, 0x00, 0x7f, 0xff, 0xe0, 0x1f, 
0xf0, 0x00, 0x7f, 0xfe, 0x00, 0x0f, 0xf8, 0x00, 0x03, 0xfe, 0x00, 0x7f, 0xff, 0xf0, 0x0f, 0xe0, 
0x00, 0xff, 0xfc, 0x00, 0x1f, 0xfc, 0x00, 0x07, 0xff, 0x00, 0x7f, 0xe0, 0x3c, 0x00, 0x00, 0x3f, 
0xc0, 0x00, 0x0f, 0xf8, 0x0f, 0x03, 0xfe, 0x03, 0xc0, 0x7f, 0xc0, 0x1e, 0x00, 0x00, 0x7f, 0xc0, 
0x00, 0x1f, 0xf0, 0x07, 0x87, 0xfc, 0x01, 0xe0, 0x7f, 0xc0, 0x1e, 0x00, 0x00, 0x7f, 0xc0, 0x00, 
0x1f, 0xf0, 0x07, 0x87, 0xfc, 0x01, 0xe0, 0x7f, 0xc0, 0x1e, 0x00, 0x00, 0x7f, 0xc0, 0x00, 0x1f, 
0xf8, 0x0f, 0x07, 0xfe, 0x03, 0xc0, 0x7f, 0xc0, 0x1e, 0x0f, 0xe0, 0x7f, 0xc1, 0xfc, 0x1f, 0xff, 
0xfc, 0x07, 0xff, 0xff, 0x00, 0x7f, 0xc0, 0x1e, 0x1f, 0xf0, 0x7f, 0xc3, 0xfe, 0x1f, 0xff, 0xf8, 
0x07, 0xff, 0xfe, 0x00, 0x7f, 0xc0, 0x1e, 0x1f, 0xf0, 0x7f, 0xc3, 0xfe, 0x1f, 0xff, 0xf8, 0x07, 
0xff, 0xfe, 0x00, 0x7f, 0xc0, 0x1e, 0x1f, 0xf0, 0x7f, 0xc3, 0xfe, 0x1f, 0xff, 0xf8, 0x07, 0xff, 
0xfe, 0x00, 0x7f, 0xc0, 0x1e, 0x1f, 0xf0, 0x7f, 0xc3, 0xfe, 0x1f, 0xff, 0xf0, 0x07, 0xff, 0xfc, 
0x00, 0x7f, 0xc0, 0x1e, 0x1f, 0xf0, 0x7f, 0xc3, 0xfe, 0x1f, 0xf8, 0x00, 0x07, 0xfe, 0x00, 0x00, 
0x7f, 0xc0, 0x1e, 0x1f, 0xf0, 0x7f, 0xc3, 0xfe, 0x1f, 0xf0, 0x00, 0x07, 0xfc, 0x00, 0x00, 0x7f, 
0xc0, 0x1e, 0x1f, 0xf0, 0x7f, 0xc3, 0xfe, 0x1f, 0xf0, 0x00, 0x07, 0xfc, 0x00, 0x00, 0x7f, 0xe0, 
0x3c, 0x1f, 0xf0, 0x3f, 0xc7, 0xfe, 0x0f, 0xf8, 0x00, 0x03, 0xfe, 0x00, 0x00, 0x7f, 0xff, 0xf0, 
0x1f, 0xf0, 0x00, 0xff, 0xfe, 0x00, 0x1f, 0xff, 0x00, 0x07, 0xff, 0xc0, 0x7f, 0xff, 0xe0, 0x1f, 
0xf0, 0x00, 0x7f, 0xfe, 0x00, 0x0f, 0xff, 0x80, 0x03, 0xff, 0xe0, 0x7f, 0xff, 0xe0, 0x1f, 0xf0, 
0x00, 0x7f, 0xfe, 0x00, 0x0f, 0xff, 0x80, 0x03, 0xff, 0xe0, 0x7f, 0xff, 0xc0, 0x1f, 0xf0, 0x00, 
0x3f, 0xfe, 0x00, 0x0f, 0xff, 0x80, 0x03, 0xff, 0xe0, 0x3f, 0xff, 0x80, 0x0f, 0xe0, 0x00, 0x1f, 
0xfc, 0x00, 0x03, 0xfe, 0x00, 0x00, 0xff, 0x80, 0x00, 0x00, 0x00, 0x00, 0x00, 0x00, 0x00, 0x00, 
0x00, 0x00, 0x00, 0x00, 0x00, 0x00, 0x00
};

// 'frame_0043_interp_00_43', 116x25px
static const uint8_t digeeBootup_0043[] = {
0x00, 0x00, 0x00, 0x00, 0x00, 0x00, 0x00, 0x00, 0x00, 0x00, 0x00, 0x00, 0x00, 0x00, 0x00, 0x3f, 
0xff, 0x80, 0x0f, 0xe0, 0x00, 0x1f, 0xfc, 0x00, 0x07, 0xf0, 0x00, 0x01, 0xfc, 0x00, 0x7f, 0xff, 
0xc0, 0x1f, 0xf0, 0x00, 0x3f, 0xfe, 0x00, 0x0f, 0xf8, 0x00, 0x03, 0xfe, 0x00, 0x7f, 0xff, 0xe0, 
0x1f, 0xf0, 0x00, 0x7f, 0xfe, 0x00, 0x0f, 0xf8, 0x00, 0x03, 0xfe, 0x00, 0x7f, 0xff, 0xe0, 0x1f, 
0xf0, 0x00, 0x7f, 0xfe, 0x00, 0x0f, 0xf8, 0x00, 0x03, 0xfe, 0x00, 0x7f, 0xff, 0xf0, 0x0f, 0xe0, 
0x00, 0xff, 0xfc, 0x00, 0x1f, 0xfc, 0x00, 0x07, 0xff, 0x00, 0x7f, 0xe0, 0x3c, 0x00, 0x00, 0x3f, 
0xc0, 0x00, 0x0f, 0xf8, 0x0f, 0x03, 0xfe, 0x03, 0xc0, 0x7f, 0xc0, 0x1e, 0x00, 0x00, 0x7f, 0xc0, 
0x00, 0x1f, 0xf0, 0x07, 0x87, 0xfc, 0x01, 0xe0, 0x7f, 0xc0, 0x1e, 0x00, 0x00, 0x7f, 0xc0, 0x00, 
0x1f, 0xf0, 0x07, 0x87, 0xfc, 0x01, 0xe0, 0x7f, 0xc0, 0x1e, 0x00, 0x00, 0x7f, 0xc0, 0x00, 0x1f, 
0xf8, 0x0f, 0x07, 0xfe, 0x03, 0xc0, 0x7f, 0xc0, 0x1e, 0x0f, 0xe0, 0x7f, 0xc1, 0xfc, 0x1f, 0xff, 
0xfc, 0x07, 0xff, 0xff, 0x00, 0x7f, 0xc0, 0x1e, 0x1f, 0xf0, 0x7f, 0xc3, 0xfe, 0x1f, 0xff, 0xf8, 
0x07, 0xff, 0xfe, 0x00, 0x7f, 0xc0, 0x1e, 0x1f, 0xf0, 0x7f, 0xc3, 0xfe, 0x1f, 0xff, 0xf8, 0x07, 
0xff, 0xfe, 0x00, 0x7f, 0xc0, 0x1e, 0x1f, 0xf0, 0x7f, 0xc3, 0xfe, 0x1f, 0xff, 0xf8, 0x07, 0xff, 
0xfe, 0x00, 0x7f, 0xc0, 0x1e, 0x1f, 0xf0, 0x7f, 0xc3, 0xfe, 0x1f, 0xff, 0xf0, 0x07, 0xff, 0xfc, 
0x00, 0x7f, 0xc0, 0x1e, 0x1f, 0xf0, 0x7f, 0xc3, 0xfe, 0x1f, 0xf8, 0x00, 0x07, 0xfe, 0x00, 0x00, 
0x7f, 0xc0, 0x1e, 0x1f, 0xf0, 0x7f, 0xc3, 0xfe, 0x1f, 0xf0, 0x00, 0x07, 0xfc, 0x00, 0x00, 0x7f, 
0xc0, 0x1e, 0x1f, 0xf0, 0x7f, 0xc3, 0xfe, 0x1f, 0xf0, 0x00, 0x07, 0xfc, 0x00, 0x00, 0x7f, 0xe0, 
0x3c, 0x1f, 0xf0, 0x3f, 0xc7, 0xfe, 0x0f, 0xf8, 0x00, 0x03, 0xfe, 0x00, 0x00, 0x7f, 0xff, 0xf0, 
0x1f, 0xf0, 0x00, 0xff, 0xfe, 0x00, 0x1f, 0xff, 0x00, 0x07, 0xff, 0xc0, 0x7f, 0xff, 0xe0, 0x1f, 
0xf0, 0x00, 0x7f, 0xfe, 0x00, 0x0f, 0xff, 0x80, 0x03, 0xff, 0xe0, 0x7f, 0xff, 0xe0, 0x1f, 0xf0, 
0x00, 0x7f, 0xfe, 0x00, 0x0f, 0xff, 0x80, 0x03, 0xff, 0xe0, 0x7f, 0xff, 0xc0, 0x1f, 0xf0, 0x00, 
0x3f, 0xfe, 0x00, 0x0f, 0xff, 0x80, 0x03, 0xff, 0xe0, 0x3f, 0xff, 0x80, 0x0f, 0xe0, 0x00, 0x1f, 
0xfc, 0x00, 0x03, 0xfe, 0x00, 0x00, 0xff, 0x80, 0x00, 0x00, 0x00, 0x00, 0x00, 0x00, 0x00, 0x00, 
0x00, 0x00, 0x00, 0x00, 0x00, 0x00, 0x00
};

// 'frame_0044_interp_00_44', 116x25px
static const uint8_t digeeBootup_0044[] = {
0x00, 0x00, 0x00, 0x00, 0x00, 0x00, 0x00, 0x00, 0x00, 0x00, 0x00, 0x00, 0x00, 0x00, 0x00, 0x3f, 
0xff, 0x80, 0x0f, 0xe0, 0x00, 0x1f, 0xfc, 0x00, 0x07, 0xf0, 0x00, 0x01, 0xfc, 0x00, 0x7f, 0xff, 
0xc0, 0x1f, 0xf0, 0x00, 0x3f, 0xfe, 0x00, 0x0f, 0xf8, 0x00, 0x03, 0xfe, 0x00, 0x7f, 0xff, 0xe0, 
0x1f, 0xf0, 0x00, 0x7f, 0xfe, 0x00, 0x0f, 0xf8, 0x00, 0x03, 0xfe, 0x00, 0x7f, 0xff, 0xe0, 0x1f, 
0xf0, 0x00, 0x7f, 0xfe, 0x00, 0x0f, 0xf8, 0x00, 0x03, 0xfe, 0x00, 0x7f, 0xff, 0xf0, 0x0f, 0xe0, 
0x00, 0xff, 0xfc, 0x00, 0x1f, 0xfc, 0x00, 0x07, 0xff, 0x00, 0x7f, 0xe0, 0x3c, 0x00, 0x00, 0x3f, 
0xc0, 0x00, 0x0f, 0xf8, 0x0f, 0x03, 0xfe, 0x03, 0xc0, 0x7f, 0xc0, 0x1e, 0x00, 0x00, 0x7f, 0xc0, 
0x00, 0x1f, 0xf0, 0x07, 0x87, 0xfc, 0x01, 0xe0, 0x7f, 0xc0, 0x1e, 0x00, 0x00, 0x7f, 0xc0, 0x00, 
0x1f, 0xf0, 0x07, 0x87, 0xfc, 0x01, 0xe0, 0x7f, 0xc0, 0x1e, 0x00, 0x00, 0x7f, 0xc0, 0x00, 0x1f, 
0xf8, 0x0f, 0x07, 0xfe, 0x03, 0xc0, 0x7f, 0xc0, 0x1e, 0x0f, 0xe0, 0x7f, 0xc1, 0xfc, 0x1f, 0xff, 
0xfc, 0x07, 0xff, 0xff, 0x00, 0x7f, 0xc0, 0x1e, 0x1f, 0xf0, 0x7f, 0xc3, 0xfe, 0x1f, 0xff, 0xf8, 
0x07, 0xff, 0xfe, 0x00, 0x7f, 0xc0, 0x1e, 0x1f, 0xf0, 0x7f, 0xc3, 0xfe, 0x1f, 0xff, 0xf8, 0x07, 
0xff, 0xfe, 0x00, 0x7f, 0xc0, 0x1e, 0x1f, 0xf0, 0x7f, 0xc3, 0xfe, 0x1f, 0xff, 0xf8, 0x07, 0xff, 
0xfe, 0x00, 0x7f, 0xc0, 0x1e, 0x1f, 0xf0, 0x7f, 0xc3, 0xfe, 0x1f, 0xff, 0xf0, 0x07, 0xff, 0xfc, 
0x00, 0x7f, 0xc0, 0x1e, 0x1f, 0xf0, 0x7f, 0xc3, 0xfe, 0x1f, 0xf8, 0x00, 0x07, 0xfe, 0x00, 0x00, 
0x7f, 0xc0, 0x1e, 0x1f, 0xf0, 0x7f, 0xc3, 0xfe, 0x1f, 0xf0, 0x00, 0x07, 0xfc, 0x00, 0x00, 0x7f, 
0xc0, 0x1e, 0x1f, 0xf0, 0x7f, 0xc3, 0xfe, 0x1f, 0xf0, 0x00, 0x07, 0xfc, 0x00, 0x00, 0x7f, 0xe0, 
0x3c, 0x1f, 0xf0, 0x3f, 0xc7, 0xfe, 0x0f, 0xf8, 0x00, 0x03, 0xfe, 0x00, 0x00, 0x7f, 0xff, 0xf0, 
0x1f, 0xf0, 0x00, 0xff, 0xfe, 0x00, 0x1f, 0xff, 0x00, 0x07, 0xff, 0xc0, 0x7f, 0xff, 0xe0, 0x1f, 
0xf0, 0x00, 0x7f, 0xfe, 0x00, 0x0f, 0xff, 0x80, 0x03, 0xff, 0xe0, 0x7f, 0xff, 0xe0, 0x1f, 0xf0, 
0x00, 0x7f, 0xfe, 0x00, 0x0f, 0xff, 0x80, 0x03, 0xff, 0xe0, 0x7f, 0xff, 0xc0, 0x1f, 0xf0, 0x00, 
0x3f, 0xfe, 0x00, 0x0f, 0xff, 0x80, 0x03, 0xff, 0xe0, 0x3f, 0xff, 0x80, 0x0f, 0xe0, 0x00, 0x1f, 
0xfc, 0x00, 0x03, 0xfe, 0x00, 0x00, 0xff, 0x80, 0x00, 0x00, 0x00, 0x00, 0x00, 0x00, 0x00, 0x00, 
0x00, 0x00, 0x00, 0x00, 0x00, 0x00, 0x00
};

// 'frame_0045_Frame10', 116x25px
static const uint8_t digeeBootup_logo[] = {
0x00, 0x00, 0x00, 0x00, 0x00, 0x00, 0x00, 0x00, 0x00, 0x00, 0x00, 0x00, 0x00, 0x00, 0x00, 0x3f, 
0xff, 0x80, 0x0f, 0xe0, 0x00, 0x1f, 0xfc, 0x00, 0x07, 0xf0, 0x00, 0x01, 0xfc, 0x00, 0x7f, 0xff, 
0xc0, 0x1f, 0xf0, 0x00, 0x3f, 0xfe, 0x00, 0x0f, 0xf8, 0x00, 0x03, 0xfe, 0x00, 0x7f, 0xff, 0xe0, 
0x1f, 0xf0, 0x00, 0x7f, 0xfe, 0x00, 0x0f, 0xf8, 0x00, 0x03, 0xfe, 0x00, 0x7f, 0xff, 0xe0, 0x1f, 
0xf0, 0x00, 0x7f, 0xfe, 0x00, 0x0f, 0xf8, 0x00, 0x03, 0xfe, 0x00, 0x7f, 0xff, 0xf0, 0x0f, 0xe0, 
0x00, 0xff, 0xfc, 0x00, 0x1f, 0xfc, 0x00, 0x07, 0xff, 0x00, 0x7f, 0xe0, 0x3c, 0x00, 0x00, 0x3f, 
0xc0, 0x00, 0x0f, 0xf8, 0x0f, 0x03, 0xfe, 0x03, 0xc0, 0x7f, 0xc0, 0x1e, 0x00, 0x00, 0x7f, 0xc0, 
0x00, 0x1f, 0xf0, 0x07, 0x87, 0xfc, 0x01, 0xe0, 0x7f, 0xc0, 0x1e, 0x00, 0x00, 0x7f, 0xc0, 0x00, 
0x1f, 0xf0, 0x07, 0x87, 0xfc, 0x01, 0xe0, 0x7f, 0xc0, 0x1e, 0x00, 0x00, 0x7f, 0xc0, 0x00, 0x1f, 
0xf8, 0x0f, 0x07, 0xfe, 0x03, 0xc0, 0x7f, 0xc0, 0x1e, 0x0f, 0xe0, 0x7f, 0xc1, 0xfc, 0x1f, 0xff, 
0xfc, 0x07, 0xff, 0xff, 0x00, 0x7f, 0xc0, 0x1e, 0x1f, 0xf0, 0x7f, 0xc3, 0xfe, 0x1f, 0xff, 0xf8, 
0x07, 0xff, 0xfe, 0x00, 0x7f, 0xc0, 0x1e, 0x1f, 0xf0, 0x7f, 0xc3, 0xfe, 0x1f, 0xff, 0xf8, 0x07, 
0xff, 0xfe, 0x00, 0x7f, 0xc0, 0x1e, 0x1f, 0xf0, 0x7f, 0xc3, 0xfe, 0x1f, 0xff, 0xf8, 0x07, 0xff, 
0xfe, 0x00, 0x7f, 0xc0, 0x1e, 0x1f, 0xf0, 0x7f, 0xc3, 0xfe, 0x1f, 0xff, 0xf0, 0x07, 0xff, 0xfc, 
0x00, 0x7f, 0xc0, 0x1e, 0x1f, 0xf0, 0x7f, 0xc3, 0xfe, 0x1f, 0xf8, 0x00, 0x07, 0xfe, 0x00, 0x00, 
0x7f, 0xc0, 0x1e, 0x1f, 0xf0, 0x7f, 0xc3, 0xfe, 0x1f, 0xf0, 0x00, 0x07, 0xfc, 0x00, 0x00, 0x7f, 
0xc0, 0x1e, 0x1f, 0xf0, 0x7f, 0xc3, 0xfe, 0x1f, 0xf0, 0x00, 0x07, 0xfc, 0x00, 0x00, 0x7f, 0xe0, 
0x3c, 0x1f, 0xf0, 0x3f, 0xc7, 0xfe, 0x0f, 0xf8, 0x00, 0x03, 0xfe, 0x00, 0x00, 0x7f, 0xff, 0xf0, 
0x1f, 0xf0, 0x00, 0xff, 0xfe, 0x00, 0x1f, 0xff, 0x00, 0x07, 0xff, 0xc0, 0x7f, 0xff, 0xe0, 0x1f, 
0xf0, 0x00, 0x7f, 0xfe, 0x00, 0x0f, 0xff, 0x80, 0x03, 0xff, 0xe0, 0x7f, 0xff, 0xe0, 0x1f, 0xf0, 
0x00, 0x7f, 0xfe, 0x00, 0x0f, 0xff, 0x80, 0x03, 0xff, 0xe0, 0x7f, 0xff, 0xc0, 0x1f, 0xf0, 0x00, 
0x3f, 0xfe, 0x00, 0x0f, 0xff, 0x80, 0x03, 0xff, 0xe0, 0x3f, 0xff, 0x80, 0x0f, 0xe0, 0x00, 0x1f, 
0xfc, 0x00, 0x03, 0xfe, 0x00, 0x00, 0xff, 0x80, 0x00, 0x00, 0x00, 0x00, 0x00, 0x00, 0x00, 0x00, 
0x00, 0x00, 0x00, 0x00, 0x00, 0x00, 0x00
};

// Frame pointer table (46 total)
static const uint8_t* digeeBootup_frames[] = {
  digeeBootup_0000,
  digeeBootup_0001,
  digeeBootup_0002,
  digeeBootup_0003,
  digeeBootup_0004,
  digeeBootup_0005,
  digeeBootup_0006,
  digeeBootup_0007,
  digeeBootup_0008,
  digeeBootup_0009,
  digeeBootup_0010,
  digeeBootup_0011,
  digeeBootup_0012,
  digeeBootup_0013,
  digeeBootup_0014,
  digeeBootup_0015,
  digeeBootup_0016,
  digeeBootup_0017,
  digeeBootup_0018,
  digeeBootup_0019,
  digeeBootup_0020,
  digeeBootup_0021,
  digeeBootup_0022,
  digeeBootup_0023,
  digeeBootup_0024,
  digeeBootup_0025,
  digeeBootup_0026,
  digeeBootup_0027,
  digeeBootup_0028,
  digeeBootup_0029,
  digeeBootup_0030,
  digeeBootup_0031,
  digeeBootup_0032,
  digeeBootup_0033,
  digeeBootup_0034,
  digeeBootup_0035,
  digeeBootup_0036,
  digeeBootup_0037,
  digeeBootup_0038,
  digeeBootup_0039,
  digeeBootup_0040,
  digeeBootup_0041,
  digeeBootup_0042,
  digeeBootup_0043,
  digeeBootup_0044,
  digeeBootup_logo,
};

#define DIGEEBOOTUP_COUNT 46

#endif // BOOTUPBMPCUBIC_H
